{
  "type" : "FeatureCollection",
  "features" : [{"type":"Feature","id":1,"geometry":{"type":"LineString","coordinates":[[106.33441547758957,10.771071867176817],[106.33443256568921,10.771027506956028],[106.3360307165097,10.770570129393858],[106.33720467853351,10.770265051061081],[106.3372634760775,10.770286905687747],[106.33733872938176,10.772684361881836],[106.33730790008323,10.772689839467704],[106.33441547758957,10.771071867176817]]},"properties":{"OBJECTID":1,"maNhanDang":"","phienBan":0,"ngayPhienBan":1787702400000,"giaTriDoChinhXacMatPhang":0,"nguyenNhanThayDoi":null,"maDoiTuong":"KE03","loaiTrangThaiDuongBoNuoc":1,"loaiDuongBoNuoc":"Phá","SHAPE_Length":959.00270384315797}},{"type":"Feature","id":2,"geometry":{"type":"LineString","coordinates":[[106.33624162244155,10.772774013478383],[106.33643807013794,10.772886685014386],[106.33703328904805,10.773228067220062],[106.33730866835033,10.773395724245139],[106.33733646794859,10.773445207156014],[106.33735128025465,10.773599651647398],[106.33736568640076,10.773937014227386],[106.33741548126717,10.775690403585529],[106.33738638303879,10.775746574356681],[106.33624469324745,10.776082231395886],[106.33494983983648,10.776442549850231],[106.33389059638296,10.776798253051622]]},"properties":{"OBJECTID":2,"maNhanDang":"","phienBan":0,"ngayPhienBan":1787702400000,"giaTriDoChinhXacMatPhang":0,"nguyenNhanThayDoi":null,"maDoiTuong":"KE03","loaiTrangThaiDuongBoNuoc":1,"loaiDuongBoNuoc":"Phá","SHAPE_Length":796.93834303383267}},{"type":"Feature","id":3,"geometry":{"type":"LineString","coordinates":[[106.3397054180998,10.775337951016704],[106.33949413195128,10.775651549053444],[106.33964299322466,10.775741867366817]]},"properties":{"OBJECTID":3,"maNhanDang":"","phienBan":0,"ngayPhienBan":1787702400000,"giaTriDoChinhXacMatPhang":0,"nguyenNhanThayDoi":null,"maDoiTuong":"KE03","loaiTrangThaiDuongBoNuoc":1,"loaiDuongBoNuoc":"Phá","SHAPE_Length":60.779018178480541}},{"type":"Feature","id":4,"geometry":{"type":"LineString","coordinates":[[106.33964603044159,10.775912689209932],[106.33954367517345,10.776086798175466]]},"properties":{"OBJECTID":4,"maNhanDang":"","phienBan":0,"ngayPhienBan":1787702400000,"giaTriDoChinhXacMatPhang":0,"nguyenNhanThayDoi":null,"maDoiTuong":"KE03","loaiTrangThaiDuongBoNuoc":1,"loaiDuongBoNuoc":"Phá","SHAPE_Length":22.274800816238685}},{"type":"Feature","id":5,"geometry":{"type":"LineString","coordinates":[[106.33921492379571,10.77616565692977],[106.33942701210592,10.776126789600278],[106.33957540613054,10.775867904353881],[106.33943632822481,10.775785810972994],[106.33921492379571,10.77616565692977]]},"properties":{"OBJECTID":5,"maNhanDang":"","phienBan":0,"ngayPhienBan":1787702400000,"giaTriDoChinhXacMatPhang":0,"nguyenNhanThayDoi":null,"maDoiTuong":"KE03","loaiTrangThaiDuongBoNuoc":1,"loaiDuongBoNuoc":"Phá","SHAPE_Length":122.7098736079796}},{"type":"Feature","id":6,"geometry":{"type":"LineString","coordinates":[[106.33880410239711,10.776366619751862],[106.33906549674757,10.776240559908322],[106.33965485476841,10.775309759793769],[106.33960781013371,10.775283529185975]]},"properties":{"OBJECTID":6,"maNhanDang":"","phienBan":0,"ngayPhienBan":1787702400000,"giaTriDoChinhXacMatPhang":0,"nguyenNhanThayDoi":null,"maDoiTuong":"KE03","loaiTrangThaiDuongBoNuoc":1,"loaiDuongBoNuoc":"Phá","SHAPE_Length":159.17810453484273}},{"type":"Feature","id":7,"geometry":{"type":"LineString","coordinates":[[106.33981867325113,10.774840177461828],[106.33975303552545,10.774792233261504],[106.33880410239711,10.776366619751862]]},"properties":{"OBJECTID":7,"maNhanDang":"","phienBan":0,"ngayPhienBan":1787702400000,"giaTriDoChinhXacMatPhang":0,"nguyenNhanThayDoi":null,"maDoiTuong":"KE03","loaiTrangThaiDuongBoNuoc":1,"loaiDuongBoNuoc":"Phá","SHAPE_Length":211.64262107992661}},{"type":"Feature","id":8,"geometry":{"type":"LineString","coordinates":[[106.33877768543599,10.776412487862325],[106.33867323009187,10.776450148557542],[106.33969548196382,10.774757043152972],[106.33955137474432,10.774679270105869],[106.33852207203044,10.776322297776023],[106.33850088725802,10.776357879941141]]},"properties":{"OBJECTID":8,"maNhanDang":"","phienBan":0,"ngayPhienBan":1787702400000,"giaTriDoChinhXacMatPhang":0,"nguyenNhanThayDoi":null,"maDoiTuong":"KE03","loaiTrangThaiDuongBoNuoc":1,"loaiDuongBoNuoc":"Phá","SHAPE_Length":466.55509264541234}},{"type":"Feature","id":9,"geometry":{"type":"LineString","coordinates":[[106.33850088725802,10.776357879941141],[106.33843160506093,10.776350626837283],[106.33948212915612,10.774637064692763],[106.33932247647503,10.774553050272669],[106.33819812693848,10.776382766019827]]},"properties":{"OBJECTID":9,"maNhanDang":"","phienBan":0,"ngayPhienBan":1787702400000,"giaTriDoChinhXacMatPhang":0,"nguyenNhanThayDoi":null,"maDoiTuong":"KE03","loaiTrangThaiDuongBoNuoc":1,"loaiDuongBoNuoc":"Phá","SHAPE_Length":485.8416795472524}},{"type":"Feature","id":10,"geometry":{"type":"LineString","coordinates":[[106.33793939708733,10.776321577616072],[106.33809572027671,10.776406573649165],[106.33926412803616,10.774515315648085],[106.33912172324641,10.774429834421889],[106.33793939708733,10.776321577616072]]},"properties":{"OBJECTID":10,"maNhanDang":"","phienBan":0,"ngayPhienBan":1787702400000,"giaTriDoChinhXacMatPhang":0,"nguyenNhanThayDoi":null,"maDoiTuong":"KE03","loaiTrangThaiDuongBoNuoc":1,"loaiDuongBoNuoc":"Phá","SHAPE_Length":528.82773737679076}},{"type":"Feature","id":11,"geometry":{"type":"LineString","coordinates":[[106.33777931869112,10.776093825987067],[106.3378285017571,10.776172212087509],[106.33788533717795,10.776283982879759],[106.33905849905992,10.774397567972478],[106.33889295250724,10.774306946516475],[106.33777931869112,10.776093825987067]]},"properties":{"OBJECTID":11,"maNhanDang":"","phienBan":0,"ngayPhienBan":1787702400000,"giaTriDoChinhXacMatPhang":0,"nguyenNhanThayDoi":null,"maDoiTuong":"KE03","loaiTrangThaiDuongBoNuoc":1,"loaiDuongBoNuoc":"Phá","SHAPE_Length":521.83187076847344}},{"type":"Feature","id":12,"geometry":{"type":"LineString","coordinates":[[106.3378065204795,10.775935880753419],[106.33883105334863,10.774264824631231],[106.338680585868,10.774189717671687],[106.33777150421571,10.77567900588719],[106.33777216298101,10.775805524236326],[106.33777548820308,10.775909482067819],[106.3378065204795,10.775935880753419]]},"properties":{"OBJECTID":12,"maNhanDang":"","phienBan":0,"ngayPhienBan":1787702400000,"giaTriDoChinhXacMatPhang":0,"nguyenNhanThayDoi":null,"maDoiTuong":"KE03","loaiTrangThaiDuongBoNuoc":1,"loaiDuongBoNuoc":"Phá","SHAPE_Length":456.95506345274003}},{"type":"Feature","id":13,"geometry":{"type":"LineString","coordinates":[[106.33774774525811,10.775243656806547],[106.33775975099934,10.775558468400016],[106.3386204959745,10.774156365680026],[106.33847098915231,10.774069255779752],[106.33774774525811,10.775243656806547]]},"properties":{"OBJECTID":13,"maNhanDang":"","phienBan":0,"ngayPhienBan":1787702400000,"giaTriDoChinhXacMatPhang":0,"nguyenNhanThayDoi":null,"maDoiTuong":"KE03","loaiTrangThaiDuongBoNuoc":1,"loaiDuongBoNuoc":"Phá","SHAPE_Length":387.3253608246817}},{"type":"Feature","id":14,"geometry":{"type":"LineString","coordinates":[[106.33772782738147,10.774787873212423],[106.33774672254771,10.775107687692318],[106.33840407456528,10.774024684177094],[106.33825796891921,10.773942066505898],[106.33772782738147,10.774787873212423]]},"properties":{"OBJECTID":14,"maNhanDang":"","phienBan":0,"ngayPhienBan":1787702400000,"giaTriDoChinhXacMatPhang":0,"nguyenNhanThayDoi":null,"maDoiTuong":"KE03","loaiTrangThaiDuongBoNuoc":1,"loaiDuongBoNuoc":"Phá","SHAPE_Length":303.60853711652663}},{"type":"Feature","id":15,"geometry":{"type":"LineString","coordinates":[[106.33771916257518,10.774341857844838],[106.33772284870214,10.77464604399365],[106.33819763458283,10.773909922766997],[106.33804628124376,10.773830497377196],[106.33771916257518,10.774341857844838]]},"properties":{"OBJECTID":15,"maNhanDang":"","phienBan":0,"ngayPhienBan":1787702400000,"giaTriDoChinhXacMatPhang":0,"nguyenNhanThayDoi":null,"maDoiTuong":"KE03","loaiTrangThaiDuongBoNuoc":1,"loaiDuongBoNuoc":"Phá","SHAPE_Length":215.88057004636391}},{"type":"Feature","id":16,"geometry":{"type":"LineString","coordinates":[[106.33771809804696,10.773871294420301],[106.33771250858858,10.773910481437524],[106.33771272568087,10.774057290429624],[106.3377168428496,10.774237702808414],[106.33798599691444,10.7737958292554],[106.33783450106985,10.773707934426811],[106.33771809804696,10.773871294420301]]},"properties":{"OBJECTID":16,"maNhanDang":"","phienBan":0,"ngayPhienBan":1787702400000,"giaTriDoChinhXacMatPhang":0,"nguyenNhanThayDoi":null,"maDoiTuong":"KE03","loaiTrangThaiDuongBoNuoc":1,"loaiDuongBoNuoc":"Phá","SHAPE_Length":138.94285127612088}},{"type":"Feature","id":17,"geometry":{"type":"LineString","coordinates":[[106.33457460658775,10.771054752707203],[106.33469616984719,10.77112207054603],[106.33540367612937,10.770922426524729],[106.33719135534803,10.770419398810763],[106.33718741847467,10.770304428344497],[106.33457460658775,10.771054752707203]]},"properties":{"OBJECTID":17,"maNhanDang":"","phienBan":0,"ngayPhienBan":1787702400000,"giaTriDoChinhXacMatPhang":0,"nguyenNhanThayDoi":null,"maDoiTuong":"KE03","loaiTrangThaiDuongBoNuoc":1,"loaiDuongBoNuoc":"Phá","SHAPE_Length":609.2609633008999}},{"type":"Feature","id":18,"geometry":{"type":"LineString","coordinates":[[106.33719263070573,10.770460368366461],[106.3347486634033,10.771160802613155],[106.33485516752394,10.77120843218629],[106.33719996910381,10.770542341806165],[106.33719263070573,10.770460368366461]]},"properties":{"OBJECTID":18,"maNhanDang":"","phienBan":0,"ngayPhienBan":1787702400000,"giaTriDoChinhXacMatPhang":0,"nguyenNhanThayDoi":null,"maDoiTuong":"KE03","loaiTrangThaiDuongBoNuoc":1,"loaiDuongBoNuoc":"Phá","SHAPE_Length":566.98768577346164}},{"type":"Feature","id":19,"geometry":{"type":"LineString","coordinates":[[106.33490144123851,10.771241297504393],[106.33498912085157,10.771291996703612],[106.33720158331282,10.770672317484506],[106.33719379577259,10.770586945483139],[106.33490144123851,10.771241297504393]]},"properties":{"OBJECTID":19,"maNhanDang":"","phienBan":0,"ngayPhienBan":1787702400000,"giaTriDoChinhXacMatPhang":0,"nguyenNhanThayDoi":null,"maDoiTuong":"KE03","loaiTrangThaiDuongBoNuoc":1,"loaiDuongBoNuoc":"Phá","SHAPE_Length":533.01999465310382}},{"type":"Feature","id":20,"geometry":{"type":"LineString","coordinates":[[106.33502746809891,10.771325417610443],[106.33513273818829,10.771380763188708],[106.33720566862348,10.770802541628939],[106.33719828767137,10.770707104425473],[106.33502746809891,10.771325417610443]]},"properties":{"OBJECTID":20,"maNhanDang":"","phienBan":0,"ngayPhienBan":1787702400000,"giaTriDoChinhXacMatPhang":0,"nguyenNhanThayDoi":null,"maDoiTuong":"KE03","loaiTrangThaiDuongBoNuoc":1,"loaiDuongBoNuoc":"Phá","SHAPE_Length":506.2486546819174}},{"type":"Feature","id":21,"geometry":{"type":"LineString","coordinates":[[106.33720746764951,10.77091841300653],[106.3372000001314,10.770833044017282],[106.33518665071271,10.771405169752811],[106.33527708887335,10.771458136564053],[106.33720746764951,10.77091841300653]]},"properties":{"OBJECTID":21,"maNhanDang":"","phienBan":0,"ngayPhienBan":1787702400000,"giaTriDoChinhXacMatPhang":0,"nguyenNhanThayDoi":null,"maDoiTuong":"KE03","loaiTrangThaiDuongBoNuoc":1,"loaiDuongBoNuoc":"Phá","SHAPE_Length":469.47213373386091}},{"type":"Feature","id":22,"geometry":{"type":"LineString","coordinates":[[106.33532735632247,10.771488949200503],[106.33542239128128,10.771542503992595],[106.33720921765355,10.771049567369651],[106.33720736756118,10.770962086614503],[106.33532735632247,10.771488949200503]]},"properties":{"OBJECTID":22,"maNhanDang":"","phienBan":0,"ngayPhienBan":1787702400000,"giaTriDoChinhXacMatPhang":0,"nguyenNhanThayDoi":null,"maDoiTuong":"KE03","loaiTrangThaiDuongBoNuoc":1,"loaiDuongBoNuoc":"Phá","SHAPE_Length":438.22892370037619}},{"type":"Feature","id":23,"geometry":{"type":"LineString","coordinates":[[106.33720716278248,10.771171651782424],[106.3372047669463,10.771086600472245],[106.33549206524316,10.771581801992701],[106.3355828268087,10.771625105082943],[106.33720716278248,10.771171651782424]]},"properties":{"OBJECTID":23,"maNhanDang":"","phienBan":0,"ngayPhienBan":1787702400000,"giaTriDoChinhXacMatPhang":0,"nguyenNhanThayDoi":null,"maDoiTuong":"KE03","loaiTrangThaiDuongBoNuoc":1,"loaiDuongBoNuoc":"Phá","SHAPE_Length":400.17741272676005}},{"type":"Feature","id":24,"geometry":{"type":"LineString","coordinates":[[106.33721047796357,10.771288531068157],[106.33720818467614,10.771199778182211],[106.33563956867576,10.771654352192213],[106.33574488864301,10.771708898231855],[106.33721047796357,10.771288531068157]]},"properties":{"OBJECTID":24,"maNhanDang":"","phienBan":0,"ngayPhienBan":1787702400000,"giaTriDoChinhXacMatPhang":0,"nguyenNhanThayDoi":null,"maDoiTuong":"KE03","loaiTrangThaiDuongBoNuoc":1,"loaiDuongBoNuoc":"Phá","SHAPE_Length":368.48362471061438}},{"type":"Feature","id":25,"geometry":{"type":"LineString","coordinates":[[106.33579585570351,10.77174114698343],[106.3358773983469,10.771789948054117],[106.33721788836648,10.771418974933013],[106.33721254764981,10.771331721392482],[106.33579585570351,10.77174114698343]]},"properties":{"OBJECTID":25,"maNhanDang":"","phienBan":0,"ngayPhienBan":1787702400000,"giaTriDoChinhXacMatPhang":0,"nguyenNhanThayDoi":null,"maDoiTuong":"KE03","loaiTrangThaiDuongBoNuoc":1,"loaiDuongBoNuoc":"Phá","SHAPE_Length":333.74948254628396}},{"type":"Feature","id":26,"geometry":{"type":"LineString","coordinates":[[106.33593349275829,10.771824798129783],[106.33603306763806,10.771882542778897],[106.3372203092277,10.771543363550446],[106.33721755620228,10.771452353097256],[106.33593349275829,10.771824798129783]]},"properties":{"OBJECTID":26,"maNhanDang":"","phienBan":0,"ngayPhienBan":1787702400000,"giaTriDoChinhXacMatPhang":0,"nguyenNhanThayDoi":null,"maDoiTuong":"KE03","loaiTrangThaiDuongBoNuoc":1,"loaiDuongBoNuoc":"Phá","SHAPE_Length":304.19951713110606}},{"type":"Feature","id":27,"geometry":{"type":"LineString","coordinates":[[106.33721996391738,10.771586001523435],[106.33609247434299,10.771916661474153],[106.33619663028402,10.771969685239988],[106.33721500428804,10.771662401877073],[106.33721996391738,10.771586001523435]]},"properties":{"OBJECTID":27,"maNhanDang":"","phienBan":0,"ngayPhienBan":1787702400000,"giaTriDoChinhXacMatPhang":0,"nguyenNhanThayDoi":null,"maDoiTuong":"KE03","loaiTrangThaiDuongBoNuoc":1,"loaiDuongBoNuoc":"Phá","SHAPE_Length":266.34311980823952}},{"type":"Feature","id":28,"geometry":{"type":"LineString","coordinates":[[106.33625259477196,10.771997839739992],[106.33634862018306,10.772046132306995],[106.33722534578467,10.771798306369432],[106.33722262359096,10.771707167477473],[106.33625259477196,10.771997839739992]]},"properties":{"OBJECTID":28,"maNhanDang":"","phienBan":0,"ngayPhienBan":1787702400000,"giaTriDoChinhXacMatPhang":0,"nguyenNhanThayDoi":null,"maDoiTuong":"KE03","loaiTrangThaiDuongBoNuoc":1,"loaiDuongBoNuoc":"Phá","SHAPE_Length":232.44400662047104}},{"type":"Feature","id":29,"geometry":{"type":"LineString","coordinates":[[106.33639802504024,10.772081862881876],[106.33649584545432,10.772134432010844],[106.3372262552614,10.771913756305613],[106.3372246914515,10.77183341016443],[106.33639802504024,10.772081862881876]]},"properties":{"OBJECTID":29,"maNhanDang":"","phienBan":0,"ngayPhienBan":1787702400000,"giaTriDoChinhXacMatPhang":0,"nguyenNhanThayDoi":null,"maDoiTuong":"KE03","loaiTrangThaiDuongBoNuoc":1,"loaiDuongBoNuoc":"Phá","SHAPE_Length":199.08484984480435}},{"type":"Feature","id":30,"geometry":{"type":"LineString","coordinates":[[106.33654551552729,10.772164502397107],[106.33666061453182,10.772223996723627],[106.33723779755323,10.772046465241619],[106.33722879278764,10.771953002060867],[106.33654551552729,10.772164502397107]]},"properties":{"OBJECTID":30,"maNhanDang":"","phienBan":0,"ngayPhienBan":1787702400000,"giaTriDoChinhXacMatPhang":0,"nguyenNhanThayDoi":null,"maDoiTuong":"KE03","loaiTrangThaiDuongBoNuoc":1,"loaiDuongBoNuoc":"Phá","SHAPE_Length":168.99892478261009}},{"type":"Feature","id":31,"geometry":{"type":"LineString","coordinates":[[106.3366994771571,10.772246704662965],[106.33679428427949,10.772300409519241],[106.3372460558074,10.772165206640279],[106.33724035234869,10.772090846246941],[106.3366994771571,10.772246704662965]]},"properties":{"OBJECTID":31,"maNhanDang":"","phienBan":0,"ngayPhienBan":1787702400000,"giaTriDoChinhXacMatPhang":0,"nguyenNhanThayDoi":null,"maDoiTuong":"KE03","loaiTrangThaiDuongBoNuoc":1,"loaiDuongBoNuoc":"Phá","SHAPE_Length":133.43339540137129}},{"type":"Feature","id":32,"geometry":{"type":"LineString","coordinates":[[106.33684485851613,10.772334624341751],[106.33693722408718,10.772390096767126],[106.33724728445489,10.772297191942362],[106.33724558982317,10.772210683711492],[106.33684485851613,10.772334624341751]]},"properties":{"OBJECTID":32,"maNhanDang":"","phienBan":0,"ngayPhienBan":1787702400000,"giaTriDoChinhXacMatPhang":0,"nguyenNhanThayDoi":null,"maDoiTuong":"KE03","loaiTrangThaiDuongBoNuoc":1,"loaiDuongBoNuoc":"Phá","SHAPE_Length":102.74186852563412}},{"type":"Feature","id":33,"geometry":{"type":"LineString","coordinates":[[106.33699322368773,10.772423087989452],[106.33710174185525,10.77248101604672],[106.33726015365177,10.7724191106481],[106.33725676821334,10.772333950921047],[106.33699322368773,10.772423087989452]]},"properties":{"OBJECTID":33,"maNhanDang":"","phienBan":0,"ngayPhienBan":1787702400000,"giaTriDoChinhXacMatPhang":0,"nguyenNhanThayDoi":null,"maDoiTuong":"KE03","loaiTrangThaiDuongBoNuoc":1,"loaiDuongBoNuoc":"Phá","SHAPE_Length":72.0047186309408}},{"type":"Feature","id":34,"geometry":{"type":"LineString","coordinates":[[106.33714637810573,10.772508558962176],[106.33725808756726,10.77258068431396],[106.33726631524438,10.772550573073369],[106.33726896193711,10.772464015030755],[106.33714637810573,10.772508558962176]]},"properties":{"OBJECTID":34,"maNhanDang":"","phienBan":0,"ngayPhienBan":1787702400000,"giaTriDoChinhXacMatPhang":0,"nguyenNhanThayDoi":null,"maDoiTuong":"KE03","loaiTrangThaiDuongBoNuoc":1,"loaiDuongBoNuoc":"Phá","SHAPE_Length":41.902428281891716}},{"type":"Feature","id":35,"geometry":{"type":"LineString","coordinates":[[106.33610773405212,10.772999682140737],[106.33638914700485,10.7729194661854],[106.33629039395647,10.772863255281273],[106.33605687042967,10.772942563296052]]},"properties":{"OBJECTID":35,"maNhanDang":"","phienBan":0,"ngayPhienBan":1787702400000,"giaTriDoChinhXacMatPhang":0,"nguyenNhanThayDoi":null,"maDoiTuong":"KE03","loaiTrangThaiDuongBoNuoc":1,"loaiDuongBoNuoc":"Phá","SHAPE_Length":71.495692895907794}},{"type":"Feature","id":36,"geometry":{"type":"LineString","coordinates":[[106.33602340023933,10.773141828587612],[106.33651390365645,10.773001523062232],[106.33643106037383,10.772947066792128],[106.33607914338894,10.773047870449515]]},"properties":{"OBJECTID":36,"maNhanDang":"","phienBan":0,"ngayPhienBan":1787702400000,"giaTriDoChinhXacMatPhang":0,"nguyenNhanThayDoi":null,"maDoiTuong":"KE03","loaiTrangThaiDuongBoNuoc":1,"loaiDuongBoNuoc":"Phá","SHAPE_Length":106.79289867395045}},{"type":"Feature","id":37,"geometry":{"type":"LineString","coordinates":[[106.33592801285192,10.773302604082218],[106.3366697483325,10.773090770111587],[106.33657322900335,10.77303692743212],[106.335986318927,10.773204328560146]]},"properties":{"OBJECTID":37,"maNhanDang":"","phienBan":0,"ngayPhienBan":1787702400000,"giaTriDoChinhXacMatPhang":0,"nguyenNhanThayDoi":null,"maDoiTuong":"KE03","loaiTrangThaiDuongBoNuoc":1,"loaiDuongBoNuoc":"Phá","SHAPE_Length":163.36017805264174}},{"type":"Feature","id":38,"geometry":{"type":"LineString","coordinates":[[106.3358368943817,10.77345618389257],[106.33681818491094,10.773176271858574],[106.33671752579896,10.773118934584392],[106.33589770687553,10.773353685120286]]},"properties":{"OBJECTID":38,"maNhanDang":"","phienBan":0,"ngayPhienBan":1787702400000,"giaTriDoChinhXacMatPhang":0,"nguyenNhanThayDoi":null,"maDoiTuong":"KE03","loaiTrangThaiDuongBoNuoc":1,"loaiDuongBoNuoc":"Phá","SHAPE_Length":217.74321075308754}},{"type":"Feature","id":39,"geometry":{"type":"LineString","coordinates":[[106.33574462562926,10.773611702433936],[106.33696669541678,10.773263077100742],[106.33686332433251,10.773203909691574],[106.33580751983153,10.773505695454123]]},"properties":{"OBJECTID":39,"maNhanDang":"","phienBan":0,"ngayPhienBan":1787702400000,"giaTriDoChinhXacMatPhang":0,"nguyenNhanThayDoi":null,"maDoiTuong":"KE03","loaiTrangThaiDuongBoNuoc":1,"loaiDuongBoNuoc":"Phá","SHAPE_Length":272.36122404697551}},{"type":"Feature","id":40,"geometry":{"type":"LineString","coordinates":[[106.33565115555754,10.773769248403589],[106.33711984485282,10.773350473801427],[106.33701406709065,10.773286591607215],[106.33571770091031,10.773657086665219]]},"properties":{"OBJECTID":40,"maNhanDang":"","phienBan":0,"ngayPhienBan":1787702400000,"giaTriDoChinhXacMatPhang":0,"nguyenNhanThayDoi":null,"maDoiTuong":"KE03","loaiTrangThaiDuongBoNuoc":1,"loaiDuongBoNuoc":"Phá","SHAPE_Length":328.30387069514745}},{"type":"Feature","id":41,"geometry":{"type":"LineString","coordinates":[[106.33556758873175,10.773910100429839],[106.33726119504468,10.773427360023639],[106.33716821069288,10.773376460014887],[106.33562232414565,10.773817843974847]]},"properties":{"OBJECTID":41,"maNhanDang":"","phienBan":0,"ngayPhienBan":1787702400000,"giaTriDoChinhXacMatPhang":0,"nguyenNhanThayDoi":null,"maDoiTuong":"KE03","loaiTrangThaiDuongBoNuoc":1,"loaiDuongBoNuoc":"Phá","SHAPE_Length":380.35986098532595}},{"type":"Feature","id":42,"geometry":{"type":"LineString","coordinates":[[106.33547120197214,10.77407255931343],[106.33728945307729,10.773553916517752],[106.33727756230769,10.77347547048026],[106.33552970519619,10.773973950786084]]},"properties":{"OBJECTID":42,"maNhanDang":"","phienBan":0,"ngayPhienBan":1787702400000,"giaTriDoChinhXacMatPhang":0,"nguyenNhanThayDoi":null,"maDoiTuong":"KE03","loaiTrangThaiDuongBoNuoc":1,"loaiDuongBoNuoc":"Phá","SHAPE_Length":414.6814323403886}},{"type":"Feature","id":43,"geometry":{"type":"LineString","coordinates":[[106.33538060802664,10.774225255613739],[106.33729880834153,10.773679091199096],[106.33729162584996,10.773600263752646],[106.33543764394042,10.77412911987255]]},"properties":{"OBJECTID":43,"maNhanDang":"","phienBan":0,"ngayPhienBan":1787702400000,"giaTriDoChinhXacMatPhang":0,"nguyenNhanThayDoi":null,"maDoiTuong":"KE03","loaiTrangThaiDuongBoNuoc":1,"loaiDuongBoNuoc":"Phá","SHAPE_Length":438.0910330745786}},{"type":"Feature","id":44,"geometry":{"type":"LineString","coordinates":[[106.33529047516345,10.774377173494486],[106.33730352073945,10.773803486302343],[106.3373021608931,10.773723671396473],[106.33534650858503,10.7742827285189]]},"properties":{"OBJECTID":44,"maNhanDang":"","phienBan":0,"ngayPhienBan":1787702400000,"giaTriDoChinhXacMatPhang":0,"nguyenNhanThayDoi":null,"maDoiTuong":"KE03","loaiTrangThaiDuongBoNuoc":1,"loaiDuongBoNuoc":"Phá","SHAPE_Length":460.58547152095502}},{"type":"Feature","id":45,"geometry":{"type":"LineString","coordinates":[[106.33520110050247,10.774527811523976],[106.33730904509049,10.773925984874081],[106.33730333151961,10.773847387903594],[106.33525904065144,10.774430155217409]]},"properties":{"OBJECTID":45,"maNhanDang":"","phienBan":0,"ngayPhienBan":1787702400000,"giaTriDoChinhXacMatPhang":0,"nguyenNhanThayDoi":null,"maDoiTuong":"KE03","loaiTrangThaiDuongBoNuoc":1,"loaiDuongBoNuoc":"Phá","SHAPE_Length":481.34732369888684}},{"type":"Feature","id":46,"geometry":{"type":"LineString","coordinates":[[106.3351154279173,10.774672215104818],[106.33731194574992,10.774043110835281],[106.33730678948757,10.773962391793093],[106.3351748373063,10.774572078805942]]},"properties":{"OBJECTID":46,"maNhanDang":"","phienBan":0,"ngayPhienBan":1787702400000,"giaTriDoChinhXacMatPhang":0,"nguyenNhanThayDoi":null,"maDoiTuong":"KE03","loaiTrangThaiDuongBoNuoc":1,"loaiDuongBoNuoc":"Phá","SHAPE_Length":501.75759627391244}},{"type":"Feature","id":47,"geometry":{"type":"LineString","coordinates":[[106.33501668559596,10.774838641882711],[106.3373139067445,10.774184925904787],[106.33730782234019,10.774091446360064],[106.3350824585291,10.774727783625766]]},"properties":{"OBJECTID":47,"maNhanDang":"","phienBan":0,"ngayPhienBan":1787702400000,"giaTriDoChinhXacMatPhang":0,"nguyenNhanThayDoi":null,"maDoiTuong":"KE03","loaiTrangThaiDuongBoNuoc":1,"loaiDuongBoNuoc":"Phá","SHAPE_Length":525.14131840841867}},{"type":"Feature","id":48,"geometry":{"type":"LineString","coordinates":[[106.3349287744028,10.774986814313676],[106.33732220419354,10.774303063268395],[106.33731644499339,10.774224520632961],[106.334987254276,10.774888247509244]]},"properties":{"OBJECTID":48,"maNhanDang":"","phienBan":0,"ngayPhienBan":1787702400000,"giaTriDoChinhXacMatPhang":0,"nguyenNhanThayDoi":null,"maDoiTuong":"KE03","loaiTrangThaiDuongBoNuoc":1,"loaiDuongBoNuoc":"Phá","SHAPE_Length":546.27039992024618}},{"type":"Feature","id":49,"geometry":{"type":"LineString","coordinates":[[106.33484264950141,10.775131978125241],[106.33732737052847,10.77442010356361],[106.33732389299863,10.774352568531343],[106.33489445788567,10.775044656457265]]},"properties":{"OBJECTID":49,"maNhanDang":"","phienBan":0,"ngayPhienBan":1787702400000,"giaTriDoChinhXacMatPhang":0,"nguyenNhanThayDoi":null,"maDoiTuong":"KE03","loaiTrangThaiDuongBoNuoc":1,"loaiDuongBoNuoc":"Phá","SHAPE_Length":566.89780712165714}},{"type":"Feature","id":50,"geometry":{"type":"LineString","coordinates":[[106.3347495282719,10.775288814382922],[106.33732320230862,10.774552871172576],[106.33732233846096,10.774469502221846],[106.33480937925282,10.775188055292213]]},"properties":{"OBJECTID":50,"maNhanDang":"","phienBan":0,"ngayPhienBan":1787702400000,"giaTriDoChinhXacMatPhang":0,"nguyenNhanThayDoi":null,"maDoiTuong":"KE03","loaiTrangThaiDuongBoNuoc":1,"loaiDuongBoNuoc":"Phá","SHAPE_Length":588.31264618195792}},{"type":"Feature","id":51,"geometry":{"type":"LineString","coordinates":[[106.33464797779938,10.775443550926457],[106.33733128963655,10.774676753575873],[106.33732426634995,10.774600833417535],[106.33471467426558,10.775344881871982]]},"properties":{"OBJECTID":51,"maNhanDang":"","phienBan":0,"ngayPhienBan":1787702400000,"giaTriDoChinhXacMatPhang":0,"nguyenNhanThayDoi":null,"maDoiTuong":"KE03","loaiTrangThaiDuongBoNuoc":1,"loaiDuongBoNuoc":"Phá","SHAPE_Length":610.92527432394991}},{"type":"Feature","id":52,"geometry":{"type":"LineString","coordinates":[[106.33452709572451,10.775599407016799],[106.3373383018704,10.774795081422663],[106.33733444510077,10.774715877001137],[106.33460990272006,10.775495521679057]]},"properties":{"OBJECTID":52,"maNhanDang":"","phienBan":0,"ngayPhienBan":1787702400000,"giaTriDoChinhXacMatPhang":0,"nguyenNhanThayDoi":null,"maDoiTuong":"KE03","loaiTrangThaiDuongBoNuoc":1,"loaiDuongBoNuoc":"Phá","SHAPE_Length":639.0232796986777}},{"type":"Feature","id":53,"geometry":{"type":"LineString","coordinates":[[106.33436020429065,10.77577832118849],[106.33734117105055,10.774924250034497],[106.33734028407827,10.774845938659769],[106.33447268057941,10.775661782212062]]},"properties":{"OBJECTID":53,"maNhanDang":"","phienBan":0,"ngayPhienBan":1787702400000,"giaTriDoChinhXacMatPhang":0,"nguyenNhanThayDoi":null,"maDoiTuong":"KE03","loaiTrangThaiDuongBoNuoc":1,"loaiDuongBoNuoc":"Phá","SHAPE_Length":674.42055709320573}},{"type":"Feature","id":54,"geometry":{"type":"LineString","coordinates":[[106.33406502592663,10.775985267314018],[106.33734166438298,10.775048548246218],[106.33733959243253,10.77497781365936],[106.33428230496044,10.77585061882818]]},"properties":{"OBJECTID":54,"maNhanDang":"","phienBan":0,"ngayPhienBan":1787702400000,"giaTriDoChinhXacMatPhang":0,"nguyenNhanThayDoi":null,"maDoiTuong":"KE03","loaiTrangThaiDuongBoNuoc":1,"loaiDuongBoNuoc":"Phá","SHAPE_Length":728.86544387255276}},{"type":"Feature","id":55,"geometry":{"type":"LineString","coordinates":[[106.33401863900862,10.776130233061499],[106.33734891246341,10.775180039323581],[106.33734413576859,10.775093263914872],[106.33404839295905,10.776037250026024]]},"properties":{"OBJECTID":55,"maNhanDang":"","phienBan":0,"ngayPhienBan":1787702400000,"giaTriDoChinhXacMatPhang":0,"nguyenNhanThayDoi":null,"maDoiTuong":"KE03","loaiTrangThaiDuongBoNuoc":1,"loaiDuongBoNuoc":"Phá","SHAPE_Length":763.93832499843313}},{"type":"Feature","id":56,"geometry":{"type":"LineString","coordinates":[[106.33397477334364,10.776267312112548],[106.33735001452933,10.775303264117955],[106.33734996374463,10.775223300275719],[106.33400228051302,10.776181356359603]]},"properties":{"OBJECTID":56,"maNhanDang":"","phienBan":0,"ngayPhienBan":1787702400000,"giaTriDoChinhXacMatPhang":0,"nguyenNhanThayDoi":null,"maDoiTuong":"KE03","loaiTrangThaiDuongBoNuoc":1,"loaiDuongBoNuoc":"Phá","SHAPE_Length":774.20943579643574}},{"type":"Feature","id":57,"geometry":{"type":"LineString","coordinates":[[106.33392742653616,10.776415275842696],[106.33736111812875,10.775439718620968],[106.33735484206315,10.775350228334567],[106.33395696968152,10.776322956821089]]},"properties":{"OBJECTID":57,"maNhanDang":"","phienBan":0,"ngayPhienBan":1787702400000,"giaTriDoChinhXacMatPhang":0,"nguyenNhanThayDoi":null,"maDoiTuong":"KE03","loaiTrangThaiDuongBoNuoc":1,"loaiDuongBoNuoc":"Phá","SHAPE_Length":787.50518328438352}},{"type":"Feature","id":58,"geometry":{"type":"LineString","coordinates":[[106.33388585308094,10.776545200944854],[106.33736090342414,10.775552528880526],[106.33735865340432,10.775478621246593],[106.33391273495388,10.776461191999092]]},"properties":{"OBJECTID":58,"maNhanDang":"","phienBan":0,"ngayPhienBan":1787702400000,"giaTriDoChinhXacMatPhang":0,"nguyenNhanThayDoi":null,"maDoiTuong":"KE03","loaiTrangThaiDuongBoNuoc":1,"loaiDuongBoNuoc":"Phá","SHAPE_Length":795.98188218710516}},{"type":"Feature","id":59,"geometry":{"type":"LineString","coordinates":[[106.33378193145448,10.776729236333862],[106.3373601887053,10.775687582729544],[106.33735889526427,10.775602428100312],[106.33386798210786,10.776601044677673]]},"properties":{"OBJECTID":59,"maNhanDang":"","phienBan":0,"ngayPhienBan":1787702400000,"giaTriDoChinhXacMatPhang":0,"nguyenNhanThayDoi":null,"maDoiTuong":"KE03","loaiTrangThaiDuongBoNuoc":1,"loaiDuongBoNuoc":"Phá","SHAPE_Length":814.79551488219158}},{"type":"Feature","id":60,"geometry":{"type":"LineString","coordinates":[[106.34518697314314,10.777054565744912],[106.34516755024606,10.777087362129716],[106.34458805022548,10.776772253872029],[106.34390307902099,10.776373063010059],[106.34308912731963,10.775921681542627],[106.34213297434832,10.775386392579007],[106.34201195552356,10.775315791313281],[106.34196179287815,10.775242868545577],[106.34197783614356,10.775200538757085],[106.34202453663545,10.775126371347518],[106.34264565137406,10.774129632791475],[106.34376624698716,10.772342458303774],[106.34385425752433,10.772406258264629],[106.34391057300603,10.772446111506421]]},"properties":{"OBJECTID":60,"maNhanDang":"","phienBan":0,"ngayPhienBan":1787702400000,"giaTriDoChinhXacMatPhang":0,"nguyenNhanThayDoi":null,"maDoiTuong":"KE03","loaiTrangThaiDuongBoNuoc":1,"loaiDuongBoNuoc":"Phá","SHAPE_Length":807.08617780091186}},{"type":"Feature","id":61,"geometry":{"type":"LineString","coordinates":[[106.33761931459442,10.77190409703995],[106.33762551887389,10.772018837156679],[106.33921770955544,10.769458124268221],[106.33915622860717,10.769423671968374],[106.33761931459442,10.77190409703995]]},"properties":{"OBJECTID":61,"maNhanDang":"","phienBan":0,"ngayPhienBan":1787702400000,"giaTriDoChinhXacMatPhang":0,"nguyenNhanThayDoi":null,"maDoiTuong":"KE03","loaiTrangThaiDuongBoNuoc":1,"loaiDuongBoNuoc":"Phá","SHAPE_Length":674.66789279104717}},{"type":"Feature","id":62,"geometry":{"type":"LineString","coordinates":[[106.33911364409687,10.769401575333838],[106.33904292433385,10.769360466504803],[106.33761325008599,10.771683179253673],[106.33761038709014,10.771838277464008],[106.33911364409687,10.769401575333838]]},"properties":{"OBJECTID":62,"maNhanDang":"","phienBan":0,"ngayPhienBan":1787702400000,"giaTriDoChinhXacMatPhang":0,"nguyenNhanThayDoi":null,"maDoiTuong":"KE03","loaiTrangThaiDuongBoNuoc":1,"loaiDuongBoNuoc":"Phá","SHAPE_Length":642.58262512746603}},{"type":"Feature","id":63,"geometry":{"type":"LineString","coordinates":[[106.33794684024478,10.773059994078576],[106.33768135776506,10.772886509114597],[106.33761762552331,10.772790987110881],[106.33756012970312,10.771357189456474],[106.33751829098429,10.769699080250343],[106.33749154479966,10.76850862742201],[106.33754563486295,10.768445543567099],[106.34281033084649,10.771471283331893]]},"properties":{"OBJECTID":63,"maNhanDang":"","phienBan":0,"ngayPhienBan":1787702400000,"giaTriDoChinhXacMatPhang":0,"nguyenNhanThayDoi":null,"maDoiTuong":"KE03","loaiTrangThaiDuongBoNuoc":1,"loaiDuongBoNuoc":"Phá","SHAPE_Length":1196.45973363545}},{"type":"Feature","id":64,"geometry":{"type":"LineString","coordinates":[[106.34287335988213,10.771495540902688],[106.34361758923849,10.771920673821148],[106.34358824134306,10.772044678270111],[106.34365618917012,10.77208632291004]]},"properties":{"OBJECTID":64,"maNhanDang":"","phienBan":0,"ngayPhienBan":1787702400000,"giaTriDoChinhXacMatPhang":0,"nguyenNhanThayDoi":null,"maDoiTuong":"KE03","loaiTrangThaiDuongBoNuoc":1,"loaiDuongBoNuoc":"Phá","SHAPE_Length":116.82917606199716}},{"type":"Feature","id":65,"geometry":{"type":"LineString","coordinates":[[106.34346864461666,10.772257084653043],[106.3417328602972,10.775092281569735],[106.341644939041,10.775102497586786],[106.34153146072336,10.775057353791604],[106.34089738945879,10.774704051976428]]},"properties":{"OBJECTID":65,"maNhanDang":"","phienBan":0,"ngayPhienBan":1787702400000,"giaTriDoChinhXacMatPhang":0,"nguyenNhanThayDoi":null,"maDoiTuong":"KE03","loaiTrangThaiDuongBoNuoc":1,"loaiDuongBoNuoc":"Phá","SHAPE_Length":469.23287997181018}},{"type":"Feature","id":66,"geometry":{"type":"LineString","coordinates":[[106.34086263829629,10.774684689157528],[106.33794684024478,10.773059994078576]]},"properties":{"OBJECTID":66,"maNhanDang":"","phienBan":0,"ngayPhienBan":1787702400000,"giaTriDoChinhXacMatPhang":0,"nguyenNhanThayDoi":null,"maDoiTuong":"KE03","loaiTrangThaiDuongBoNuoc":1,"loaiDuongBoNuoc":"Phá","SHAPE_Length":366.03421061512711}},{"type":"Feature","id":67,"geometry":{"type":"LineString","coordinates":[[106.33900361635125,10.769335258953225],[106.33893657963102,10.769297898729254],[106.33761317287048,10.771445281981594],[106.337615706403,10.771584311355564],[106.33900361635125,10.769335258953225]]},"properties":{"OBJECTID":67,"maNhanDang":"","phienBan":0,"ngayPhienBan":1787702400000,"giaTriDoChinhXacMatPhang":0,"nguyenNhanThayDoi":null,"maDoiTuong":"KE03","loaiTrangThaiDuongBoNuoc":1,"loaiDuongBoNuoc":"Phá","SHAPE_Length":593.352541898705}},{"type":"Feature","id":68,"geometry":{"type":"LineString","coordinates":[[106.33889430314031,10.769269604782471],[106.33883428639638,10.769231039599052],[106.33760108242589,10.771234590122534],[106.33760510092371,10.771367040266751],[106.33889430314031,10.769269604782471]]},"properties":{"OBJECTID":68,"maNhanDang":"","phienBan":0,"ngayPhienBan":1787702400000,"giaTriDoChinhXacMatPhang":0,"nguyenNhanThayDoi":null,"maDoiTuong":"KE03","loaiTrangThaiDuongBoNuoc":1,"loaiDuongBoNuoc":"Phá","SHAPE_Length":553.38439504307757}},{"type":"Feature","id":69,"geometry":{"type":"LineString","coordinates":[[106.33879222283302,10.76920785339286],[106.33872891647633,10.769171290685307],[106.33760133497414,10.771002642999004],[106.33760751181744,10.77113343816916],[106.33879222283302,10.76920785339286]]},"properties":{"OBJECTID":69,"maNhanDang":"","phienBan":0,"ngayPhienBan":1787702400000,"giaTriDoChinhXacMatPhang":0,"nguyenNhanThayDoi":null,"maDoiTuong":"KE03","loaiTrangThaiDuongBoNuoc":1,"loaiDuongBoNuoc":"Phá","SHAPE_Length":508.9465711970866}},{"type":"Feature","id":70,"geometry":{"type":"LineString","coordinates":[[106.33868603142186,10.769147892656196],[106.33862853144691,10.769113300687938],[106.33759123655423,10.770789376098536],[106.33759454182209,10.770896355508324],[106.33868603142186,10.769147892656196]]},"properties":{"OBJECTID":70,"maNhanDang":"","phienBan":0,"ngayPhienBan":1787702400000,"giaTriDoChinhXacMatPhang":0,"nguyenNhanThayDoi":null,"maDoiTuong":"KE03","loaiTrangThaiDuongBoNuoc":1,"loaiDuongBoNuoc":"Phá","SHAPE_Length":463.8096799196835}},{"type":"Feature","id":71,"geometry":{"type":"LineString","coordinates":[[106.3375861760713,10.770554290964508],[106.33758947478765,10.770692798136126],[106.33858645825372,10.76908702245122],[106.3385201879165,10.769048743919843],[106.3375861760713,10.770554290964508]]},"properties":{"OBJECTID":71,"maNhanDang":"","phienBan":0,"ngayPhienBan":1787702400000,"giaTriDoChinhXacMatPhang":0,"nguyenNhanThayDoi":null,"maDoiTuong":"KE03","loaiTrangThaiDuongBoNuoc":1,"loaiDuongBoNuoc":"Phá","SHAPE_Length":427.48599800350155}},{"type":"Feature","id":72,"geometry":{"type":"LineString","coordinates":[[106.33847953751182,10.769023421312165],[106.3384108277436,10.768984228820916],[106.33757513102248,10.770354545750113],[106.33757597617048,10.77046789106822],[106.33847953751182,10.769023421312165]]},"properties":{"OBJECTID":72,"maNhanDang":"","phienBan":0,"ngayPhienBan":1787702400000,"giaTriDoChinhXacMatPhang":0,"nguyenNhanThayDoi":null,"maDoiTuong":"KE03","loaiTrangThaiDuongBoNuoc":1,"loaiDuongBoNuoc":"Phá","SHAPE_Length":386.06416990216724}},{"type":"Feature","id":73,"geometry":{"type":"LineString","coordinates":[[106.33756700483237,10.770115275014284],[106.33757253046527,10.770246946596384],[106.33837250453475,10.768962272263646],[106.33830425088829,10.768920636005673],[106.33756700483237,10.770115275014284]]},"properties":{"OBJECTID":73,"maNhanDang":"","phienBan":0,"ngayPhienBan":1787702400000,"giaTriDoChinhXacMatPhang":0,"nguyenNhanThayDoi":null,"maDoiTuong":"KE03","loaiTrangThaiDuongBoNuoc":1,"loaiDuongBoNuoc":"Phá","SHAPE_Length":345.01048568116158}},{"type":"Feature","id":74,"geometry":{"type":"LineString","coordinates":[[106.33755792132352,10.769875530531946],[106.33755437660972,10.770023317697312],[106.33827228635036,10.768903493452052],[106.33820198651205,10.768859090892125],[106.33755792132352,10.769875530531946]]},"properties":{"OBJECTID":74,"maNhanDang":"","phienBan":0,"ngayPhienBan":1787702400000,"giaTriDoChinhXacMatPhang":0,"nguyenNhanThayDoi":null,"maDoiTuong":"KE03","loaiTrangThaiDuongBoNuoc":1,"loaiDuongBoNuoc":"Phá","SHAPE_Length":304.79352305946526}},{"type":"Feature","id":75,"geometry":{"type":"LineString","coordinates":[[106.33755174117155,10.769654303728931],[106.33755296654802,10.76978645540502],[106.33816530204264,10.768840053247484],[106.33809030396728,10.768795502259181],[106.33755174117155,10.769654303728931]]},"properties":{"OBJECTID":75,"maNhanDang":"","phienBan":0,"ngayPhienBan":1787702400000,"giaTriDoChinhXacMatPhang":0,"nguyenNhanThayDoi":null,"maDoiTuong":"KE03","loaiTrangThaiDuongBoNuoc":1,"loaiDuongBoNuoc":"Phá","SHAPE_Length":260.22355255051986}},{"type":"Feature","id":76,"geometry":{"type":"LineString","coordinates":[[106.33805289165092,10.768775505827493],[106.33798729043754,10.76873517721663],[106.33754166793027,10.769444524771902],[106.33754807223092,10.769569122831591],[106.33805289165092,10.768775505827493]]},"properties":{"OBJECTID":76,"maNhanDang":"","phienBan":0,"ngayPhienBan":1787702400000,"giaTriDoChinhXacMatPhang":0,"nguyenNhanThayDoi":null,"maDoiTuong":"KE03","loaiTrangThaiDuongBoNuoc":1,"loaiDuongBoNuoc":"Phá","SHAPE_Length":218.31019463614584}},{"type":"Feature","id":77,"geometry":{"type":"LineString","coordinates":[[106.33754123802031,10.769199129531916],[106.33753785670451,10.769353861684543],[106.33795046137529,10.768718890089136],[106.33788133607396,10.768680358253203],[106.33754123802031,10.769199129531916]]},"properties":{"OBJECTID":77,"maNhanDang":"","phienBan":0,"ngayPhienBan":1787702400000,"giaTriDoChinhXacMatPhang":0,"nguyenNhanThayDoi":null,"maDoiTuong":"KE03","loaiTrangThaiDuongBoNuoc":1,"loaiDuongBoNuoc":"Phá","SHAPE_Length":177.65792639907744}},{"type":"Feature","id":78,"geometry":{"type":"LineString","coordinates":[[106.33751712054124,10.768979122884485],[106.33752896211266,10.769120969902232],[106.33783620743328,10.76865042048202],[106.33775785251692,10.768599572391386],[106.33751712054124,10.768979122884485]]},"properties":{"OBJECTID":78,"maNhanDang":"","phienBan":0,"ngayPhienBan":1787702400000,"giaTriDoChinhXacMatPhang":0,"nguyenNhanThayDoi":null,"maDoiTuong":"KE03","loaiTrangThaiDuongBoNuoc":1,"loaiDuongBoNuoc":"Phá","SHAPE_Length":137.49772247410027}},{"type":"Feature","id":79,"geometry":{"type":"LineString","coordinates":[[106.33764743098773,10.768535476710571],[106.33752050935115,10.768744269431515],[106.33751560406847,10.768910001940418],[106.3377191981965,10.768576565812173],[106.33764743098773,10.768535476710571]]},"properties":{"OBJECTID":79,"maNhanDang":"","phienBan":0,"ngayPhienBan":1787702400000,"giaTriDoChinhXacMatPhang":0,"nguyenNhanThayDoi":null,"maDoiTuong":"KE03","loaiTrangThaiDuongBoNuoc":1,"loaiDuongBoNuoc":"Phá","SHAPE_Length":97.434467968577025}},{"type":"Feature","id":80,"geometry":{"type":"LineString","coordinates":[[106.33756118352835,10.768519612278368],[106.33754415357643,10.768547436561247],[106.3375177772421,10.768678215686519],[106.33752544323352,10.768691428134394],[106.33761946365311,10.768527537473851],[106.33756118352835,10.768519612278368]]},"properties":{"OBJECTID":80,"maNhanDang":"","phienBan":0,"ngayPhienBan":1787702400000,"giaTriDoChinhXacMatPhang":0,"nguyenNhanThayDoi":null,"maDoiTuong":"KE03","loaiTrangThaiDuongBoNuoc":1,"loaiDuongBoNuoc":"Phá","SHAPE_Length":47.306816036080789}},{"type":"Feature","id":81,"geometry":{"type":"LineString","coordinates":[[106.33931982510992,10.769518166693917],[106.33926221842738,10.769484256744738],[106.33763173682075,10.772127418523089],[106.33763669323891,10.772244640042853],[106.33931982510992,10.769518166693917]]},"properties":{"OBJECTID":81,"maNhanDang":"","phienBan":0,"ngayPhienBan":1787702400000,"giaTriDoChinhXacMatPhang":0,"nguyenNhanThayDoi":null,"maDoiTuong":"KE03","loaiTrangThaiDuongBoNuoc":1,"loaiDuongBoNuoc":"Phá","SHAPE_Length":716.06339469435329}},{"type":"Feature","id":82,"geometry":{"type":"LineString","coordinates":[[106.33942711447952,10.769579313097859],[106.3393657558818,10.769544795514575],[106.3376377948338,10.772343079881779],[106.33764137241643,10.772474460397209],[106.33942711447952,10.769579313097859]]},"properties":{"OBJECTID":82,"maNhanDang":"","phienBan":0,"ngayPhienBan":1787702400000,"giaTriDoChinhXacMatPhang":0,"nguyenNhanThayDoi":null,"maDoiTuong":"KE03","loaiTrangThaiDuongBoNuoc":1,"loaiDuongBoNuoc":"Phá","SHAPE_Length":759.98239589485593}},{"type":"Feature","id":83,"geometry":{"type":"LineString","coordinates":[[106.3395357704343,10.769650112640784],[106.33947259721158,10.769610633218901],[106.33763854571208,10.772574699606281],[106.33764305702974,10.772695314145723],[106.33765263239663,10.772714211553163],[106.3395357704343,10.769650112640784]]},"properties":{"OBJECTID":83,"maNhanDang":"","phienBan":0,"ngayPhienBan":1787702400000,"giaTriDoChinhXacMatPhang":0,"nguyenNhanThayDoi":null,"maDoiTuong":"KE03","loaiTrangThaiDuongBoNuoc":1,"loaiDuongBoNuoc":"Phá","SHAPE_Length":804.78353084346963}},{"type":"Feature","id":84,"geometry":{"type":"LineString","coordinates":[[106.33964417619278,10.769709779544055],[106.33958754286898,10.769674271169547],[106.33765029534143,10.772760460651901],[106.33765968596887,10.772792540173697],[106.33771704434602,10.772855638795734],[106.33964417619278,10.769709779544055]]},"properties":{"OBJECTID":84,"maNhanDang":"","phienBan":0,"ngayPhienBan":1787702400000,"giaTriDoChinhXacMatPhang":0,"nguyenNhanThayDoi":null,"maDoiTuong":"KE03","loaiTrangThaiDuongBoNuoc":1,"loaiDuongBoNuoc":"Phá","SHAPE_Length":828.98216839864676}},{"type":"Feature","id":85,"geometry":{"type":"LineString","coordinates":[[106.33774532804661,10.772875621808826],[106.33781106690137,10.77291573859617],[106.33974034137397,10.769764249423039],[106.33968799125267,10.769732682025115],[106.33774532804661,10.772875621808826]]},"properties":{"OBJECTID":85,"maNhanDang":"","phienBan":0,"ngayPhienBan":1787702400000,"giaTriDoChinhXacMatPhang":0,"nguyenNhanThayDoi":null,"maDoiTuong":"KE03","loaiTrangThaiDuongBoNuoc":1,"loaiDuongBoNuoc":"Phá","SHAPE_Length":830.03411361523331}},{"type":"Feature","id":86,"geometry":{"type":"LineString","coordinates":[[106.33785303741884,10.772944456362076],[106.33791338969453,10.77298125264123],[106.33985135518023,10.769830601620399],[106.33979322607118,10.769795173884331],[106.33785303741884,10.772944456362076]]},"properties":{"OBJECTID":86,"maNhanDang":"","phienBan":0,"ngayPhienBan":1787702400000,"giaTriDoChinhXacMatPhang":0,"nguyenNhanThayDoi":null,"maDoiTuong":"KE03","loaiTrangThaiDuongBoNuoc":1,"loaiDuongBoNuoc":"Phá","SHAPE_Length":830.97358189517558}},{"type":"Feature","id":87,"geometry":{"type":"LineString","coordinates":[[106.33796169662712,10.773002325968658],[106.33802216526072,10.773038758556725],[106.33995823015682,10.769890133895977],[106.33990478111939,10.769858664462729],[106.33796169662712,10.773002325968658]]},"properties":{"OBJECTID":87,"maNhanDang":"","phienBan":0,"ngayPhienBan":1787702400000,"giaTriDoChinhXacMatPhang":0,"nguyenNhanThayDoi":null,"maDoiTuong":"KE03","loaiTrangThaiDuongBoNuoc":1,"loaiDuongBoNuoc":"Phá","SHAPE_Length":829.63345578460007}},{"type":"Feature","id":88,"geometry":{"type":"LineString","coordinates":[[106.3380776341519,10.773063899380807],[106.33813509971766,10.773100180329861],[106.34007082518126,10.769954237219014],[106.34000976390553,10.769920343033967],[106.3380776341519,10.773063899380807]]},"properties":{"OBJECTID":88,"maNhanDang":"","phienBan":0,"ngayPhienBan":1787702400000,"giaTriDoChinhXacMatPhang":0,"nguyenNhanThayDoi":null,"maDoiTuong":"KE03","loaiTrangThaiDuongBoNuoc":1,"loaiDuongBoNuoc":"Phá","SHAPE_Length":829.29477778313617}},{"type":"Feature","id":89,"geometry":{"type":"LineString","coordinates":[[106.33818336454821,10.773123099870846],[106.33823495783696,10.773152683529265],[106.34017295326036,10.770018666008458],[106.34011768650645,10.769979723176968],[106.33818336454821,10.773123099870846]]},"properties":{"OBJECTID":89,"maNhanDang":"","phienBan":0,"ngayPhienBan":1787702400000,"giaTriDoChinhXacMatPhang":0,"nguyenNhanThayDoi":null,"maDoiTuong":"KE03","loaiTrangThaiDuongBoNuoc":1,"loaiDuongBoNuoc":"Phá","SHAPE_Length":827.23517733623203}},{"type":"Feature","id":90,"geometry":{"type":"LineString","coordinates":[[106.33828474405664,10.773177413788732],[106.3383510373842,10.773218590813602],[106.3402852991201,10.770076853299855],[106.34022206978081,10.770041518537234],[106.33828474405664,10.773177413788732]]},"properties":{"OBJECTID":90,"maNhanDang":"","phienBan":0,"ngayPhienBan":1787702400000,"giaTriDoChinhXacMatPhang":0,"nguyenNhanThayDoi":null,"maDoiTuong":"KE03","loaiTrangThaiDuongBoNuoc":1,"loaiDuongBoNuoc":"Phá","SHAPE_Length":829.77635106947901}},{"type":"Feature","id":91,"geometry":{"type":"LineString","coordinates":[[106.33839595002337,10.773242382809462],[106.33844975484794,10.773276012594687],[106.34039032865482,10.770137106784805],[106.34033798433363,10.770103888608643],[106.33839595002337,10.773242382809462]]},"properties":{"OBJECTID":91,"maNhanDang":"","phienBan":0,"ngayPhienBan":1787702400000,"giaTriDoChinhXacMatPhang":0,"nguyenNhanThayDoi":null,"maDoiTuong":"KE03","loaiTrangThaiDuongBoNuoc":1,"loaiDuongBoNuoc":"Phá","SHAPE_Length":827.64089626668613}},{"type":"Feature","id":92,"geometry":{"type":"LineString","coordinates":[[106.3384967237746,10.773303963142505],[106.3385605446519,10.773338528617993],[106.34050117425944,10.770198647440196],[106.3404335579518,10.770159657670771],[106.3384967237746,10.773303963142505]]},"properties":{"OBJECTID":92,"maNhanDang":"","phienBan":0,"ngayPhienBan":1787702400000,"giaTriDoChinhXacMatPhang":0,"nguyenNhanThayDoi":null,"maDoiTuong":"KE03","loaiTrangThaiDuongBoNuoc":1,"loaiDuongBoNuoc":"Phá","SHAPE_Length":830.7434380365554}},{"type":"Feature","id":93,"geometry":{"type":"LineString","coordinates":[[106.33860756378169,10.773366894938034],[106.33866892032201,10.773403748823494],[106.34060545616985,10.770258086774325],[106.34054739775068,10.77022242037258],[106.33860756378169,10.773366894938034]]},"properties":{"OBJECTID":93,"maNhanDang":"","phienBan":0,"ngayPhienBan":1787702400000,"giaTriDoChinhXacMatPhang":0,"nguyenNhanThayDoi":null,"maDoiTuong":"KE03","loaiTrangThaiDuongBoNuoc":1,"loaiDuongBoNuoc":"Phá","SHAPE_Length":830.05074998054738}},{"type":"Feature","id":94,"geometry":{"type":"LineString","coordinates":[[106.33871216927247,10.773423050558955],[106.33877505873841,10.773460116685889],[106.34070889826413,10.770312593100194],[106.34064718576866,10.770280548267483],[106.33871216927247,10.773423050558955]]},"properties":{"OBJECTID":94,"maNhanDang":"","phienBan":0,"ngayPhienBan":1787702400000,"giaTriDoChinhXacMatPhang":0,"nguyenNhanThayDoi":null,"maDoiTuong":"KE03","loaiTrangThaiDuongBoNuoc":1,"loaiDuongBoNuoc":"Phá","SHAPE_Length":829.91673157433002}},{"type":"Feature","id":95,"geometry":{"type":"LineString","coordinates":[[106.33881870730492,10.773480840698147],[106.33888225862822,10.77352158161046],[106.34081329408119,10.770374138692935],[106.34075542031813,10.770340348889892],[106.33881870730492,10.773480840698147]]},"properties":{"OBJECTID":95,"maNhanDang":"","phienBan":0,"ngayPhienBan":1787702400000,"giaTriDoChinhXacMatPhang":0,"nguyenNhanThayDoi":null,"maDoiTuong":"KE03","loaiTrangThaiDuongBoNuoc":1,"loaiDuongBoNuoc":"Phá","SHAPE_Length":829.65991748184092}},{"type":"Feature","id":96,"geometry":{"type":"LineString","coordinates":[[106.33892398309031,10.773544985395324],[106.33898775529991,10.773585510689189],[106.3409245333888,10.770456499830312],[106.34085199049544,10.770415693269348],[106.33892398309031,10.773544985395324]]},"properties":{"OBJECTID":96,"maNhanDang":"","phienBan":0,"ngayPhienBan":1787702400000,"giaTriDoChinhXacMatPhang":0,"nguyenNhanThayDoi":null,"maDoiTuong":"KE03","loaiTrangThaiDuongBoNuoc":1,"loaiDuongBoNuoc":"Phá","SHAPE_Length":828.47700900857615}},{"type":"Feature","id":97,"geometry":{"type":"LineString","coordinates":[[106.33902986976804,10.773605391348671],[106.33909763056757,10.77364312803024],[106.34103088429238,10.770496518644372],[106.34097771008682,10.770467301898528],[106.33902986976804,10.773605391348671]]},"properties":{"OBJECTID":97,"maNhanDang":"","phienBan":0,"ngayPhienBan":1787702400000,"giaTriDoChinhXacMatPhang":0,"nguyenNhanThayDoi":null,"maDoiTuong":"KE03","loaiTrangThaiDuongBoNuoc":1,"loaiDuongBoNuoc":"Phá","SHAPE_Length":829.63984533752955}},{"type":"Feature","id":98,"geometry":{"type":"LineString","coordinates":[[106.33913221105968,10.773667002837625],[106.33920200010597,10.773706692109311],[106.34113976141217,10.77055753300759],[106.34107600847415,10.770524812274017],[106.33913221105968,10.773667002837625]]},"properties":{"OBJECTID":98,"maNhanDang":"","phienBan":0,"ngayPhienBan":1787702400000,"giaTriDoChinhXacMatPhang":0,"nguyenNhanThayDoi":null,"maDoiTuong":"KE03","loaiTrangThaiDuongBoNuoc":1,"loaiDuongBoNuoc":"Phá","SHAPE_Length":831.79501745513483}},{"type":"Feature","id":99,"geometry":{"type":"LineString","coordinates":[[106.33924575321603,10.773726600361972],[106.33931197298025,10.773762737860395],[106.34124916868238,10.770624057704419],[106.34118551820582,10.770585751277849],[106.33924575321603,10.773726600361972]]},"properties":{"OBJECTID":99,"maNhanDang":"","phienBan":0,"ngayPhienBan":1787702400000,"giaTriDoChinhXacMatPhang":0,"nguyenNhanThayDoi":null,"maDoiTuong":"KE03","loaiTrangThaiDuongBoNuoc":1,"loaiDuongBoNuoc":"Phá","SHAPE_Length":830.17699241413823}},{"type":"Feature","id":100,"geometry":{"type":"LineString","coordinates":[[106.33935129145185,10.773782678035895],[106.33941878058567,10.773824555931597],[106.34135327412955,10.770681012643887],[106.34129277004634,10.770647907847319],[106.33935129145185,10.773782678035895]]},"properties":{"OBJECTID":100,"maNhanDang":"","phienBan":0,"ngayPhienBan":1787702400000,"giaTriDoChinhXacMatPhang":0,"nguyenNhanThayDoi":null,"maDoiTuong":"KE03","loaiTrangThaiDuongBoNuoc":1,"loaiDuongBoNuoc":"Phá","SHAPE_Length":829.86212655959184}},{"type":"Feature","id":101,"geometry":{"type":"LineString","coordinates":[[106.33945714398773,10.773847070974153],[106.33952250952875,10.77388214140465],[106.34145802047807,10.770749627387428],[106.34139452252562,10.770710789105806],[106.33945714398773,10.773847070974153]]},"properties":{"OBJECTID":101,"maNhanDang":"","phienBan":0,"ngayPhienBan":1787702400000,"giaTriDoChinhXacMatPhang":0,"nguyenNhanThayDoi":null,"maDoiTuong":"KE03","loaiTrangThaiDuongBoNuoc":1,"loaiDuongBoNuoc":"Phá","SHAPE_Length":828.80960038221565}},{"type":"Feature","id":102,"geometry":{"type":"LineString","coordinates":[[106.33956671634195,10.773906815154863],[106.33963121844397,10.773943614032012],[106.34156573922436,10.770804528478058],[106.34150891106074,10.770771536053086],[106.33956671634195,10.773906815154863]]},"properties":{"OBJECTID":102,"maNhanDang":"","phienBan":0,"ngayPhienBan":1787702400000,"giaTriDoChinhXacMatPhang":0,"nguyenNhanThayDoi":null,"maDoiTuong":"KE03","loaiTrangThaiDuongBoNuoc":1,"loaiDuongBoNuoc":"Phá","SHAPE_Length":828.60625195942362}},{"type":"Feature","id":103,"geometry":{"type":"LineString","coordinates":[[106.33967201317972,10.77396377014766],[106.33974577638502,10.774006355692743],[106.34167538600565,10.77086999837811],[106.34161337896478,10.770832377831955],[106.33967201317972,10.77396377014766]]},"properties":{"OBJECTID":103,"maNhanDang":"","phienBan":0,"ngayPhienBan":1787702400000,"giaTriDoChinhXacMatPhang":0,"nguyenNhanThayDoi":null,"maDoiTuong":"KE03","loaiTrangThaiDuongBoNuoc":1,"loaiDuongBoNuoc":"Phá","SHAPE_Length":829.6016235064244}},{"type":"Feature","id":104,"geometry":{"type":"LineString","coordinates":[[106.3397844257088,10.774027295208132],[106.33984424154018,10.774063547839287],[106.34178020227256,10.770927523198546],[106.34171572100428,10.77089274807498],[106.3397844257088,10.774027295208132]]},"properties":{"OBJECTID":104,"maNhanDang":"","phienBan":0,"ngayPhienBan":1787702400000,"giaTriDoChinhXacMatPhang":0,"nguyenNhanThayDoi":null,"maDoiTuong":"KE03","loaiTrangThaiDuongBoNuoc":1,"loaiDuongBoNuoc":"Phá","SHAPE_Length":828.06287338643915}},{"type":"Feature","id":105,"geometry":{"type":"LineString","coordinates":[[106.33989042049387,10.774088579426479],[106.33995669349383,10.77412568225439],[106.3418857202583,10.770987574501063],[106.34182790444879,10.770950803084004],[106.33989042049387,10.774088579426479]]},"properties":{"OBJECTID":105,"maNhanDang":"","phienBan":0,"ngayPhienBan":1787702400000,"giaTriDoChinhXacMatPhang":0,"nguyenNhanThayDoi":null,"maDoiTuong":"KE03","loaiTrangThaiDuongBoNuoc":1,"loaiDuongBoNuoc":"Phá","SHAPE_Length":828.6641105223016}},{"type":"Feature","id":106,"geometry":{"type":"LineString","coordinates":[[106.33999213837043,10.774143544865661],[106.34006427295158,10.774183676090201],[106.34200375175165,10.77105203014383],[106.34193415226895,10.771012805828565],[106.33999213837043,10.774143544865661]]},"properties":{"OBJECTID":106,"maNhanDang":"","phienBan":0,"ngayPhienBan":1787702400000,"giaTriDoChinhXacMatPhang":0,"nguyenNhanThayDoi":null,"maDoiTuong":"KE03","loaiTrangThaiDuongBoNuoc":1,"loaiDuongBoNuoc":"Phá","SHAPE_Length":830.2100357646832}},{"type":"Feature","id":107,"geometry":{"type":"LineString","coordinates":[[106.34010087354051,10.774204319303486],[106.34017427609199,10.774245706591801],[106.34210878753794,10.771116082018025],[106.34204397238715,10.771076125312213],[106.34010087354051,10.774204319303486]]},"properties":{"OBJECTID":107,"maNhanDang":"","phienBan":0,"ngayPhienBan":1787702400000,"giaTriDoChinhXacMatPhang":0,"nguyenNhanThayDoi":null,"maDoiTuong":"KE03","loaiTrangThaiDuongBoNuoc":1,"loaiDuongBoNuoc":"Phá","SHAPE_Length":829.33909435248222}},{"type":"Feature","id":108,"geometry":{"type":"LineString","coordinates":[[106.34021185058427,10.774266859656359],[106.34027601676155,10.774306687760559],[106.34220759088336,10.771174433665898],[106.34215277360505,10.771140206143308],[106.34021185058427,10.774266859656359]]},"properties":{"OBJECTID":108,"maNhanDang":"","phienBan":0,"ngayPhienBan":1787702400000,"giaTriDoChinhXacMatPhang":0,"nguyenNhanThayDoi":null,"maDoiTuong":"KE03","loaiTrangThaiDuongBoNuoc":1,"loaiDuongBoNuoc":"Phá","SHAPE_Length":826.93171541593642}},{"type":"Feature","id":109,"geometry":{"type":"LineString","coordinates":[[106.34031776602289,10.774323001357265],[106.3403912740845,10.774367827580901],[106.34231909473205,10.771234616223762],[106.34225867353751,10.771195372640985],[106.34031776602289,10.774323001357265]]},"properties":{"OBJECTID":109,"maNhanDang":"","phienBan":0,"ngayPhienBan":1787702400000,"giaTriDoChinhXacMatPhang":0,"nguyenNhanThayDoi":null,"maDoiTuong":"KE03","loaiTrangThaiDuongBoNuoc":1,"loaiDuongBoNuoc":"Phá","SHAPE_Length":828.87486824362986}},{"type":"Feature","id":110,"geometry":{"type":"LineString","coordinates":[[106.34042839628596,10.774385847873466],[106.34049957094413,10.774426948204393],[106.34242206830974,10.771302653574157],[106.34235902433461,10.77126603691015],[106.34042839628596,10.774385847873466]]},"properties":{"OBJECTID":110,"maNhanDang":"","phienBan":0,"ngayPhienBan":1787702400000,"giaTriDoChinhXacMatPhang":0,"nguyenNhanThayDoi":null,"maDoiTuong":"KE03","loaiTrangThaiDuongBoNuoc":1,"loaiDuongBoNuoc":"Phá","SHAPE_Length":826.06433285707317}},{"type":"Feature","id":111,"geometry":{"type":"LineString","coordinates":[[106.34053880071995,10.774447275343174],[106.34060170690282,10.774486132966228],[106.3425262273209,10.771359655004794],[106.34246328538886,10.771324734257004],[106.34053880071995,10.774447275343174]]},"properties":{"OBJECTID":111,"maNhanDang":"","phienBan":0,"ngayPhienBan":1787702400000,"giaTriDoChinhXacMatPhang":0,"nguyenNhanThayDoi":null,"maDoiTuong":"KE03","loaiTrangThaiDuongBoNuoc":1,"loaiDuongBoNuoc":"Phá","SHAPE_Length":825.28774995418871}},{"type":"Feature","id":112,"geometry":{"type":"LineString","coordinates":[[106.34064322236115,10.774507258574637],[106.34070236658492,10.77454224114642],[106.34263306301835,10.771423822589634],[106.34256530760058,10.771384104878864],[106.34064322236115,10.774507258574637]]},"properties":{"OBJECTID":112,"maNhanDang":"","phienBan":0,"ngayPhienBan":1787702400000,"giaTriDoChinhXacMatPhang":0,"nguyenNhanThayDoi":null,"maDoiTuong":"KE03","loaiTrangThaiDuongBoNuoc":1,"loaiDuongBoNuoc":"Phá","SHAPE_Length":824.94669520212949}},{"type":"Feature","id":113,"geometry":{"type":"LineString","coordinates":[[106.34075182421951,10.774568937121918],[106.34081993860052,10.77460584638262],[106.34274884277656,10.771486891731485],[106.34268177482734,10.771449924808808],[106.34075182421951,10.774568937121918]]},"properties":{"OBJECTID":113,"maNhanDang":"","phienBan":0,"ngayPhienBan":1787702400000,"giaTriDoChinhXacMatPhang":0,"nguyenNhanThayDoi":null,"maDoiTuong":"KE03","loaiTrangThaiDuongBoNuoc":1,"loaiDuongBoNuoc":"Phá","SHAPE_Length":825.69244013077036}},{"type":"Feature","id":114,"geometry":{"type":"LineString","coordinates":[[106.34281033084649,10.771471283331893],[106.34266157413455,10.771728346171171],[106.34267410862655,10.77175283412166],[106.34086263829629,10.774684689157528]]},"properties":{"OBJECTID":114,"maNhanDang":"","phienBan":0,"ngayPhienBan":1787702400000,"giaTriDoChinhXacMatPhang":0,"nguyenNhanThayDoi":null,"maDoiTuong":"KE03","loaiTrangThaiDuongBoNuoc":1,"loaiDuongBoNuoc":"Phá","SHAPE_Length":415.80622094078979}},{"type":"Feature","id":115,"geometry":{"type":"LineString","coordinates":[[106.34089738945879,10.774704051976428],[106.34268666346193,10.771804555283673]]},"properties":{"OBJECTID":115,"maNhanDang":"","phienBan":0,"ngayPhienBan":1787702400000,"giaTriDoChinhXacMatPhang":0,"nguyenNhanThayDoi":null,"maDoiTuong":"KE03","loaiTrangThaiDuongBoNuoc":1,"loaiDuongBoNuoc":"Phá","SHAPE_Length":375.69234534472321}},{"type":"Feature","id":116,"geometry":{"type":"LineString","coordinates":[[106.34273518273376,10.771832227373345],[106.34097023206796,10.774690769296766],[106.34103633862455,10.77472397734017],[106.3427923664857,10.771881362454351]]},"properties":{"OBJECTID":116,"maNhanDang":"","phienBan":0,"ngayPhienBan":1787702400000,"giaTriDoChinhXacMatPhang":0,"nguyenNhanThayDoi":null,"maDoiTuong":"KE03","loaiTrangThaiDuongBoNuoc":1,"loaiDuongBoNuoc":"Phá","SHAPE_Length":746.97694678145217}},{"type":"Feature","id":117,"geometry":{"type":"LineString","coordinates":[[106.34282512338787,10.771907836905486],[106.34107228781089,10.774743430071853],[106.34113242539557,10.774780417760075],[106.3428909984066,10.771937895144013]]},"properties":{"OBJECTID":117,"maNhanDang":"","phienBan":0,"ngayPhienBan":1787702400000,"giaTriDoChinhXacMatPhang":0,"nguyenNhanThayDoi":null,"maDoiTuong":"KE03","loaiTrangThaiDuongBoNuoc":1,"loaiDuongBoNuoc":"Phá","SHAPE_Length":743.89281558718574}},{"type":"Feature","id":118,"geometry":{"type":"LineString","coordinates":[[106.34293761429794,10.771959175248703],[106.34117446095263,10.774807503925928],[106.34124680368024,10.774851057376978],[106.34300584328213,10.771991286686619]]},"properties":{"OBJECTID":118,"maNhanDang":"","phienBan":0,"ngayPhienBan":1787702400000,"giaTriDoChinhXacMatPhang":0,"nguyenNhanThayDoi":null,"maDoiTuong":"KE03","loaiTrangThaiDuongBoNuoc":1,"loaiDuongBoNuoc":"Phá","SHAPE_Length":748.8559573954476}},{"type":"Feature","id":119,"geometry":{"type":"LineString","coordinates":[[106.34304611989705,10.772010242711225],[106.34128752510398,10.774873828059524],[106.34134974198055,10.774909851582848],[106.34311900987693,10.772043044977755]]},"properties":{"OBJECTID":119,"maNhanDang":"","phienBan":0,"ngayPhienBan":1787702400000,"giaTriDoChinhXacMatPhang":0,"nguyenNhanThayDoi":null,"maDoiTuong":"KE03","loaiTrangThaiDuongBoNuoc":1,"loaiDuongBoNuoc":"Phá","SHAPE_Length":749.90602479321103}},{"type":"Feature","id":120,"geometry":{"type":"LineString","coordinates":[[106.34315841654147,10.772057592460136],[106.34139963198659,10.774930333659208],[106.34148221119646,10.77497152771029],[106.34323340458238,10.772093441111299]]},"properties":{"OBJECTID":120,"maNhanDang":"","phienBan":0,"ngayPhienBan":1787702400000,"giaTriDoChinhXacMatPhang":0,"nguyenNhanThayDoi":null,"maDoiTuong":"KE03","loaiTrangThaiDuongBoNuoc":1,"loaiDuongBoNuoc":"Phá","SHAPE_Length":753.05586761963889}},{"type":"Feature","id":121,"geometry":{"type":"LineString","coordinates":[[106.34326506601589,10.772120790967834],[106.34150919133928,10.774987717437487],[106.34157671889017,10.77502744662009],[106.34332765506004,10.77218923798454]]},"properties":{"OBJECTID":121,"maNhanDang":"","phienBan":0,"ngayPhienBan":1787702400000,"giaTriDoChinhXacMatPhang":0,"nguyenNhanThayDoi":null,"maDoiTuong":"KE03","loaiTrangThaiDuongBoNuoc":1,"loaiDuongBoNuoc":"Phá","SHAPE_Length":747.03179410584607}},{"type":"Feature","id":122,"geometry":{"type":"LineString","coordinates":[[106.34336082373697,10.772204621917227],[106.34161571767302,10.775038978986347],[106.34165278880967,10.775060740379967],[106.34169375282599,10.775051321025659],[106.34343489932949,10.772237685832094]]},"properties":{"OBJECTID":122,"maNhanDang":"","phienBan":0,"ngayPhienBan":1787702400000,"giaTriDoChinhXacMatPhang":0,"nguyenNhanThayDoi":null,"maDoiTuong":"KE03","loaiTrangThaiDuongBoNuoc":1,"loaiDuongBoNuoc":"Phá","SHAPE_Length":741.18456806946347}},{"type":"Feature","id":123,"geometry":{"type":"LineString","coordinates":[[106.34473564163476,10.769654063329851],[106.34523128268927,10.770075369394075],[106.34390817465086,10.771592752306219],[106.34374120270401,10.771641602341852],[106.34355333884071,10.771535247775455],[106.33798116046339,10.768355143479585],[106.3377566821467,10.768206244395625]]},"properties":{"OBJECTID":123,"maNhanDang":"","phienBan":0,"ngayPhienBan":1787702400000,"giaTriDoChinhXacMatPhang":0,"nguyenNhanThayDoi":null,"maDoiTuong":"KE03","loaiTrangThaiDuongBoNuoc":1,"loaiDuongBoNuoc":"Phá","SHAPE_Length":1069.0000686559711}},{"type":"Feature","id":124,"geometry":{"type":"LineString","coordinates":[[106.3438790989873,10.772454719153616],[106.34212495153248,10.775302151376408],[106.34219877726042,10.775349258479649],[106.34395635003392,10.772503976483687]]},"properties":{"OBJECTID":124,"maNhanDang":"","phienBan":0,"ngayPhienBan":1787702400000,"giaTriDoChinhXacMatPhang":0,"nguyenNhanThayDoi":null,"maDoiTuong":"KE03","loaiTrangThaiDuongBoNuoc":1,"loaiDuongBoNuoc":"Phá","SHAPE_Length":747.15217767930994}},{"type":"Feature","id":125,"geometry":{"type":"LineString","coordinates":[[106.34399520999342,10.772529715828297],[106.34223728226939,10.77536730302317],[106.34233029905731,10.775422852049109],[106.34408843560225,10.772588547648809]]},"properties":{"OBJECTID":125,"maNhanDang":"","phienBan":0,"ngayPhienBan":1787702400000,"giaTriDoChinhXacMatPhang":0,"nguyenNhanThayDoi":null,"maDoiTuong":"KE03","loaiTrangThaiDuongBoNuoc":1,"loaiDuongBoNuoc":"Phá","SHAPE_Length":747.70997933859121}},{"type":"Feature","id":126,"geometry":{"type":"LineString","coordinates":[[106.34412433009167,10.772609992769075],[106.34237547569106,10.775444791334541],[106.34244740627481,10.775486904142248],[106.34420131090474,10.772651963520914]]},"properties":{"OBJECTID":126,"maNhanDang":"","phienBan":0,"ngayPhienBan":1787702400000,"giaTriDoChinhXacMatPhang":0,"nguyenNhanThayDoi":null,"maDoiTuong":"KE03","loaiTrangThaiDuongBoNuoc":1,"loaiDuongBoNuoc":"Phá","SHAPE_Length":744.00555262296223}},{"type":"Feature","id":127,"geometry":{"type":"LineString","coordinates":[[106.3442370150171,10.772671439866578],[106.34248246827482,10.775511755862437],[106.34256464761795,10.775554991826086],[106.34432210432932,10.772717987859739]]},"properties":{"OBJECTID":127,"maNhanDang":"","phienBan":0,"ngayPhienBan":1787702400000,"giaTriDoChinhXacMatPhang":0,"nguyenNhanThayDoi":null,"maDoiTuong":"KE03","loaiTrangThaiDuongBoNuoc":1,"loaiDuongBoNuoc":"Phá","SHAPE_Length":746.28656652992765}},{"type":"Feature","id":128,"geometry":{"type":"LineString","coordinates":[[106.34435495317655,10.772735285364689],[106.34259933542828,10.77557365117514],[106.34268849601692,10.775625730299019],[106.34444662842732,10.772778414051503]]},"properties":{"OBJECTID":128,"maNhanDang":"","phienBan":0,"ngayPhienBan":1787702400000,"giaTriDoChinhXacMatPhang":0,"nguyenNhanThayDoi":null,"maDoiTuong":"KE03","loaiTrangThaiDuongBoNuoc":1,"loaiDuongBoNuoc":"Phá","SHAPE_Length":748.31995421694717}},{"type":"Feature","id":129,"geometry":{"type":"LineString","coordinates":[[106.34449174062749,10.772800271799209],[106.34273648590359,10.775653567908797],[106.34281336280799,10.775703800814947],[106.34457892148106,10.772854896534184]]},"properties":{"OBJECTID":129,"maNhanDang":"","phienBan":0,"ngayPhienBan":1787702400000,"giaTriDoChinhXacMatPhang":0,"nguyenNhanThayDoi":null,"maDoiTuong":"KE03","loaiTrangThaiDuongBoNuoc":1,"loaiDuongBoNuoc":"Phá","SHAPE_Length":749.0350097076664}},{"type":"Feature","id":130,"geometry":{"type":"LineString","coordinates":[[106.34461393003511,10.772876820657162],[106.34285783638704,10.775720615134359],[106.34292739418805,10.775769686685278],[106.34469420221514,10.772926923654977]]},"properties":{"OBJECTID":130,"maNhanDang":"","phienBan":0,"ngayPhienBan":1787702400000,"giaTriDoChinhXacMatPhang":0,"nguyenNhanThayDoi":null,"maDoiTuong":"KE03","loaiTrangThaiDuongBoNuoc":1,"loaiDuongBoNuoc":"Phá","SHAPE_Length":746.94515260928461}},{"type":"Feature","id":131,"geometry":{"type":"LineString","coordinates":[[106.34472648272079,10.77294626546996],[106.34296879332661,10.775789145028789],[106.34305343500408,10.775837401119922],[106.34481402477249,10.772993871832441]]},"properties":{"OBJECTID":131,"maNhanDang":"","phienBan":0,"ngayPhienBan":1787702400000,"giaTriDoChinhXacMatPhang":0,"nguyenNhanThayDoi":null,"maDoiTuong":"KE03","loaiTrangThaiDuongBoNuoc":1,"loaiDuongBoNuoc":"Phá","SHAPE_Length":748.00681608023922}},{"type":"Feature","id":132,"geometry":{"type":"LineString","coordinates":[[106.34484655403598,10.773013231238663],[106.34309552373087,10.775855057162406],[106.34318376953524,10.775914318231857],[106.34494044062413,10.773072316472073]]},"properties":{"OBJECTID":132,"maNhanDang":"","phienBan":0,"ngayPhienBan":1787702400000,"giaTriDoChinhXacMatPhang":0,"nguyenNhanThayDoi":null,"maDoiTuong":"KE03","loaiTrangThaiDuongBoNuoc":1,"loaiDuongBoNuoc":"Phá","SHAPE_Length":748.14122677536261}},{"type":"Feature","id":133,"geometry":{"type":"LineString","coordinates":[[106.34497177790522,10.773091849930768],[106.34322414828853,10.775926319683604],[106.34330115456656,10.775972503661471],[106.34505917747163,10.773140427494093]]},"properties":{"OBJECTID":133,"maNhanDang":"","phienBan":0,"ngayPhienBan":1787702400000,"giaTriDoChinhXacMatPhang":0,"nguyenNhanThayDoi":null,"maDoiTuong":"KE03","loaiTrangThaiDuongBoNuoc":1,"loaiDuongBoNuoc":"Phá","SHAPE_Length":744.57735732923322}},{"type":"Feature","id":134,"geometry":{"type":"LineString","coordinates":[[106.34509157682943,10.773158807080074],[106.34334176016688,10.77599014261817],[106.343418932102,10.776044323898667],[106.34517084053732,10.773206546761726]]},"properties":{"OBJECTID":134,"maNhanDang":"","phienBan":0,"ngayPhienBan":1787702400000,"giaTriDoChinhXacMatPhang":0,"nguyenNhanThayDoi":null,"maDoiTuong":"KE03","loaiTrangThaiDuongBoNuoc":1,"loaiDuongBoNuoc":"Phá","SHAPE_Length":745.09597091290505}},{"type":"Feature","id":135,"geometry":{"type":"LineString","coordinates":[[106.34520940121145,10.773229717071475],[106.34346133305181,10.776061702636742],[106.34354397060378,10.776113716238253],[106.34529523809036,10.773279639245983]]},"properties":{"OBJECTID":135,"maNhanDang":"","phienBan":0,"ngayPhienBan":1787702400000,"giaTriDoChinhXacMatPhang":0,"nguyenNhanThayDoi":null,"maDoiTuong":"KE03","loaiTrangThaiDuongBoNuoc":1,"loaiDuongBoNuoc":"Phá","SHAPE_Length":745.03407663741621}},{"type":"Feature","id":136,"geometry":{"type":"LineString","coordinates":[[106.34533436576224,10.773302844614024],[106.34358938352985,10.776134823113187],[106.34367014334659,10.77618422200795],[106.34542214546134,10.773359614272891]]},"properties":{"OBJECTID":136,"maNhanDang":"","phienBan":0,"ngayPhienBan":1787702400000,"giaTriDoChinhXacMatPhang":0,"nguyenNhanThayDoi":null,"maDoiTuong":"KE03","loaiTrangThaiDuongBoNuoc":1,"loaiDuongBoNuoc":"Phá","SHAPE_Length":743.67864294115316}},{"type":"Feature","id":137,"geometry":{"type":"LineString","coordinates":[[106.34545501973091,10.773380477366837],[106.34371096670542,10.776200972672076],[106.34379083434187,10.776247684455411],[106.34553838848187,10.773428841929849]]},"properties":{"OBJECTID":137,"maNhanDang":"","phienBan":0,"ngayPhienBan":1787702400000,"giaTriDoChinhXacMatPhang":0,"nguyenNhanThayDoi":null,"maDoiTuong":"KE03","loaiTrangThaiDuongBoNuoc":1,"loaiDuongBoNuoc":"Phá","SHAPE_Length":741.50627173478415}},{"type":"Feature","id":138,"geometry":{"type":"LineString","coordinates":[[106.34557014426387,10.77344726428746],[106.34383842261164,10.77626832241682],[106.34391693720319,10.776314204988484],[106.34566028538279,10.773499599257024]]},"properties":{"OBJECTID":138,"maNhanDang":"","phienBan":0,"ngayPhienBan":1787702400000,"giaTriDoChinhXacMatPhang":0,"nguyenNhanThayDoi":null,"maDoiTuong":"KE03","loaiTrangThaiDuongBoNuoc":1,"loaiDuongBoNuoc":"Phá","SHAPE_Length":740.04384740409728}},{"type":"Feature","id":139,"geometry":{"type":"LineString","coordinates":[[106.34569079880485,10.773517687664652],[106.34395445104229,10.77633961056277],[106.3440384885081,10.776400401938615],[106.34578708603628,10.773578219990267]]},"properties":{"OBJECTID":139,"maNhanDang":"","phienBan":0,"ngayPhienBan":1787702400000,"giaTriDoChinhXacMatPhang":0,"nguyenNhanThayDoi":null,"maDoiTuong":"KE03","loaiTrangThaiDuongBoNuoc":1,"loaiDuongBoNuoc":"Phá","SHAPE_Length":742.81620557935753}},{"type":"Feature","id":140,"geometry":{"type":"LineString","coordinates":[[106.34581816740864,10.773597759273763],[106.34408736152352,10.776422438748231],[106.34415521234007,10.776457895753403],[106.34589866772399,10.77364836598524]]},"properties":{"OBJECTID":140,"maNhanDang":"","phienBan":0,"ngayPhienBan":1787702400000,"giaTriDoChinhXacMatPhang":0,"nguyenNhanThayDoi":null,"maDoiTuong":"KE03","loaiTrangThaiDuongBoNuoc":1,"loaiDuongBoNuoc":"Phá","SHAPE_Length":738.28060303049233}},{"type":"Feature","id":141,"geometry":{"type":"LineString","coordinates":[[106.34593420574809,10.773670686733379],[106.34419603659926,10.776486262197729],[106.34426761069271,10.776532848714231],[106.34601195086174,10.77371885041409]]},"properties":{"OBJECTID":141,"maNhanDang":"","phienBan":0,"ngayPhienBan":1787702400000,"giaTriDoChinhXacMatPhang":0,"nguyenNhanThayDoi":null,"maDoiTuong":"KE03","loaiTrangThaiDuongBoNuoc":1,"loaiDuongBoNuoc":"Phá","SHAPE_Length":739.28888754689547}},{"type":"Feature","id":142,"geometry":{"type":"LineString","coordinates":[[106.34604167472644,10.773737151861917],[106.34431066885463,10.7765589090248],[106.34439453678303,10.776596608154817],[106.34614204581619,10.773794962114041]]},"properties":{"OBJECTID":142,"maNhanDang":"","phienBan":0,"ngayPhienBan":1787702400000,"giaTriDoChinhXacMatPhang":0,"nguyenNhanThayDoi":null,"maDoiTuong":"KE03","loaiTrangThaiDuongBoNuoc":1,"loaiDuongBoNuoc":"Phá","SHAPE_Length":739.18744310285001}},{"type":"Feature","id":143,"geometry":{"type":"LineString","coordinates":[[106.3462433557372,10.773848454362881],[106.34449982437364,10.776649805798433],[106.34459012139611,10.776706617822361],[106.34633471668646,10.773898842966069]]},"properties":{"OBJECTID":143,"maNhanDang":"","phienBan":0,"ngayPhienBan":1787702400000,"giaTriDoChinhXacMatPhang":0,"nguyenNhanThayDoi":null,"maDoiTuong":"KE03","loaiTrangThaiDuongBoNuoc":1,"loaiDuongBoNuoc":"Phá","SHAPE_Length":740.01533990607959}},{"type":"Feature","id":144,"geometry":{"type":"LineString","coordinates":[[106.34635928722368,10.773913451112627],[106.34461599185693,10.77672377315846],[106.34469974560115,10.776768475561658],[106.34644820791404,10.773965318054842]]},"properties":{"OBJECTID":144,"maNhanDang":"","phienBan":0,"ngayPhienBan":1787702400000,"giaTriDoChinhXacMatPhang":0,"nguyenNhanThayDoi":null,"maDoiTuong":"KE03","loaiTrangThaiDuongBoNuoc":1,"loaiDuongBoNuoc":"Phá","SHAPE_Length":739.33793847542825}},{"type":"Feature","id":145,"geometry":{"type":"LineString","coordinates":[[106.34647589326894,10.773979225850145],[106.34472983120659,10.776788338707123],[106.34483077085464,10.776844707110573],[106.34657545250236,10.774028651105318]]},"properties":{"OBJECTID":145,"maNhanDang":"","phienBan":0,"ngayPhienBan":1787702400000,"giaTriDoChinhXacMatPhang":0,"nguyenNhanThayDoi":null,"maDoiTuong":"KE03","loaiTrangThaiDuongBoNuoc":1,"loaiDuongBoNuoc":"Phá","SHAPE_Length":742.65035705501703}},{"type":"Feature","id":146,"geometry":{"type":"LineString","coordinates":[[106.3453922271259,10.776221168348908],[106.34670521806389,10.774093373365424]]},"properties":{"OBJECTID":146,"maNhanDang":"","phienBan":0,"ngayPhienBan":1787702400000,"giaTriDoChinhXacMatPhang":0,"nguyenNhanThayDoi":null,"maDoiTuong":"KE03","loaiTrangThaiDuongBoNuoc":1,"loaiDuongBoNuoc":"Phá","SHAPE_Length":275.69766429260073}},{"type":"Feature","id":147,"geometry":{"type":"LineString","coordinates":[[106.34660752261145,10.774044114536917],[106.34486725634279,10.776858569212138],[106.34496259724456,10.776913527077026],[106.34510532602428,10.776677558323243],[106.34513739952752,10.776695567826472]]},"properties":{"OBJECTID":147,"maNhanDang":"","phienBan":0,"ngayPhienBan":1787702400000,"giaTriDoChinhXacMatPhang":0,"nguyenNhanThayDoi":null,"maDoiTuong":"KE03","loaiTrangThaiDuongBoNuoc":1,"loaiDuongBoNuoc":"Phá","SHAPE_Length":411.3855067845634}},{"type":"Feature","id":148,"geometry":{"type":"LineString","coordinates":[[106.34550294613575,10.77628086471764],[106.34679665436077,10.774210724571741]]},"properties":{"OBJECTID":148,"maNhanDang":"","phienBan":0,"ngayPhienBan":1787702400000,"giaTriDoChinhXacMatPhang":0,"nguyenNhanThayDoi":null,"maDoiTuong":"KE03","loaiTrangThaiDuongBoNuoc":1,"loaiDuongBoNuoc":"Phá","SHAPE_Length":269.15976471373858}},{"type":"Feature","id":149,"geometry":{"type":"LineString","coordinates":[[106.34676038382507,10.774095100658833],[106.3454155868755,10.77623376274939]]},"properties":{"OBJECTID":149,"maNhanDang":"","phienBan":0,"ngayPhienBan":1787702400000,"giaTriDoChinhXacMatPhang":0,"nguyenNhanThayDoi":null,"maDoiTuong":"KE03","loaiTrangThaiDuongBoNuoc":1,"loaiDuongBoNuoc":"Phá","SHAPE_Length":278.54531196735667}},{"type":"Feature","id":150,"geometry":{"type":"LineString","coordinates":[[106.34513739952752,10.776695567826472],[106.34498960642199,10.776934079600625],[106.34506179925962,10.776981800279184],[106.34521465547519,10.776739208499224]]},"properties":{"OBJECTID":150,"maNhanDang":"","phienBan":0,"ngayPhienBan":1787702400000,"giaTriDoChinhXacMatPhang":0,"nguyenNhanThayDoi":null,"maDoiTuong":"KE03","loaiTrangThaiDuongBoNuoc":1,"loaiDuongBoNuoc":"Phá","SHAPE_Length":72.049989747414273}},{"type":"Feature","id":151,"geometry":{"type":"LineString","coordinates":[[106.34562491485866,10.776346627613796],[106.34688309611114,10.77434091812675]]},"properties":{"OBJECTID":151,"maNhanDang":"","phienBan":0,"ngayPhienBan":1787702400000,"giaTriDoChinhXacMatPhang":0,"nguyenNhanThayDoi":null,"maDoiTuong":"KE03","loaiTrangThaiDuongBoNuoc":1,"loaiDuongBoNuoc":"Phá","SHAPE_Length":261.05522786509698}},{"type":"Feature","id":152,"geometry":{"type":"LineString","coordinates":[[106.34680516650428,10.774249372818167],[106.34553203416461,10.776296549155122]]},"properties":{"OBJECTID":152,"maNhanDang":"","phienBan":0,"ngayPhienBan":1787702400000,"giaTriDoChinhXacMatPhang":0,"nguyenNhanThayDoi":null,"maDoiTuong":"KE03","loaiTrangThaiDuongBoNuoc":1,"loaiDuongBoNuoc":"Phá","SHAPE_Length":265.81677538123949}},{"type":"Feature","id":153,"geometry":{"type":"LineString","coordinates":[[106.34525292828546,10.776760829704608],[106.34509773716736,10.777003630312667],[106.34518697314314,10.777054565744912]]},"properties":{"OBJECTID":153,"maNhanDang":"","phienBan":0,"ngayPhienBan":1787702400000,"giaTriDoChinhXacMatPhang":0,"nguyenNhanThayDoi":null,"maDoiTuong":"KE03","loaiTrangThaiDuongBoNuoc":1,"loaiDuongBoNuoc":"Phá","SHAPE_Length":43.037809062617988}},{"type":"Feature","id":154,"geometry":{"type":"LineString","coordinates":[[106.3457565196733,10.776419047789194],[106.34700698879412,10.774406081910151]]},"properties":{"OBJECTID":154,"maNhanDang":"","phienBan":0,"ngayPhienBan":1787702400000,"giaTriDoChinhXacMatPhang":0,"nguyenNhanThayDoi":null,"maDoiTuong":"KE03","loaiTrangThaiDuongBoNuoc":1,"loaiDuongBoNuoc":"Phá","SHAPE_Length":261.29520668576782}},{"type":"Feature","id":155,"geometry":{"type":"LineString","coordinates":[[106.34691002007295,10.774358190589517],[106.34565735125564,10.776364117414182]]},"properties":{"OBJECTID":155,"maNhanDang":"","phienBan":0,"ngayPhienBan":1787702400000,"giaTriDoChinhXacMatPhang":0,"nguyenNhanThayDoi":null,"maDoiTuong":"KE03","loaiTrangThaiDuongBoNuoc":1,"loaiDuongBoNuoc":"Phá","SHAPE_Length":260.75841868316598}},{"type":"Feature","id":156,"geometry":{"type":"LineString","coordinates":[[106.34587497300065,10.77649100317541],[106.34714025786445,10.774457496141519]]},"properties":{"OBJECTID":156,"maNhanDang":"","phienBan":0,"ngayPhienBan":1787702400000,"giaTriDoChinhXacMatPhang":0,"nguyenNhanThayDoi":null,"maDoiTuong":"KE03","loaiTrangThaiDuongBoNuoc":1,"loaiDuongBoNuoc":"Phá","SHAPE_Length":264.07928523636031}},{"type":"Feature","id":157,"geometry":{"type":"LineString","coordinates":[[106.34704188126679,10.774406971228441],[106.34578711680768,10.776437700164553]]},"properties":{"OBJECTID":157,"maNhanDang":"","phienBan":0,"ngayPhienBan":1787702400000,"giaTriDoChinhXacMatPhang":0,"nguyenNhanThayDoi":null,"maDoiTuong":"KE03","loaiTrangThaiDuongBoNuoc":1,"loaiDuongBoNuoc":"Phá","SHAPE_Length":263.21596324152392}},{"type":"Feature","id":158,"geometry":{"type":"LineString","coordinates":[[106.34616758554694,10.773809557563434],[106.34443067417203,10.776613899317288],[106.34447198770322,10.776637156631285],[106.34621535494293,10.773834080637911]]},"properties":{"OBJECTID":158,"maNhanDang":"","phienBan":0,"ngayPhienBan":1787702400000,"giaTriDoChinhXacMatPhang":0,"nguyenNhanThayDoi":null,"maDoiTuong":"KE03","loaiTrangThaiDuongBoNuoc":1,"loaiDuongBoNuoc":"Phá","SHAPE_Length":732.89956386003189}},{"type":"Feature","id":159,"geometry":{"type":"LineString","coordinates":[[106.346192780189,10.776846524920876],[106.34758494432768,10.77464770554006]]},"properties":{"OBJECTID":159,"maNhanDang":"","phienBan":0,"ngayPhienBan":1787702400000,"giaTriDoChinhXacMatPhang":0,"nguyenNhanThayDoi":null,"maDoiTuong":"KE03","loaiTrangThaiDuongBoNuoc":1,"loaiDuongBoNuoc":"Phá","SHAPE_Length":286.9325160635853}},{"type":"Feature","id":160,"geometry":{"type":"LineString","coordinates":[[106.34744931504923,10.774567050313584],[106.34593569821789,10.777036321232513],[106.34607746227596,10.77695543558632],[106.346192780189,10.776846524920876]]},"properties":{"OBJECTID":160,"maNhanDang":"","phienBan":0,"ngayPhienBan":1787702400000,"giaTriDoChinhXacMatPhang":0,"nguyenNhanThayDoi":null,"maDoiTuong":"KE03","loaiTrangThaiDuongBoNuoc":1,"loaiDuongBoNuoc":"Phá","SHAPE_Length":354.70961862903806}},{"type":"Feature","id":161,"geometry":{"type":"LineString","coordinates":[[106.34728685912872,10.774550012014211],[106.34568693935954,10.77713255978945],[106.34582026609309,10.77709375994549],[106.34738283128489,10.774590477066122]]},"properties":{"OBJECTID":161,"maNhanDang":"","phienBan":0,"ngayPhienBan":1787702400000,"giaTriDoChinhXacMatPhang":0,"nguyenNhanThayDoi":null,"maDoiTuong":"KE03","loaiTrangThaiDuongBoNuoc":1,"loaiDuongBoNuoc":"Phá","SHAPE_Length":675.55117551476167}},{"type":"Feature","id":162,"geometry":{"type":"LineString","coordinates":[[106.34563651121441,10.776947535516356],[106.34549943767023,10.777169742302101],[106.34561872363497,10.777168377470915],[106.34565093253121,10.777164988473784]]},"properties":{"OBJECTID":162,"maNhanDang":"","phienBan":0,"ngayPhienBan":1787702400000,"giaTriDoChinhXacMatPhang":0,"nguyenNhanThayDoi":null,"maDoiTuong":"KE03","loaiTrangThaiDuongBoNuoc":1,"loaiDuongBoNuoc":"Phá","SHAPE_Length":45.377540902231758}},{"type":"Feature","id":163,"geometry":{"type":"LineString","coordinates":[[106.34563587982427,10.777140744198697],[106.34725629193751,10.774530721429116]]},"properties":{"OBJECTID":163,"maNhanDang":"","phienBan":0,"ngayPhienBan":1787702400000,"giaTriDoChinhXacMatPhang":0,"nguyenNhanThayDoi":null,"maDoiTuong":"KE03","loaiTrangThaiDuongBoNuoc":1,"loaiDuongBoNuoc":"Phá","SHAPE_Length":338.74215767033024}},{"type":"Feature","id":164,"geometry":{"type":"LineString","coordinates":[[106.34716396417954,10.774472456674443],[106.34591417967893,10.776497424622038]]},"properties":{"OBJECTID":164,"maNhanDang":"","phienBan":0,"ngayPhienBan":1787702400000,"giaTriDoChinhXacMatPhang":0,"nguyenNhanThayDoi":null,"maDoiTuong":"KE03","loaiTrangThaiDuongBoNuoc":1,"loaiDuongBoNuoc":"Phá","SHAPE_Length":262.38828848728036}},{"type":"Feature","id":165,"geometry":{"type":"LineString","coordinates":[[106.3454749562391,10.776326096268834],[106.34538790002941,10.776277802110227],[106.34536537278738,10.776298921719697],[106.34515490043478,10.776650701814702],[106.34521530603224,10.776684981277757],[106.34523964445276,10.776700495853449],[106.3454749562391,10.776326096268834]]},"properties":{"OBJECTID":165,"maNhanDang":"","phienBan":0,"ngayPhienBan":1787702400000,"giaTriDoChinhXacMatPhang":0,"nguyenNhanThayDoi":null,"maDoiTuong":"KE03","loaiTrangThaiDuongBoNuoc":1,"loaiDuongBoNuoc":"Phá","SHAPE_Length":119.06048438912245}},{"type":"Feature","id":166,"geometry":{"type":"LineString","coordinates":[[106.34559653459567,10.776392355371074],[106.34552943563389,10.776353365838824],[106.34550454180085,10.776340904586029],[106.34527185632713,10.776716326200949],[106.34536382449873,10.776767303350146],[106.34559653459567,10.776392355371074]]},"properties":{"OBJECTID":166,"maNhanDang":"","phienBan":0,"ngayPhienBan":1787702400000,"giaTriDoChinhXacMatPhang":0,"nguyenNhanThayDoi":null,"maDoiTuong":"KE03","loaiTrangThaiDuongBoNuoc":1,"loaiDuongBoNuoc":"Phá","SHAPE_Length":120.4538337430004}},{"type":"Feature","id":167,"geometry":{"type":"LineString","coordinates":[[106.34553263075929,10.776848387520763],[106.34562490592634,10.776891762344826],[106.34577908135144,10.776650699316042],[106.34584901789948,10.77653961940276],[106.34576154036415,10.776488234152305],[106.34575732207405,10.776485783117154],[106.34553263075929,10.776848387520763]]},"properties":{"OBJECTID":167,"maNhanDang":"","phienBan":0,"ngayPhienBan":1787702400000,"giaTriDoChinhXacMatPhang":0,"nguyenNhanThayDoi":null,"maDoiTuong":"KE03","loaiTrangThaiDuongBoNuoc":1,"loaiDuongBoNuoc":"Phá","SHAPE_Length":115.89281243961608}},{"type":"Feature","id":168,"geometry":{"type":"LineString","coordinates":[[106.34562836582253,10.776410849885863],[106.34539650391518,10.776784671559788],[106.34547733449504,10.776822394304363],[106.34549995344567,10.776833026419032],[106.3457263238688,10.776467771611284],[106.34562836582253,10.776410849885863]]},"properties":{"OBJECTID":168,"maNhanDang":"","phienBan":0,"ngayPhienBan":1787702400000,"giaTriDoChinhXacMatPhang":0,"nguyenNhanThayDoi":null,"maDoiTuong":"KE03","loaiTrangThaiDuongBoNuoc":1,"loaiDuongBoNuoc":"Phá","SHAPE_Length":120.8260372357836}},{"type":"Feature","id":169,"geometry":{"type":"LineString","coordinates":[[106.33401629906946,10.770849431567376],[106.33275709566202,10.770123564908001],[106.33159994287168,10.7694759085709]]},"properties":{"OBJECTID":169,"maNhanDang":"","phienBan":0,"ngayPhienBan":1787702400000,"giaTriDoChinhXacMatPhang":0,"nguyenNhanThayDoi":null,"maDoiTuong":"KE03","loaiTrangThaiDuongBoNuoc":1,"loaiDuongBoNuoc":"Phá","SHAPE_Length":304.8293081380657}},{"type":"Feature","id":170,"geometry":{"type":"LineString","coordinates":[[106.33385569344954,10.766313081971841],[106.33720212279063,10.768241406714392],[106.3372619566717,10.769907599132994],[106.33401629906946,10.770849431567376]]},"properties":{"OBJECTID":170,"maNhanDang":"","phienBan":0,"ngayPhienBan":1787702400000,"giaTriDoChinhXacMatPhang":0,"nguyenNhanThayDoi":null,"maDoiTuong":"KE03","loaiTrangThaiDuongBoNuoc":1,"loaiDuongBoNuoc":"Phá","SHAPE_Length":977.94640186998276}},{"type":"Feature","id":171,"geometry":{"type":"LineString","coordinates":[[106.33369203526077,10.770554911536765],[106.33378429309387,10.770600586533948],[106.33719060676275,10.769646869070689],[106.33718766846957,10.769557424855886],[106.33369203526077,10.770554911536765]]},"properties":{"OBJECTID":171,"maNhanDang":"","phienBan":0,"ngayPhienBan":1787702400000,"giaTriDoChinhXacMatPhang":0,"nguyenNhanThayDoi":null,"maDoiTuong":"KE03","loaiTrangThaiDuongBoNuoc":1,"loaiDuongBoNuoc":"Phá","SHAPE_Length":806.26880159994846}},{"type":"Feature","id":172,"geometry":{"type":"LineString","coordinates":[[106.33362288392473,10.77052087217467],[106.33718669977783,10.769512384461603],[106.33718219435923,10.769424872561716],[106.33352136084906,10.770471858547152],[106.33362288392473,10.77052087217467]]},"properties":{"OBJECTID":172,"maNhanDang":"","phienBan":0,"ngayPhienBan":1787702400000,"giaTriDoChinhXacMatPhang":0,"nguyenNhanThayDoi":null,"maDoiTuong":"KE03","loaiTrangThaiDuongBoNuoc":1,"loaiDuongBoNuoc":"Phá","SHAPE_Length":844.23750718363897}},{"type":"Feature","id":173,"geometry":{"type":"LineString","coordinates":[[106.33717446884241,10.769298796072855],[106.33338223624413,10.770375746944506],[106.33338450519724,10.770401140648238],[106.33348062171426,10.770442145132943],[106.33718216871435,10.769384255043208],[106.33717446884241,10.769298796072855]]},"properties":{"OBJECTID":173,"maNhanDang":"","phienBan":0,"ngayPhienBan":1787702400000,"giaTriDoChinhXacMatPhang":0,"nguyenNhanThayDoi":null,"maDoiTuong":"KE03","loaiTrangThaiDuongBoNuoc":1,"loaiDuongBoNuoc":"Phá","SHAPE_Length":876.66084650423181}},{"type":"Feature","id":174,"geometry":{"type":"LineString","coordinates":[[106.33332010485996,10.770350890804993],[106.33717376475579,10.769260073022842],[106.33717166529509,10.769181666269862],[106.33324928617209,10.770300884471425],[106.33332010485996,10.770350890804993]]},"properties":{"OBJECTID":174,"maNhanDang":"","phienBan":0,"ngayPhienBan":1787702400000,"giaTriDoChinhXacMatPhang":0,"nguyenNhanThayDoi":null,"maDoiTuong":"KE03","loaiTrangThaiDuongBoNuoc":1,"loaiDuongBoNuoc":"Phá","SHAPE_Length":903.06176751770261}},{"type":"Feature","id":175,"geometry":{"type":"LineString","coordinates":[[106.33309697086514,10.770217955816332],[106.33318467527225,10.770269487284706],[106.33717208659968,10.769139541674738],[106.33716978024596,10.769052508396749],[106.33309697086514,10.770217955816332]]},"properties":{"OBJECTID":175,"maNhanDang":"","phienBan":0,"ngayPhienBan":1787702400000,"giaTriDoChinhXacMatPhang":0,"nguyenNhanThayDoi":null,"maDoiTuong":"KE03","loaiTrangThaiDuongBoNuoc":1,"loaiDuongBoNuoc":"Phá","SHAPE_Length":938.13554895637526}},{"type":"Feature","id":176,"geometry":{"type":"LineString","coordinates":[[106.33303972772983,10.770184544871434],[106.33716939286539,10.769014902213129],[106.33716426708921,10.768931883050024],[106.33294799629452,10.770130999363754],[106.33303972772983,10.770184544871434]]},"properties":{"OBJECTID":176,"maNhanDang":"","phienBan":0,"ngayPhienBan":1787702400000,"giaTriDoChinhXacMatPhang":0,"nguyenNhanThayDoi":null,"maDoiTuong":"KE03","loaiTrangThaiDuongBoNuoc":1,"loaiDuongBoNuoc":"Phá","SHAPE_Length":970.47069051958522}},{"type":"Feature","id":177,"geometry":{"type":"LineString","coordinates":[[106.33715963084296,10.768809858303866],[106.33280011471815,10.770046548753523],[106.33289110532391,10.770096215303695],[106.33716168453509,10.768896741981472],[106.33715963084296,10.768809858303866]]},"properties":{"OBJECTID":177,"maNhanDang":"","phienBan":0,"ngayPhienBan":1787702400000,"giaTriDoChinhXacMatPhang":0,"nguyenNhanThayDoi":null,"maDoiTuong":"KE03","loaiTrangThaiDuongBoNuoc":1,"loaiDuongBoNuoc":"Phá","SHAPE_Length":1002.5306592170494}},{"type":"Feature","id":178,"geometry":{"type":"LineString","coordinates":[[106.33715220643772,10.768676828713801],[106.33265613254136,10.769962343888027],[106.33274323724304,10.770018767797527],[106.33715847941342,10.768767713179303],[106.33715220643772,10.768676828713801]]},"properties":{"OBJECTID":178,"maNhanDang":"","phienBan":0,"ngayPhienBan":1787702400000,"giaTriDoChinhXacMatPhang":0,"nguyenNhanThayDoi":null,"maDoiTuong":"KE03","loaiTrangThaiDuongBoNuoc":1,"loaiDuongBoNuoc":"Phá","SHAPE_Length":1035.6413944076605}},{"type":"Feature","id":179,"geometry":{"type":"LineString","coordinates":[[106.33259632439844,10.769930197991629],[106.33715167687019,10.768630011833762],[106.33715189493648,10.768548098207564],[106.33252979032549,10.769866710531693],[106.3325558709052,10.769896782524434],[106.33259632439844,10.769930197991629]]},"properties":{"OBJECTID":179,"maNhanDang":"","phienBan":0,"ngayPhienBan":1787702400000,"giaTriDoChinhXacMatPhang":0,"nguyenNhanThayDoi":null,"maDoiTuong":"KE03","loaiTrangThaiDuongBoNuoc":1,"loaiDuongBoNuoc":"Phá","SHAPE_Length":1063.8706624760823}},{"type":"Feature","id":180,"geometry":{"type":"LineString","coordinates":[[106.3324709723654,10.769843551311348],[106.33714528057583,10.768508498521177],[106.3371452256049,10.768414964117532],[106.33236740089492,10.769788503551121],[106.3324709723654,10.769843551311348]]},"properties":{"OBJECTID":180,"maNhanDang":"","phienBan":0,"ngayPhienBan":1787702400000,"giaTriDoChinhXacMatPhang":0,"nguyenNhanThayDoi":null,"maDoiTuong":"KE03","loaiTrangThaiDuongBoNuoc":1,"loaiDuongBoNuoc":"Phá","SHAPE_Length":1099.4869351943717}},{"type":"Feature","id":181,"geometry":{"type":"LineString","coordinates":[[106.33713883411633,10.768390350360244],[106.33714261122502,10.768295400112917],[106.33712528722239,10.768274329426751],[106.3322006003375,10.769704417264396],[106.33229739265764,10.769764222532771],[106.33713883411633,10.768390350360244]]},"properties":{"OBJECTID":181,"maNhanDang":"","phienBan":0,"ngayPhienBan":1787702400000,"giaTriDoChinhXacMatPhang":0,"nguyenNhanThayDoi":null,"maDoiTuong":"KE03","loaiTrangThaiDuongBoNuoc":1,"loaiDuongBoNuoc":"Phá","SHAPE_Length":1138.2027827952327}},{"type":"Feature","id":182,"geometry":{"type":"LineString","coordinates":[[106.33215126394238,10.769676271241725],[106.3370881880076,10.768259192717144],[106.33706964987074,10.768234410285794],[106.33700149256022,10.768198910566291],[106.33207044401172,10.76961945020884],[106.33215126394238,10.769676271241725]]},"properties":{"OBJECTID":182,"maNhanDang":"","phienBan":0,"ngayPhienBan":1787702400000,"giaTriDoChinhXacMatPhang":0,"nguyenNhanThayDoi":null,"maDoiTuong":"KE03","loaiTrangThaiDuongBoNuoc":1,"loaiDuongBoNuoc":"Phá","SHAPE_Length":1146.6162147494226}},{"type":"Feature","id":183,"geometry":{"type":"LineString","coordinates":[[106.33190208132801,10.769539832939031],[106.33199762276826,10.769594915827712],[106.33694862363451,10.768180572439677],[106.33685165615273,10.768116413018504],[106.33190208132801,10.769539832939031]]},"properties":{"OBJECTID":183,"maNhanDang":"","phienBan":0,"ngayPhienBan":1787702400000,"giaTriDoChinhXacMatPhang":0,"nguyenNhanThayDoi":null,"maDoiTuong":"KE03","loaiTrangThaiDuongBoNuoc":1,"loaiDuongBoNuoc":"Phá","SHAPE_Length":1152.2212819041497}},{"type":"Feature","id":184,"geometry":{"type":"LineString","coordinates":[[106.3367016235744,10.768026057332088],[106.33174665757984,10.769455775670917],[106.33185928133371,10.769507175797031],[106.33682092304622,10.768093883158922],[106.3367016235744,10.768026057332088]]},"properties":{"OBJECTID":184,"maNhanDang":"","phienBan":0,"ngayPhienBan":1787702400000,"giaTriDoChinhXacMatPhang":0,"nguyenNhanThayDoi":null,"maDoiTuong":"KE03","loaiTrangThaiDuongBoNuoc":1,"loaiDuongBoNuoc":"Phá","SHAPE_Length":1157.8289661267345}},{"type":"Feature","id":185,"geometry":{"type":"LineString","coordinates":[[106.33265533572174,10.768520238926701],[106.33594019253152,10.767584204342118],[106.33583575166124,10.767522968093781],[106.33272035712392,10.768411507199527]]},"properties":{"OBJECTID":185,"maNhanDang":"","phienBan":0,"ngayPhienBan":1787702400000,"giaTriDoChinhXacMatPhang":0,"nguyenNhanThayDoi":null,"maDoiTuong":"KE03","loaiTrangThaiDuongBoNuoc":1,"loaiDuongBoNuoc":"Phá","SHAPE_Length":741.76499381865142}},{"type":"Feature","id":186,"geometry":{"type":"LineString","coordinates":[[106.33611993170931,10.767694215454892],[106.3324043931006,10.768761848325127]]},"properties":{"OBJECTID":186,"maNhanDang":"","phienBan":0,"ngayPhienBan":1787702400000,"giaTriDoChinhXacMatPhang":0,"nguyenNhanThayDoi":null,"maDoiTuong":"KE03","loaiTrangThaiDuongBoNuoc":1,"loaiDuongBoNuoc":"Phá","SHAPE_Length":423.16617836563699}},{"type":"Feature","id":187,"geometry":{"type":"LineString","coordinates":[[106.33234359508049,10.76886351103936],[106.33622903457163,10.767761379105544],[106.33611993170931,10.767694215454892]]},"properties":{"OBJECTID":187,"maNhanDang":"","phienBan":0,"ngayPhienBan":1787702400000,"giaTriDoChinhXacMatPhang":0,"nguyenNhanThayDoi":null,"maDoiTuong":"KE03","loaiTrangThaiDuongBoNuoc":1,"loaiDuongBoNuoc":"Phá","SHAPE_Length":456.13261587395203}},{"type":"Feature","id":188,"geometry":{"type":"LineString","coordinates":[[106.33608185980118,10.767669652505935],[106.33597706367482,10.767609140259577],[106.3326260277706,10.768569249207767]]},"properties":{"OBJECTID":188,"maNhanDang":"","phienBan":0,"ngayPhienBan":1787702400000,"giaTriDoChinhXacMatPhang":0,"nguyenNhanThayDoi":null,"maDoiTuong":"KE03","loaiTrangThaiDuongBoNuoc":1,"loaiDuongBoNuoc":"Phá","SHAPE_Length":394.83930478446717}},{"type":"Feature","id":189,"geometry":{"type":"LineString","coordinates":[[106.33256444786355,10.76867222437512],[106.33608185980118,10.767669652505935]]},"properties":{"OBJECTID":189,"maNhanDang":"","phienBan":0,"ngayPhienBan":1787702400000,"giaTriDoChinhXacMatPhang":0,"nguyenNhanThayDoi":null,"maDoiTuong":"KE03","loaiTrangThaiDuongBoNuoc":1,"loaiDuongBoNuoc":"Phá","SHAPE_Length":400.35138765603784}},{"type":"Feature","id":190,"geometry":{"type":"LineString","coordinates":[[106.33578674583897,10.767494572488845],[106.33567943963901,10.767432493551397],[106.33281144534541,10.768259186817176]]},"properties":{"OBJECTID":190,"maNhanDang":"","phienBan":0,"ngayPhienBan":1787702400000,"giaTriDoChinhXacMatPhang":0,"nguyenNhanThayDoi":null,"maDoiTuong":"KE03","loaiTrangThaiDuongBoNuoc":1,"loaiDuongBoNuoc":"Phá","SHAPE_Length":340.3160569581608}},{"type":"Feature","id":191,"geometry":{"type":"LineString","coordinates":[[106.33274822316802,10.768364909951227],[106.33578674583897,10.767494572488845]]},"properties":{"OBJECTID":191,"maNhanDang":"","phienBan":0,"ngayPhienBan":1787702400000,"giaTriDoChinhXacMatPhang":0,"nguyenNhanThayDoi":null,"maDoiTuong":"KE03","loaiTrangThaiDuongBoNuoc":1,"loaiDuongBoNuoc":"Phá","SHAPE_Length":345.9754513650924}},{"type":"Feature","id":192,"geometry":{"type":"LineString","coordinates":[[106.33283704372242,10.768216378386809],[106.3356420588897,10.767411634239751],[106.33553290370963,10.767342817772613],[106.33289996324731,10.768111162101713]]},"properties":{"OBJECTID":192,"maNhanDang":"","phienBan":0,"ngayPhienBan":1787702400000,"giaTriDoChinhXacMatPhang":0,"nguyenNhanThayDoi":null,"maDoiTuong":"KE03","loaiTrangThaiDuongBoNuoc":1,"loaiDuongBoNuoc":"Phá","SHAPE_Length":633.82052173433203}},{"type":"Feature","id":193,"geometry":{"type":"LineString","coordinates":[[106.33538444592115,10.767257893879297],[106.33299772841039,10.76794767794965]]},"properties":{"OBJECTID":193,"maNhanDang":"","phienBan":0,"ngayPhienBan":1787702400000,"giaTriDoChinhXacMatPhang":0,"nguyenNhanThayDoi":null,"maDoiTuong":"KE03","loaiTrangThaiDuongBoNuoc":1,"loaiDuongBoNuoc":"Phá","SHAPE_Length":271.94912944610093}},{"type":"Feature","id":194,"geometry":{"type":"LineString","coordinates":[[106.33293409986422,10.768054081764397],[106.33548553267165,10.767320979177699],[106.33538444592115,10.767257893879297]]},"properties":{"OBJECTID":194,"maNhanDang":"","phienBan":0,"ngayPhienBan":1787702400000,"giaTriDoChinhXacMatPhang":0,"nguyenNhanThayDoi":null,"maDoiTuong":"KE03","loaiTrangThaiDuongBoNuoc":1,"loaiDuongBoNuoc":"Phá","SHAPE_Length":303.65791702121641}},{"type":"Feature","id":195,"geometry":{"type":"LineString","coordinates":[[106.33525620137497,10.767180772117159],[106.33308513055191,10.767801519539578]]},"properties":{"OBJECTID":195,"maNhanDang":"","phienBan":0,"ngayPhienBan":1787702400000,"giaTriDoChinhXacMatPhang":0,"nguyenNhanThayDoi":null,"maDoiTuong":"KE03","loaiTrangThaiDuongBoNuoc":1,"loaiDuongBoNuoc":"Phá","SHAPE_Length":247.17056449738027}},{"type":"Feature","id":196,"geometry":{"type":"LineString","coordinates":[[106.3330293603823,10.767894781062427],[106.33533035316634,10.767233523810814],[106.33525620137497,10.767180772117159]]},"properties":{"OBJECTID":196,"maNhanDang":"","phienBan":0,"ngayPhienBan":1787702400000,"giaTriDoChinhXacMatPhang":0,"nguyenNhanThayDoi":null,"maDoiTuong":"KE03","loaiTrangThaiDuongBoNuoc":1,"loaiDuongBoNuoc":"Phá","SHAPE_Length":272.05594173992296}},{"type":"Feature","id":197,"geometry":{"type":"LineString","coordinates":[[106.33511410061269,10.767098835891591],[106.33317523954614,10.767650835517056]]},"properties":{"OBJECTID":197,"maNhanDang":"","phienBan":0,"ngayPhienBan":1787702400000,"giaTriDoChinhXacMatPhang":0,"nguyenNhanThayDoi":null,"maDoiTuong":"KE03","loaiTrangThaiDuongBoNuoc":1,"loaiDuongBoNuoc":"Phá","SHAPE_Length":220.66197368450361}},{"type":"Feature","id":198,"geometry":{"type":"LineString","coordinates":[[106.33311179522569,10.767756929815315],[106.33521030112954,10.767163912291707],[106.33511410061269,10.767098835891591]]},"properties":{"OBJECTID":198,"maNhanDang":"","phienBan":0,"ngayPhienBan":1787702400000,"giaTriDoChinhXacMatPhang":0,"nguyenNhanThayDoi":null,"maDoiTuong":"KE03","loaiTrangThaiDuongBoNuoc":1,"loaiDuongBoNuoc":"Phá","SHAPE_Length":251.44363390985532}},{"type":"Feature","id":199,"geometry":{"type":"LineString","coordinates":[[106.33506531921137,10.767077688813728],[106.33495893912985,10.767016819356904],[106.33314238711932,10.767536955375435]]},"properties":{"OBJECTID":199,"maNhanDang":"","phienBan":0,"ngayPhienBan":1787702400000,"giaTriDoChinhXacMatPhang":0,"nguyenNhanThayDoi":null,"maDoiTuong":"KE03","loaiTrangThaiDuongBoNuoc":1,"loaiDuongBoNuoc":"Phá","SHAPE_Length":220.27485400481433}},{"type":"Feature","id":200,"geometry":{"type":"LineString","coordinates":[[106.33318640082622,10.767614091791323],[106.33506531921137,10.767077688813728]]},"properties":{"OBJECTID":200,"maNhanDang":"","phienBan":0,"ngayPhienBan":1787702400000,"giaTriDoChinhXacMatPhang":0,"nguyenNhanThayDoi":null,"maDoiTuong":"KE03","loaiTrangThaiDuongBoNuoc":1,"loaiDuongBoNuoc":"Phá","SHAPE_Length":213.88493024539088}},{"type":"Feature","id":201,"geometry":{"type":"LineString","coordinates":[[106.33316879758547,10.767480963615219],[106.33490796461541,10.766983082279118],[106.33480321053581,10.766925169721375],[106.33323107339281,10.767376826169329]]},"properties":{"OBJECTID":201,"maNhanDang":"","phienBan":0,"ngayPhienBan":1787702400000,"giaTriDoChinhXacMatPhang":0,"nguyenNhanThayDoi":null,"maDoiTuong":"KE03","loaiTrangThaiDuongBoNuoc":1,"loaiDuongBoNuoc":"Phá","SHAPE_Length":390.19465486689444}},{"type":"Feature","id":202,"geometry":{"type":"LineString","coordinates":[[106.33465513891767,10.766835460231235],[106.33328528491995,10.767234861868626]]},"properties":{"OBJECTID":202,"maNhanDang":"","phienBan":0,"ngayPhienBan":1787702400000,"giaTriDoChinhXacMatPhang":0,"nguyenNhanThayDoi":null,"maDoiTuong":"KE03","loaiTrangThaiDuongBoNuoc":1,"loaiDuongBoNuoc":"Phá","SHAPE_Length":156.19425365272943}},{"type":"Feature","id":203,"geometry":{"type":"LineString","coordinates":[[106.33326111120198,10.767321373656621],[106.33476033409768,10.766892652347108],[106.33465513891767,10.766835460231235]]},"properties":{"OBJECTID":203,"maNhanDang":"","phienBan":0,"ngayPhienBan":1787702400000,"giaTriDoChinhXacMatPhang":0,"nguyenNhanThayDoi":null,"maDoiTuong":"KE03","loaiTrangThaiDuongBoNuoc":1,"loaiDuongBoNuoc":"Phá","SHAPE_Length":183.81406171147427}},{"type":"Feature","id":204,"geometry":{"type":"LineString","coordinates":[[106.33331422268741,10.767193166398712],[106.33460767595875,10.766819937709345],[106.33450785699789,10.766754086786323],[106.33333371308017,10.767101915083087]]},"properties":{"OBJECTID":204,"maNhanDang":"","phienBan":0,"ngayPhienBan":1787702400000,"giaTriDoChinhXacMatPhang":0,"nguyenNhanThayDoi":null,"maDoiTuong":"KE03","loaiTrangThaiDuongBoNuoc":1,"loaiDuongBoNuoc":"Phá","SHAPE_Length":294.53706221488841}},{"type":"Feature","id":205,"geometry":{"type":"LineString","coordinates":[[106.33435933905841,10.766673719146951],[106.33340961699511,10.766973428063185]]},"properties":{"OBJECTID":205,"maNhanDang":"","phienBan":0,"ngayPhienBan":1787702400000,"giaTriDoChinhXacMatPhang":0,"nguyenNhanThayDoi":null,"maDoiTuong":"KE03","loaiTrangThaiDuongBoNuoc":1,"loaiDuongBoNuoc":"Phá","SHAPE_Length":109.03000421190471}},{"type":"Feature","id":206,"geometry":{"type":"LineString","coordinates":[[106.33344325913029,10.767017766934048],[106.33445506867945,10.766727084975217],[106.33435933905841,10.766673719146951]]},"properties":{"OBJECTID":206,"maNhanDang":"","phienBan":0,"ngayPhienBan":1787702400000,"giaTriDoChinhXacMatPhang":0,"nguyenNhanThayDoi":null,"maDoiTuong":"KE03","loaiTrangThaiDuongBoNuoc":1,"loaiDuongBoNuoc":"Phá","SHAPE_Length":127.2536933905874}},{"type":"Feature","id":207,"geometry":{"type":"LineString","coordinates":[[106.33352523849771,10.766868660402277],[106.33431144911387,10.766643476826935],[106.33420120783759,10.766584889083399],[106.33352951243617,10.766792771243985]]},"properties":{"OBJECTID":207,"maNhanDang":"","phienBan":0,"ngayPhienBan":1787702400000,"giaTriDoChinhXacMatPhang":0,"nguyenNhanThayDoi":null,"maDoiTuong":"KE03","loaiTrangThaiDuongBoNuoc":1,"loaiDuongBoNuoc":"Phá","SHAPE_Length":180.18386389261127}},{"type":"Feature","id":208,"geometry":{"type":"LineString","coordinates":[[106.33357269229771,10.766739773018902],[106.33416183099858,10.766561523560298],[106.33404958112273,10.766495907453272],[106.33355062438541,10.766681346393856]]},"properties":{"OBJECTID":208,"maNhanDang":"","phienBan":0,"ngayPhienBan":1787702400000,"giaTriDoChinhXacMatPhang":0,"nguyenNhanThayDoi":null,"maDoiTuong":"KE03","loaiTrangThaiDuongBoNuoc":1,"loaiDuongBoNuoc":"Phá","SHAPE_Length":139.93944854139571}},{"type":"Feature","id":209,"geometry":{"type":"LineString","coordinates":[[106.33401801165726,10.766475704214921],[106.33391128881986,10.766414212999702],[106.3336687327082,10.766495794476192]]},"properties":{"OBJECTID":209,"maNhanDang":"","phienBan":0,"ngayPhienBan":1787702400000,"giaTriDoChinhXacMatPhang":0,"nguyenNhanThayDoi":null,"maDoiTuong":"KE03","loaiTrangThaiDuongBoNuoc":1,"loaiDuongBoNuoc":"Phá","SHAPE_Length":41.529396555939208}},{"type":"Feature","id":210,"geometry":{"type":"LineString","coordinates":[[106.33364798116405,10.766588268717792],[106.33401801165726,10.766475704214921]]},"properties":{"OBJECTID":210,"maNhanDang":"","phienBan":0,"ngayPhienBan":1787702400000,"giaTriDoChinhXacMatPhang":0,"nguyenNhanThayDoi":null,"maDoiTuong":"KE03","loaiTrangThaiDuongBoNuoc":1,"loaiDuongBoNuoc":"Phá","SHAPE_Length":42.341089728360657}},{"type":"Feature","id":211,"geometry":{"type":"LineString","coordinates":[[106.33398499135967,10.770723296301803],[106.33403245350978,10.770752326137572],[106.3371208200664,10.76987591013971],[106.33719277373736,10.76985735556241],[106.33719636506538,10.769805285297505],[106.33398499135967,10.770723296301803]]},"properties":{"OBJECTID":211,"maNhanDang":"","phienBan":0,"ngayPhienBan":1787702400000,"giaTriDoChinhXacMatPhang":0,"nguyenNhanThayDoi":null,"maDoiTuong":"KE03","loaiTrangThaiDuongBoNuoc":1,"loaiDuongBoNuoc":"Phá","SHAPE_Length":737.00373653804058}},{"type":"Feature","id":212,"geometry":{"type":"LineString","coordinates":[[106.33393910825768,10.770692806075235],[106.33719404928816,10.769769096779463],[106.33719131335953,10.769686884976844],[106.33383396329786,10.770637633417616],[106.33393910825768,10.770692806075235]]},"properties":{"OBJECTID":212,"maNhanDang":"","phienBan":0,"ngayPhienBan":1787702400000,"giaTriDoChinhXacMatPhang":0,"nguyenNhanThayDoi":null,"maDoiTuong":"KE03","loaiTrangThaiDuongBoNuoc":1,"loaiDuongBoNuoc":"Phá","SHAPE_Length":774.40878279931417}},{"type":"Feature","id":213,"geometry":{"type":"LineString","coordinates":[[106.33637101818775,10.767842951559201],[106.3362654664466,10.767779477207348],[106.33230986294505,10.768919916100643]]},"properties":{"OBJECTID":213,"maNhanDang":"","phienBan":0,"ngayPhienBan":1787702400000,"giaTriDoChinhXacMatPhang":0,"nguyenNhanThayDoi":null,"maDoiTuong":"KE03","loaiTrangThaiDuongBoNuoc":1,"loaiDuongBoNuoc":"Phá","SHAPE_Length":464.13662863843103}},{"type":"Feature","id":214,"geometry":{"type":"LineString","coordinates":[[106.33225101715921,10.76901831675575],[106.33637101818775,10.767842951559201]]},"properties":{"OBJECTID":214,"maNhanDang":"","phienBan":0,"ngayPhienBan":1787702400000,"giaTriDoChinhXacMatPhang":0,"nguyenNhanThayDoi":null,"maDoiTuong":"KE03","loaiTrangThaiDuongBoNuoc":1,"loaiDuongBoNuoc":"Phá","SHAPE_Length":468.96940509726909}},{"type":"Feature","id":215,"geometry":{"type":"LineString","coordinates":[[106.33650700935122,10.767920830277752],[106.33641746426574,10.76786869023716],[106.33221745816614,10.76907443397918]]},"properties":{"OBJECTID":215,"maNhanDang":"","phienBan":0,"ngayPhienBan":1787702400000,"giaTriDoChinhXacMatPhang":0,"nguyenNhanThayDoi":null,"maDoiTuong":"KE03","loaiTrangThaiDuongBoNuoc":1,"loaiDuongBoNuoc":"Phá","SHAPE_Length":489.67359308838491}},{"type":"Feature","id":216,"geometry":{"type":"LineString","coordinates":[[106.33216389317079,10.769164002494829],[106.33650700935122,10.767920830277752]]},"properties":{"OBJECTID":216,"maNhanDang":"","phienBan":0,"ngayPhienBan":1787702400000,"giaTriDoChinhXacMatPhang":0,"nguyenNhanThayDoi":null,"maDoiTuong":"KE03","loaiTrangThaiDuongBoNuoc":1,"loaiDuongBoNuoc":"Phá","SHAPE_Length":494.49350969130802}},{"type":"Feature","id":217,"geometry":{"type":"LineString","coordinates":[[106.33654735009723,10.767946942122224],[106.33213324891319,10.769215244754344]]},"properties":{"OBJECTID":217,"maNhanDang":"","phienBan":0,"ngayPhienBan":1787702400000,"giaTriDoChinhXacMatPhang":0,"nguyenNhanThayDoi":null,"maDoiTuong":"KE03","loaiTrangThaiDuongBoNuoc":1,"loaiDuongBoNuoc":"Phá","SHAPE_Length":502.7238312354371}},{"type":"Feature","id":218,"geometry":{"type":"LineString","coordinates":[[106.33207041274845,10.769320316088901],[106.33666767256544,10.76800762549882],[106.33654735009723,10.767946942122224]]},"properties":{"OBJECTID":218,"maNhanDang":"","phienBan":0,"ngayPhienBan":1787702400000,"giaTriDoChinhXacMatPhang":0,"nguyenNhanThayDoi":null,"maDoiTuong":"KE03","loaiTrangThaiDuongBoNuoc":1,"loaiDuongBoNuoc":"Phá","SHAPE_Length":538.10234699667626}},{"type":"Feature","id":219,"geometry":{"type":"LineString","coordinates":[[106.33526764983662,10.771980380337634],[106.33575113466863,10.772250563126311],[106.3363718001775,10.772600355575351],[106.33709949763158,10.773001877250266],[106.33780675205323,10.773407421147596]]},"properties":{"OBJECTID":219,"maNhanDang":"","phienBan":0,"ngayPhienBan":1787702400000,"giaTriDoChinhXacMatPhang":0,"nguyenNhanThayDoi":null,"maDoiTuong":"KE03","loaiTrangThaiDuongBoNuoc":1,"loaiDuongBoNuoc":"Phá","SHAPE_Length":319.4199158287301}},{"type":"Feature","id":220,"geometry":{"type":"LineString","coordinates":[[106.33789669324085,10.773462912321126],[106.33792741946074,10.773457056955632],[106.33863235288079,10.773865118452713],[106.33890019463117,10.774023868459144],[106.33943251492312,10.774331477861759],[106.34007801091678,10.774685308940613],[106.34062563684465,10.774994959210703],[106.34117611939625,10.775299420708205],[106.34150857580364,10.775482667254513],[106.34152915267507,10.775506857812323],[106.34162966316715,10.775566846336309],[106.34158319455744,10.77567087561737]]},"properties":{"OBJECTID":220,"maNhanDang":"","phienBan":0,"ngayPhienBan":1787702400000,"giaTriDoChinhXacMatPhang":0,"nguyenNhanThayDoi":null,"maDoiTuong":"KE03","loaiTrangThaiDuongBoNuoc":1,"loaiDuongBoNuoc":"Phá","SHAPE_Length":483.57133355752779}},{"type":"Feature","id":221,"geometry":{"type":"LineString","coordinates":[[106.34213058206838,10.77560800971092],[106.34170471711117,10.775366398246756],[106.34165334359014,10.775338270385387]]},"properties":{"OBJECTID":221,"maNhanDang":"","phienBan":0,"ngayPhienBan":1787702400000,"giaTriDoChinhXacMatPhang":0,"nguyenNhanThayDoi":null,"maDoiTuong":"KE03","loaiTrangThaiDuongBoNuoc":1,"loaiDuongBoNuoc":"Phá","SHAPE_Length":60.119066601661558}},{"type":"Feature","id":222,"geometry":{"type":"LineString","coordinates":[[106.34160652489226,10.77531263455549],[106.3412698640156,10.775128298552314],[106.34073357490705,10.774835218066929],[106.34030080899905,10.774584455568123],[106.3400199755434,10.774429941057679],[106.33932756356678,10.774037552430595],[106.33888843232968,10.773783096743822],[106.33846813253574,10.773549416996406],[106.33802602505781,10.773300393868061],[106.33756488535153,10.773038497420583],[106.33690699799888,10.772668310968852],[106.33589386872841,10.772103451360955],[106.33553325308186,10.771893748810937],[106.33539216905547,10.771812058655671]]},"properties":{"OBJECTID":222,"maNhanDang":"","phienBan":0,"ngayPhienBan":1787702400000,"giaTriDoChinhXacMatPhang":0,"nguyenNhanThayDoi":null,"maDoiTuong":"KE03","loaiTrangThaiDuongBoNuoc":1,"loaiDuongBoNuoc":"Phá","SHAPE_Length":782.21282011041205}},{"type":"Feature","id":223,"geometry":{"type":"LineString","coordinates":[[106.33960781013371,10.775283529185975],[106.33981327611285,10.774924475040748],[106.34114601878275,10.775668124248385],[106.34120584632323,10.775590178091999],[106.34129053120871,10.775647614814865],[106.34123698437512,10.775682832164009],[106.34111392231978,10.775763772181097],[106.34105159346272,10.775813846123134],[106.34099286069761,10.77593555937626],[106.34099742916557,10.77603222771185],[106.34119224856921,10.77611167712087],[106.34116142387268,10.776165564136532],[106.34104923195684,10.776151929174855],[106.34099316821357,10.776161623165789],[106.34074843788576,10.776442098144758],[106.33966120698365,10.775811978103061],[106.33971544238186,10.77571513092084],[106.33968502470036,10.775697323816937],[106.33986135731745,10.77542489794034],[106.3397054180998,10.775337951016704]]},"properties":{"OBJECTID":223,"maNhanDang":"","phienBan":0,"ngayPhienBan":1787702400000,"giaTriDoChinhXacMatPhang":0,"nguyenNhanThayDoi":null,"maDoiTuong":"KE03","loaiTrangThaiDuongBoNuoc":1,"loaiDuongBoNuoc":"Phá","SHAPE_Length":591.38961230423831}},{"type":"Feature","id":224,"geometry":{"type":"LineString","coordinates":[[106.33738421345875,10.768124344418284],[106.34362843271417,10.771725073103777],[106.34380071543245,10.771797589944594],[106.34388393187261,10.771784445869418],[106.34532957752533,10.770201526559575],[106.34560310293089,10.769886622821611],[106.34571374453071,10.769796461542455],[106.34582615548008,10.76979986554527]]},"properties":{"OBJECTID":224,"maNhanDang":"","phienBan":0,"ngayPhienBan":1787702400000,"giaTriDoChinhXacMatPhang":0,"nguyenNhanThayDoi":null,"maDoiTuong":"KE03","loaiTrangThaiDuongBoNuoc":1,"loaiDuongBoNuoc":"Phá","SHAPE_Length":1130.0474626239964}},{"type":"Feature","id":225,"geometry":{"type":"LineString","coordinates":[[106.34364030952914,10.771911375961913],[106.33748361628562,10.768357109967628],[106.33741865427852,10.768415359394391],[106.3375092071653,10.771592297507802],[106.33753578387885,10.77219113326152],[106.33755920779448,10.772833245143763],[106.33760803930812,10.772917391102695],[106.33844704708059,10.773387446119894],[106.33973016462973,10.774133346169767],[106.34078648173542,10.774714727458194],[106.3414532854398,10.775075337246131],[106.3416691927478,10.775181539995472],[106.34160652489226,10.77531263455549]]},"properties":{"OBJECTID":225,"maNhanDang":"","phienBan":0,"ngayPhienBan":1787702400000,"giaTriDoChinhXacMatPhang":0,"nguyenNhanThayDoi":null,"maDoiTuong":"KE03","loaiTrangThaiDuongBoNuoc":1,"loaiDuongBoNuoc":"Phá","SHAPE_Length":1814.9126612051352}},{"type":"Feature","id":226,"geometry":{"type":"LineString","coordinates":[[106.34165334359014,10.775338270385387],[106.34173266791774,10.77519696567356],[106.34179734806196,10.775095270333752],[106.34246830889774,10.774035439344402],[106.34324196297268,10.772762260341587],[106.34355765009306,10.772286434848244]]},"properties":{"OBJECTID":226,"maNhanDang":"","phienBan":0,"ngayPhienBan":1787702400000,"giaTriDoChinhXacMatPhang":0,"nguyenNhanThayDoi":null,"maDoiTuong":"KE03","loaiTrangThaiDuongBoNuoc":1,"loaiDuongBoNuoc":"Phá","SHAPE_Length":396.69154310045485}},{"type":"Feature","id":227,"geometry":{"type":"LineString","coordinates":[[106.34422284581031,10.772248893388895],[106.34425199362902,10.772188053187529],[106.34433755364603,10.772193076865218],[106.34451103523946,10.772270576184704],[106.34447889829431,10.772326238042215],[106.34426638887997,10.77225770623925],[106.34422284581031,10.772248893388895]]},"properties":{"OBJECTID":227,"maNhanDang":"","phienBan":0,"ngayPhienBan":1787702400000,"giaTriDoChinhXacMatPhang":0,"nguyenNhanThayDoi":null,"maDoiTuong":"KE03","loaiTrangThaiDuongBoNuoc":1,"loaiDuongBoNuoc":"Phá","SHAPE_Length":74.035561147147646}},{"type":"Feature","id":228,"geometry":{"type":"LineString","coordinates":[[106.33657738405395,10.77033754847105],[106.33530838307834,10.770693449766963],[106.33427505406679,10.77099474454894],[106.33429254577749,10.77106582625499],[106.33541135321819,10.771682719928176],[106.33722320305355,10.77270366268313],[106.33738659534831,10.772795927420198],[106.33741150456795,10.772795880215407],[106.33734999236179,10.770707368548711],[106.33734143842165,10.770337872156567],[106.33735354917495,10.77017224715812],[106.33727459012948,10.770128786601811],[106.33657738405395,10.77033754847105]]},"properties":{"OBJECTID":228,"maNhanDang":"","phienBan":0,"ngayPhienBan":1787702400000,"giaTriDoChinhXacMatPhang":0,"nguyenNhanThayDoi":null,"maDoiTuong":"KE03","loaiTrangThaiDuongBoNuoc":1,"loaiDuongBoNuoc":"Phá","SHAPE_Length":1041.5483753917417}},{"type":"Feature","id":229,"geometry":{"type":"LineString","coordinates":[[106.34158319455744,10.77567087561737],[106.34154141152949,10.775679542506586],[106.34083054687501,10.775289317369676],[106.33935886882325,10.774453475962659],[106.33785345296393,10.773598884032605],[106.3378163494632,10.773557387547669],[106.33782035932194,10.773523148946085],[106.33785062909045,10.773485618440729],[106.33789669324085,10.773462912321126]]},"properties":{"OBJECTID":229,"maNhanDang":"","phienBan":0,"ngayPhienBan":1787702400000,"giaTriDoChinhXacMatPhang":0,"nguyenNhanThayDoi":null,"maDoiTuong":"KE03","loaiTrangThaiDuongBoNuoc":1,"loaiDuongBoNuoc":"Phá","SHAPE_Length":489.92314577024268}},{"type":"Feature","id":230,"geometry":{"type":"LineString","coordinates":[[106.33780675205323,10.773407421147596],[106.33780134718958,10.773463512659886],[106.33777337334087,10.773507136050469],[106.33773761806545,10.773521481386505],[106.33765845865481,10.77353361260575],[106.33758041838048,10.773562693540544],[106.33764406309456,10.775965463600798],[106.33765869846398,10.776089794648421],[106.33760935901216,10.776090090733085],[106.33759249381336,10.776104054878148],[106.33757602657782,10.776097855054127],[106.33751202429031,10.776099191517405],[106.33751095188626,10.775946042811134],[106.33470140222207,10.776753444858839],[106.33458056149432,10.776779342052986]]},"properties":{"OBJECTID":230,"maNhanDang":"","phienBan":0,"ngayPhienBan":1787702400000,"giaTriDoChinhXacMatPhang":0,"nguyenNhanThayDoi":null,"maDoiTuong":"KE03","loaiTrangThaiDuongBoNuoc":1,"loaiDuongBoNuoc":"Phá","SHAPE_Length":680.91707556315464}},{"type":"Feature","id":231,"geometry":{"type":"LineString","coordinates":[[106.334566544232,10.776682807074723],[106.33471315809646,10.776618248980647],[106.33504891292532,10.776520037590027],[106.33576285258167,10.776314000720809],[106.33673052809446,10.776036958574874],[106.33735230431539,10.775858944315305],[106.3374730168352,10.775812537732095],[106.33750489789325,10.775747604575315],[106.33751646380944,10.775649961660982],[106.33747776357802,10.774366373606178],[106.33744510193235,10.773598495600899],[106.33744480354919,10.773444584149523],[106.33743204664825,10.773428773936599],[106.33740907383986,10.773427784994638],[106.3373910335664,10.773396815818568],[106.33742986833202,10.773382406823547],[106.33740496753893,10.773351920782108],[106.33739491332989,10.773354874542157],[106.33662048651867,10.772908926037999],[106.33485803755103,10.771901545666433],[106.33393060582712,10.771363546564436],[106.33361999674047,10.771185871941896],[106.33347408731723,10.771213331071321]]},"properties":{"OBJECTID":231,"maNhanDang":"","phienBan":0,"ngayPhienBan":1787702400000,"giaTriDoChinhXacMatPhang":0,"nguyenNhanThayDoi":null,"maDoiTuong":"KE03","loaiTrangThaiDuongBoNuoc":1,"loaiDuongBoNuoc":"Phá","SHAPE_Length":1107.6993730772103}},{"type":"Feature","id":232,"geometry":{"type":"LineString","coordinates":[[106.34487456715095,10.769479468603013],[106.34509742891514,10.769646738479018],[106.34563156432415,10.76958465545507],[106.34663648361419,10.769522636942083],[106.34846923868149,10.769469216613979],[106.34850917353704,10.769438284485135],[106.34824698965406,10.769239804010345]]},"properties":{"OBJECTID":232,"maNhanDang":"","phienBan":0,"ngayPhienBan":1787702400000,"giaTriDoChinhXacMatPhang":0,"nguyenNhanThayDoi":null,"maDoiTuong":"KE03","loaiTrangThaiDuongBoNuoc":1,"loaiDuongBoNuoc":"Phá","SHAPE_Length":441.72680772819967}},{"type":"Feature","id":233,"geometry":{"type":"LineString","coordinates":[[106.34829350098909,10.769189623638383],[106.34853989434649,10.769383717137229],[106.34872092475557,10.769409649733632],[106.34922247113498,10.769576181165275],[106.3496408722505,10.769741207225755],[106.35010302606184,10.769898891727829],[106.3507980379003,10.770159415660666],[106.3508471980352,10.770177145572275]]},"properties":{"OBJECTID":233,"maNhanDang":"","phienBan":0,"ngayPhienBan":1787702400000,"giaTriDoChinhXacMatPhang":0,"nguyenNhanThayDoi":null,"maDoiTuong":"KE03","loaiTrangThaiDuongBoNuoc":1,"loaiDuongBoNuoc":"Phá","SHAPE_Length":302.06748210466037}},{"type":"Feature","id":234,"geometry":{"type":"LineString","coordinates":[[106.35080469985795,10.770243331902906],[106.35047087927278,10.770120619982684],[106.34998837775531,10.769935720517607],[106.34970618119763,10.769840027136357],[106.34932748653139,10.769698850458383],[106.3490870602993,10.769601368808404],[106.34880463785491,10.769531756416416],[106.34868259907839,10.769491446927583],[106.34856525013136,10.769516453002916],[106.3484684418484,10.769537081526927],[106.34806335297135,10.769544533609736],[106.34747298260791,10.769568196519458],[106.34683897676722,10.769593607658557],[106.34594574865143,10.769635330350061],[106.3454921679057,10.769665485586735],[106.34528139670113,10.769682227385863],[106.34519299224468,10.76969879925546],[106.34518276092597,10.769727865760192],[106.34531210500224,10.769829554494587],[106.34539122753324,10.769897101424412],[106.34533014022226,10.769960091516397],[106.345133894556,10.769802761024607],[106.34481083337695,10.769548844798015]]},"properties":{"OBJECTID":234,"maNhanDang":"","phienBan":0,"ngayPhienBan":1787702400000,"giaTriDoChinhXacMatPhang":0,"nguyenNhanThayDoi":null,"maDoiTuong":"KE03","loaiTrangThaiDuongBoNuoc":1,"loaiDuongBoNuoc":"Phá","SHAPE_Length":744.85272998081894}},{"type":"Feature","id":235,"geometry":{"type":"LineString","coordinates":[[106.34521465547519,10.776739208499224],[106.34525292828546,10.776760829704608]]},"properties":{"OBJECTID":235,"maNhanDang":"","phienBan":0,"ngayPhienBan":1787702400000,"giaTriDoChinhXacMatPhang":0,"nguyenNhanThayDoi":null,"maDoiTuong":"KE03","loaiTrangThaiDuongBoNuoc":1,"loaiDuongBoNuoc":"Phá","SHAPE_Length":4.8206681232987014}},{"type":"Feature","id":236,"geometry":{"type":"LineString","coordinates":[[106.34563578385784,10.776948715857896],[106.34564854598457,10.776952944199524],[106.345663345425,10.776935817454675],[106.34590778268603,10.776542057757634],[106.34590728994355,10.776519336924302],[106.34587497300065,10.77649100317541]]},"properties":{"OBJECTID":236,"maNhanDang":"","phienBan":0,"ngayPhienBan":1787702400000,"giaTriDoChinhXacMatPhang":0,"nguyenNhanThayDoi":null,"maDoiTuong":"KE03","loaiTrangThaiDuongBoNuoc":1,"loaiDuongBoNuoc":"Phá","SHAPE_Length":62.303588134642354}},{"type":"Feature","id":237,"geometry":{"type":"LineString","coordinates":[[106.34578711680768,10.776437700164553],[106.34575648139389,10.776419111149634]]},"properties":{"OBJECTID":237,"maNhanDang":"","phienBan":0,"ngayPhienBan":1787702400000,"giaTriDoChinhXacMatPhang":0,"nguyenNhanThayDoi":null,"maDoiTuong":"KE03","loaiTrangThaiDuongBoNuoc":1,"loaiDuongBoNuoc":"Phá","SHAPE_Length":3.9309937311198144}},{"type":"Feature","id":238,"geometry":{"type":"LineString","coordinates":[[106.34565735125564,10.776364117414182],[106.34562491485866,10.776346627613796]]},"properties":{"OBJECTID":238,"maNhanDang":"","phienBan":0,"ngayPhienBan":1787702400000,"giaTriDoChinhXacMatPhang":0,"nguyenNhanThayDoi":null,"maDoiTuong":"KE03","loaiTrangThaiDuongBoNuoc":1,"loaiDuongBoNuoc":"Phá","SHAPE_Length":4.0405612142784486}},{"type":"Feature","id":239,"geometry":{"type":"LineString","coordinates":[[106.34553203416461,10.776296549155122],[106.34550294613575,10.77628086471764]]},"properties":{"OBJECTID":239,"maNhanDang":"","phienBan":0,"ngayPhienBan":1787702400000,"giaTriDoChinhXacMatPhang":0,"nguyenNhanThayDoi":null,"maDoiTuong":"KE03","loaiTrangThaiDuongBoNuoc":1,"loaiDuongBoNuoc":"Phá","SHAPE_Length":3.6234643422463368}},{"type":"Feature","id":240,"geometry":{"type":"LineString","coordinates":[[106.3454155868755,10.77623376274939],[106.3453922271259,10.776221168348908]]},"properties":{"OBJECTID":240,"maNhanDang":"","phienBan":0,"ngayPhienBan":1787702400000,"giaTriDoChinhXacMatPhang":0,"nguyenNhanThayDoi":null,"maDoiTuong":"KE03","loaiTrangThaiDuongBoNuoc":1,"loaiDuongBoNuoc":"Phá","SHAPE_Length":2.9098295484181746}},{"type":"Feature","id":241,"geometry":{"type":"LineString","coordinates":[[106.34554259737187,10.776332040001785],[106.34577549544876,10.776464883410261],[106.34588710761734,10.776530443700286],[106.3458023167144,10.776665112968065],[106.34563509295427,10.77692658306808],[106.34546559080079,10.776846905262438],[106.34537945866826,10.776805482285276],[106.3452017701554,10.776708573489897],[106.34511272160432,10.776658039115098],[106.34533997253695,10.77627536453087],[106.34536057398893,10.776241164521352],[106.34537629957154,10.776243987639031],[106.34554259737187,10.776332040001785]]},"properties":{"OBJECTID":241,"maNhanDang":"","phienBan":0,"ngayPhienBan":1787702400000,"giaTriDoChinhXacMatPhang":0,"nguyenNhanThayDoi":null,"maDoiTuong":"KE03","loaiTrangThaiDuongBoNuoc":1,"loaiDuongBoNuoc":"Phá","SHAPE_Length":235.65405293231976}},{"type":"Feature","id":242,"geometry":{"type":"LineString","coordinates":[[106.33673424310363,10.77673984874057],[106.33683615821589,10.7767265010985],[106.33697810335293,10.776649056538945],[106.33708886162162,10.776634397393867],[106.33717911869934,10.776622203661743],[106.33724374427239,10.776628187473387],[106.33728844576657,10.776623021715386],[106.33737627428884,10.776603314042919],[106.33746938678921,10.776578301924987],[106.33759739421104,10.776534566624759],[106.33772739200144,10.776508164497796],[106.3377885727288,10.776521038539116],[106.33782296702638,10.77658454409835],[106.33782269839055,10.776610089016401],[106.3378182775851,10.776727543457378],[106.3378092762394,10.776891446527213],[106.33777774791854,10.777040169114434],[106.33758597228083,10.77710900387631],[106.33742993748456,10.77715304185234],[106.33733024786774,10.777209769565294],[106.3372499731566,10.777242342708819],[106.33703698788659,10.777337966011826],[106.33686607148879,10.777370325635683],[106.33662095215811,10.77736937762127],[106.33647051098173,10.777386816793475],[106.33636937318387,10.777429620209514],[106.33627346530466,10.777510042298802],[106.33619694504615,10.777571061878824]]},"properties":{"OBJECTID":242,"maNhanDang":"","phienBan":0,"ngayPhienBan":1787702400000,"giaTriDoChinhXacMatPhang":0,"nguyenNhanThayDoi":null,"maDoiTuong":"KE03","loaiTrangThaiDuongBoNuoc":1,"loaiDuongBoNuoc":"Phá","SHAPE_Length":365.15043422683647}},{"type":"Feature","id":243,"geometry":{"type":"LineString","coordinates":[[106.33510718967014,10.777241196216977],[106.33519652881087,10.777271504678021],[106.33531640067234,10.777232488780204],[106.33553922501874,10.77716228577556],[106.33581162280291,10.777056712753494],[106.33596463616992,10.776998219327774],[106.33602840566861,10.776918982821048],[106.33623596930815,10.776672474523304],[106.33643067814283,10.776621472916434],[106.33656314607632,10.776691051172802],[106.33673424310363,10.77673984874057]]},"properties":{"OBJECTID":243,"maNhanDang":"","phienBan":0,"ngayPhienBan":1787702400000,"giaTriDoChinhXacMatPhang":0,"nguyenNhanThayDoi":null,"maDoiTuong":"KE03","loaiTrangThaiDuongBoNuoc":1,"loaiDuongBoNuoc":"Phá","SHAPE_Length":204.23175953386911}},{"type":"Feature","id":244,"geometry":{"type":"LineString","coordinates":[[106.33619694504615,10.777571061878824],[106.33613672116365,10.77764258698215],[106.33610185615674,10.77770430164294],[106.33606588104087,10.777773562202521],[106.33603857554586,10.777849138669364],[106.33595327630465,10.777902216920507],[106.33579293816042,10.777980523979357]]},"properties":{"OBJECTID":244,"maNhanDang":"","phienBan":0,"ngayPhienBan":1787702400000,"giaTriDoChinhXacMatPhang":0,"nguyenNhanThayDoi":null,"maDoiTuong":"KE03","loaiTrangThaiDuongBoNuoc":1,"loaiDuongBoNuoc":"Phá","SHAPE_Length":66.181286307095903}},{"type":"Feature","id":245,"geometry":{"type":"LineString","coordinates":[[106.33394485397821,10.777047680429094],[106.33406490954711,10.777004301481467],[106.33418446085318,10.776972568239442],[106.33427599985016,10.776959266307797],[106.33438055191938,10.776955215865929],[106.33447691578232,10.776982026895286],[106.33458074081379,10.777010615741807],[106.33469788043324,10.777059684398932],[106.33479722719541,10.777102660415819],[106.33490392353009,10.777157802550242],[106.33503580572157,10.777211992992003],[106.33508440538942,10.77723002841222],[106.33510718967014,10.777241196216977]]},"properties":{"OBJECTID":245,"maNhanDang":"","phienBan":0,"ngayPhienBan":1787702400000,"giaTriDoChinhXacMatPhang":0,"nguyenNhanThayDoi":null,"maDoiTuong":"KE03","loaiTrangThaiDuongBoNuoc":1,"loaiDuongBoNuoc":"Phá","SHAPE_Length":134.82846883404733}},{"type":"Feature","id":246,"geometry":{"type":"LineString","coordinates":[[106.33403594942445,10.770924729563047],[106.33725360204458,10.770015629509315],[106.33735492118706,10.769964864074606],[106.3372764973807,10.768271987161535],[106.33720024598078,10.7681684241314],[106.33425225604952,10.766450051286538],[106.33286147828544,10.765646538122178]]},"properties":{"OBJECTID":246,"maNhanDang":"","phienBan":0,"ngayPhienBan":1787702400000,"giaTriDoChinhXacMatPhang":0,"nguyenNhanThayDoi":null,"maDoiTuong":"KE03","loaiTrangThaiDuongBoNuoc":1,"loaiDuongBoNuoc":"Phá","SHAPE_Length":1130.4499361945213}},{"type":"Feature","id":247,"geometry":{"type":"LineString","coordinates":[[106.3329790309098,10.765576168055558],[106.33427605565538,10.766336596152161],[106.33710015244898,10.767960348929408],[106.33733247779875,10.768092516856079],[106.33738421345875,10.768124344418284]]},"properties":{"OBJECTID":247,"maNhanDang":"","phienBan":0,"ngayPhienBan":1787702400000,"giaTriDoChinhXacMatPhang":0,"nguyenNhanThayDoi":null,"maDoiTuong":"KE03","loaiTrangThaiDuongBoNuoc":1,"loaiDuongBoNuoc":"Phá","SHAPE_Length":558.17535101526971}},{"type":"Feature","id":248,"geometry":{"type":"LineString","coordinates":[[106.34569846985303,10.778928151298212],[106.34568129064688,10.778955283749928],[106.34564882631891,10.778936756119045],[106.34511287741968,10.779867420841649],[106.34508953794438,10.779902510308334],[106.34508649374345,10.77991311579601],[106.34508787034007,10.779936138707454]]},"properties":{"OBJECTID":248,"maNhanDang":"","phienBan":0,"ngayPhienBan":1787702400000,"giaTriDoChinhXacMatPhang":0,"nguyenNhanThayDoi":null,"maDoiTuong":"KE03","loaiTrangThaiDuongBoNuoc":1,"loaiDuongBoNuoc":"Phá","SHAPE_Length":134.51170722659535}},{"type":"Feature","id":249,"geometry":{"type":"LineString","coordinates":[[106.34557324086427,10.778772028408214],[106.34557429859949,10.778770525572874],[106.34557594828476,10.77876780106785],[106.34586627360324,10.778267557145922],[106.34593700902302,10.778142225285237],[106.34596197600837,10.778121142527052],[106.34597645121906,10.778074913491563],[106.34598974613294,10.778047828278343],[106.34601524242912,10.778009497934178],[106.34602126847983,10.778004976703134],[106.34602504835502,10.778000230152379],[106.3460371609266,10.777994966701019],[106.34604169692446,10.777989717825415],[106.34604443532808,10.777984513996534],[106.34605406581207,10.777976237442267],[106.34606602898461,10.77796754232318],[106.34607926374362,10.777952642648392],[106.34609119000837,10.777934487123233],[106.34609405277105,10.777921851373302],[106.34610087865038,10.777907443199947],[106.3461001372723,10.777863400612778],[106.34612476173031,10.777814181179634],[106.34614872746099,10.777774998494497],[106.34618067661535,10.777767836236249],[106.34621711769833,10.777750693135443],[106.34623391933383,10.777740840495639],[106.3466525598916,10.77703261268304],[106.3467705253114,10.776865040679752],[106.34679514577111,10.776831521764038],[106.3468213602236,10.776762383761426],[106.34684533827723,10.776728612932288],[106.3468572159419,10.776699760193702],[106.34688031712726,10.776644195070029],[106.34691632567232,10.776585824076342],[106.34694863496971,10.776519279931993],[106.34728502702329,10.776021352796553],[106.34763737818831,10.775427334210931],[106.34780364842203,10.775164921098908],[106.34785300874246,10.775139182058538],[106.34789116470742,10.775130340509335],[106.34791745659176,10.77510155756814],[106.34795273807167,10.775121603852273],[106.34792134159191,10.775162157143914],[106.34794045648736,10.775201457539028],[106.34793359697103,10.775235813816911],[106.34784828440938,10.775381652007265],[106.34744751766489,10.77605095794142],[106.34705601627049,10.776641762678322],[106.34700740530458,10.776712905742475],[106.34697382599794,10.776740048157164],[106.34693563924246,10.776772360032993],[106.34687337361945,10.776874525460343],[106.34686124914082,10.776905271854957],[106.34681039644207,10.777023038090078],[106.34678619214208,10.777097000100492],[106.34676542285827,10.777127640185196],[106.34658415516188,10.777435727759178],[106.34650478278655,10.777523861920125],[106.34634134546199,10.777785681304668],[106.34624682871249,10.777954556952896],[106.34599901000281,10.778343943975086],[106.34572651500706,10.778815155701713],[106.34575209865639,10.778839779324896],[106.34573679521858,10.778868483109978]]},"properties":{"OBJECTID":249,"maNhanDang":"","phienBan":0,"ngayPhienBan":1787702400000,"giaTriDoChinhXacMatPhang":0,"nguyenNhanThayDoi":null,"maDoiTuong":"KE03","loaiTrangThaiDuongBoNuoc":1,"loaiDuongBoNuoc":"Phá","SHAPE_Length":977.92970827010743}},{"type":"Feature","id":250,"geometry":{"type":"LineString","coordinates":[[106.34418218020035,10.781068805801487],[106.34487617247498,10.779906520245692],[106.34553690734509,10.778831864527129]]},"properties":{"OBJECTID":250,"maNhanDang":"","phienBan":0,"ngayPhienBan":1787702400000,"giaTriDoChinhXacMatPhang":0,"nguyenNhanThayDoi":null,"maDoiTuong":"KE03","loaiTrangThaiDuongBoNuoc":1,"loaiDuongBoNuoc":"Phá","SHAPE_Length":288.39540610475319}},{"type":"Feature","id":251,"geometry":{"type":"LineString","coordinates":[[106.34508787034007,10.779936138707454],[106.34509243895026,10.779960491742809],[106.34514465763235,10.779991917301219],[106.34518983929729,10.780002010629154]]},"properties":{"OBJECTID":251,"maNhanDang":"","phienBan":0,"ngayPhienBan":1787702400000,"giaTriDoChinhXacMatPhang":0,"nguyenNhanThayDoi":null,"maDoiTuong":"KE03","loaiTrangThaiDuongBoNuoc":1,"loaiDuongBoNuoc":"Phá","SHAPE_Length":14.490723884526998}},{"type":"Feature","id":252,"geometry":{"type":"LineString","coordinates":[[106.34519427596493,10.780064370367135],[106.34516450879916,10.780056907278871],[106.34508113214132,10.780020339406084],[106.34500440338101,10.779986689824572],[106.34426685442693,10.781203599809976]]},"properties":{"OBJECTID":252,"maNhanDang":"","phienBan":0,"ngayPhienBan":1787702400000,"giaTriDoChinhXacMatPhang":0,"nguyenNhanThayDoi":null,"maDoiTuong":"KE03","loaiTrangThaiDuongBoNuoc":1,"loaiDuongBoNuoc":"Phá","SHAPE_Length":179.4306772316813}},{"type":"Feature","id":253,"geometry":{"type":"LineString","coordinates":[[106.343848493818,10.777181695150118],[106.34381515744042,10.777285359618094],[106.34392046025505,10.777337848607319],[106.34396660883324,10.777221068231997],[106.343848493818,10.777181695150118]]},"properties":{"OBJECTID":253,"maNhanDang":"","phienBan":0,"ngayPhienBan":1787702400000,"giaTriDoChinhXacMatPhang":0,"nguyenNhanThayDoi":null,"maDoiTuong":"KE03","loaiTrangThaiDuongBoNuoc":1,"loaiDuongBoNuoc":"Phá","SHAPE_Length":52.428292632797898}},{"type":"Feature","id":254,"geometry":{"type":"LineString","coordinates":[[106.34123189765843,10.7763223540281],[106.34133224050841,10.77634974659394],[106.34151911367067,10.776401755288594],[106.34169488370078,10.776447754733933],[106.34184386173652,10.776488742301463],[106.34197053594782,10.776523986177871],[106.34210691365382,10.776560187884703],[106.34228126233137,10.776608703096558],[106.34243064216388,10.776654020235442],[106.34257830809841,10.776697270192951],[106.34259657992334,10.776707876483243],[106.34272736585386,10.776848982061425],[106.34285472590773,10.776986917131401],[106.3428855099197,10.777017944735258],[106.34302046637569,10.777094001381858],[106.3431751691263,10.777177117332396],[106.34331092799174,10.777247286630452],[106.34345139113583,10.777324308958411],[106.34357299343819,10.777384117164132],[106.34371935815237,10.777453678290513],[106.34374019416131,10.777372938585559],[106.34375985101667,10.777292409081538],[106.3437923246471,10.777163766047252],[106.34381564558294,10.777093118540819],[106.34383787519883,10.777101066354044]]},"properties":{"OBJECTID":254,"maNhanDang":"","phienBan":0,"ngayPhienBan":1787702400000,"giaTriDoChinhXacMatPhang":0,"nguyenNhanThayDoi":null,"maDoiTuong":"KE03","loaiTrangThaiDuongBoNuoc":1,"loaiDuongBoNuoc":"Phá","SHAPE_Length":348.96534603563487}},{"type":"Feature","id":255,"geometry":{"type":"LineString","coordinates":[[106.34382572232479,10.777062453926426],[106.34384906431384,10.776978299154971],[106.34381022189773,10.776959939041371],[106.34372027329904,10.776903587209727],[106.34369797085334,10.776912589554417],[106.34356234809735,10.776851180869736],[106.34342619792561,10.776753898525302],[106.34325618298328,10.776667927935206],[106.3430425323111,10.776553163873386],[106.34294013252918,10.776488716829832],[106.34274366465812,10.776374633904783],[106.34265486673424,10.776326705735924],[106.34245773790339,10.776215860553052],[106.34233022476856,10.776134988640333],[106.34216459852865,10.776053204040638],[106.34207534674954,10.776002211669548],[106.34194833556742,10.775925434194709],[106.34182404920223,10.775848606255227],[106.34178608316704,10.775810661430437],[106.34177934720935,10.775788804156946],[106.34181045037516,10.775749289908665],[106.34187264020716,10.775722672011861],[106.34192283868281,10.775666015741491],[106.342049056368,10.77574856289672],[106.34224449294109,10.775859303108623],[106.34250550808444,10.776002293559321],[106.34270588946085,10.776116522866161],[106.34291245759161,10.776233506737052],[106.34316618319137,10.776375199601176],[106.34336154318029,10.776488452601479],[106.34357072378943,10.776603830748567],[106.3437697723292,10.776718767071623],[106.34392830055879,10.776803602143522],[106.34410698798027,10.776900875026982],[106.34427331036717,10.776987457957571],[106.34428532108576,10.777008581769373]]},"properties":{"OBJECTID":255,"maNhanDang":"","phienBan":0,"ngayPhienBan":1787702400000,"giaTriDoChinhXacMatPhang":0,"nguyenNhanThayDoi":null,"maDoiTuong":"KE03","loaiTrangThaiDuongBoNuoc":1,"loaiDuongBoNuoc":"Phá","SHAPE_Length":593.41515323740111}},{"type":"Feature","id":256,"geometry":{"type":"LineString","coordinates":[[106.34417756127093,10.777176525705933],[106.34407549262056,10.77711329896049],[106.34386859889615,10.776998667203921],[106.34384824574978,10.777064488375753],[106.34384679822806,10.777069592070347],[106.34382572232479,10.777062453926426]]},"properties":{"OBJECTID":256,"maNhanDang":"","phienBan":0,"ngayPhienBan":1787702400000,"giaTriDoChinhXacMatPhang":0,"nguyenNhanThayDoi":null,"maDoiTuong":"KE03","loaiTrangThaiDuongBoNuoc":1,"loaiDuongBoNuoc":"Phá","SHAPE_Length":49.744975075992684}},{"type":"Feature","id":257,"geometry":{"type":"LineString","coordinates":[[106.34383787519883,10.777101066354044],[106.34381637127804,10.777176910750574],[106.34378314127287,10.777306857137336],[106.34376855372304,10.777370569748076],[106.34374274846924,10.777463189782489],[106.34385887355046,10.777508922521156],[106.34397344855981,10.7775568732257],[106.34414349452646,10.777625674504378],[106.34430016097731,10.777693389309633],[106.34448596881708,10.777775007386522],[106.34462030502756,10.777842168163133],[106.34467656641982,10.777874381673023],[106.34470002763504,10.777892029832568],[106.34472985715776,10.777925776786788],[106.34475113188175,10.777966140073419],[106.3447648503593,10.778042012739583],[106.34477608047114,10.778191754962283],[106.34478846977002,10.778349740327885],[106.34480111719007,10.778457565856945],[106.34480990251177,10.778591599549401],[106.34482067202478,10.778730267451294],[106.34481688867875,10.778777956825076],[106.34473242788431,10.778936923732166],[106.34467260057711,10.779053938407593]]},"properties":{"OBJECTID":257,"maNhanDang":"","phienBan":0,"ngayPhienBan":1787702400000,"giaTriDoChinhXacMatPhang":0,"nguyenNhanThayDoi":null,"maDoiTuong":"KE03","loaiTrangThaiDuongBoNuoc":1,"loaiDuongBoNuoc":"Phá","SHAPE_Length":291.04341881009464}},{"type":"Feature","id":258,"geometry":{"type":"LineString","coordinates":[[106.34465305475501,10.779046571367379],[106.34471109519811,10.778936928521444],[106.34479774335466,10.778769648762616],[106.34480260454252,10.778735347005625],[106.34479055294602,10.778595687056784],[106.34478042741154,10.778468310095194],[106.34476949515158,10.778358501298367],[106.34475527968812,10.778197183316889],[106.34474218875546,10.778045084970127],[106.34473189978632,10.777969495030657],[106.34471337456554,10.777937019237793],[106.34469416208465,10.777913106568052],[106.34461356001465,10.777862405774391],[106.34448083866292,10.777798071722753],[106.34429259006642,10.777716792841467],[106.34413304349714,10.777649183006766],[106.34396736450883,10.777583121808661],[106.34383972028242,10.777529156778135],[106.34373462068592,10.777487073541986],[106.34371841885779,10.777478289634884],[106.34356191012128,10.777402283642118],[106.34343778986489,10.777340744387068],[106.3433012248291,10.77726517018659],[106.34316710982417,10.777193967065905],[106.34301377370592,10.77711300024942],[106.34286668836383,10.777030149909127],[106.34284280144318,10.777005143057302],[106.34271407569861,10.776865543438296],[106.34259781688294,10.776737221141861],[106.34257220303344,10.776717506543056],[106.34242528949986,10.776670919022513],[106.34227815639316,10.776628924668193],[106.34209968000306,10.776578446408722],[106.34196446741959,10.776544222448321],[106.34183729517888,10.776506800644404],[106.34169242610301,10.77646755013757],[106.34150936018609,10.776422007627167],[106.34132424433085,10.776370872549075],[106.34122565185783,10.776340800510212]]},"properties":{"OBJECTID":258,"maNhanDang":"","phienBan":0,"ngayPhienBan":1787702400000,"giaTriDoChinhXacMatPhang":0,"nguyenNhanThayDoi":null,"maDoiTuong":"KE03","loaiTrangThaiDuongBoNuoc":1,"loaiDuongBoNuoc":"Phá","SHAPE_Length":554.00297803082583}},{"type":"Feature","id":259,"geometry":{"type":"LineString","coordinates":[[106.34417756127093,10.777176525705933],[106.34434470189761,10.777269941998114],[106.34439960435273,10.777299346429091],[106.34447795557968,10.777153717734278],[106.34448058787578,10.777137301500776],[106.34428532108576,10.777008581769373]]},"properties":{"OBJECTID":259,"maNhanDang":"","phienBan":0,"ngayPhienBan":1787702400000,"giaTriDoChinhXacMatPhang":0,"nguyenNhanThayDoi":null,"maDoiTuong":"KE03","loaiTrangThaiDuongBoNuoc":1,"loaiDuongBoNuoc":"Phá","SHAPE_Length":73.575311816881779}},{"type":"Feature","id":260,"geometry":{"type":"LineString","coordinates":[[106.34213058206838,10.77560800971092],[106.34232329200641,10.775713194883442],[106.3425834439835,10.77586371806186],[106.34279144003277,10.775972227896562],[106.34298357579787,10.776082820237265],[106.34324591115052,10.776227335433676],[106.34344927451409,10.776341920166235],[106.34365042489617,10.776451672072323],[106.34386200270372,10.776567786786224],[106.34402320945989,10.77665700155422],[106.34419868656896,10.776753882740046],[106.34434401159025,10.776838896607988],[106.3445982072252,10.776981898273721]]},"properties":{"OBJECTID":260,"maNhanDang":"","phienBan":0,"ngayPhienBan":1787702400000,"giaTriDoChinhXacMatPhang":0,"nguyenNhanThayDoi":null,"maDoiTuong":"KE03","loaiTrangThaiDuongBoNuoc":1,"loaiDuongBoNuoc":"Phá","SHAPE_Length":309.73684694892353}},{"type":"Feature","id":261,"geometry":{"type":"LineString","coordinates":[[106.34556111153364,10.772201964582512],[106.3455478850224,10.772190245762591],[106.34553502331099,10.772187350236788],[106.34548160107282,10.772212812814546],[106.34544424076189,10.772222522267194],[106.3453892069311,10.772242165534799],[106.34537075391452,10.772255590668379],[106.34535572725103,10.772277037609745],[106.34540845667097,10.772289864930496],[106.34544830854823,10.772254510478604],[106.34546643456197,10.772246845072486],[106.34549441150806,10.772259412534142],[106.34552645044106,10.772259133998993],[106.34554602983161,10.772251230730625],[106.34556111153364,10.772201964582512]]},"properties":{"OBJECTID":261,"maNhanDang":"","phienBan":0,"ngayPhienBan":1787702400000,"giaTriDoChinhXacMatPhang":0,"nguyenNhanThayDoi":null,"maDoiTuong":"KE03","loaiTrangThaiDuongBoNuoc":1,"loaiDuongBoNuoc":"Phá","SHAPE_Length":54.707221086680448}},{"type":"Feature","id":262,"geometry":{"type":"LineString","coordinates":[[106.33143471880641,10.769567125731687],[106.33360347501763,10.770793147630249],[106.33539216905547,10.771812058655671]]},"properties":{"OBJECTID":262,"maNhanDang":"","phienBan":0,"ngayPhienBan":1787702400000,"giaTriDoChinhXacMatPhang":0,"nguyenNhanThayDoi":null,"maDoiTuong":"KE03","loaiTrangThaiDuongBoNuoc":1,"loaiDuongBoNuoc":"Phá","SHAPE_Length":498.97925896825848}},{"type":"Feature","id":263,"geometry":{"type":"LineString","coordinates":[[106.33148463832609,10.769480789996278],[106.33365354053886,10.770706892667384],[106.33403594942445,10.770924729563047]]},"properties":{"OBJECTID":263,"maNhanDang":"","phienBan":0,"ngayPhienBan":1787702400000,"giaTriDoChinhXacMatPhang":0,"nguyenNhanThayDoi":null,"maDoiTuong":"KE03","loaiTrangThaiDuongBoNuoc":1,"loaiDuongBoNuoc":"Phá","SHAPE_Length":321.50139499837098}},{"type":"Feature","id":264,"geometry":{"type":"LineString","coordinates":[[106.33130996199883,10.769735312550862],[106.33347883798784,10.770961401951931],[106.33526764983662,10.771980380337634]]},"properties":{"OBJECTID":264,"maNhanDang":"","phienBan":0,"ngayPhienBan":1787702400000,"giaTriDoChinhXacMatPhang":0,"nguyenNhanThayDoi":null,"maDoiTuong":"KE03","loaiTrangThaiDuongBoNuoc":1,"loaiDuongBoNuoc":"Phá","SHAPE_Length":499.00900259666548}},{"type":"Feature","id":265,"geometry":{"type":"LineString","coordinates":[[106.34491862633951,10.777061549017025],[106.34501861523272,10.777103992456254],[106.34512871421764,10.777163516546521],[106.34529315326282,10.777222120700714]]},"properties":{"OBJECTID":265,"maNhanDang":"","phienBan":0,"ngayPhienBan":1787702400000,"giaTriDoChinhXacMatPhang":0,"nguyenNhanThayDoi":null,"maDoiTuong":"KE03","loaiTrangThaiDuongBoNuoc":1,"loaiDuongBoNuoc":"Phá","SHAPE_Length":44.739697378405936}},{"type":"Feature","id":266,"geometry":{"type":"LineString","coordinates":[[106.34542270895209,10.777225072264841],[106.34562550330057,10.777198355163941],[106.34577812111674,10.777160171009918],[106.34596034294607,10.777073641992006],[106.34602968726296,10.77704913413589],[106.34608962670927,10.77701279163945],[106.34627062784008,10.776886873266557],[106.34635724024386,10.77676252878439],[106.34649172275785,10.776602199460385],[106.34658490946786,10.776473249450028],[106.34660937309752,10.776484530690047],[106.34662793339292,10.776460482123738],[106.34673856526851,10.776289186718541],[106.34684360051406,10.776122277890035],[106.34696074355547,10.775937580189787],[106.34706760239655,10.775768172472175],[106.34718549139619,10.775577027044786],[106.34729989142335,10.775397234725769],[106.34741421643719,10.775211927519701],[106.34754748429353,10.775001965178348],[106.34763070875849,10.774866470350341],[106.3477122593028,10.774735336480724],[106.34776241244801,10.774660995267118]]},"properties":{"OBJECTID":266,"maNhanDang":"","phienBan":0,"ngayPhienBan":1787702400000,"giaTriDoChinhXacMatPhang":0,"nguyenNhanThayDoi":null,"maDoiTuong":"KE03","loaiTrangThaiDuongBoNuoc":1,"loaiDuongBoNuoc":"Phá","SHAPE_Length":399.76333443175025}},{"type":"Feature","id":267,"geometry":{"type":"LineString","coordinates":[[106.34973563522941,10.770526145715866],[106.34968946820624,10.770581177018622],[106.34964564938699,10.770547538944491],[106.34969021338721,10.770491046111044],[106.34973563522941,10.770526145715866]]},"properties":{"OBJECTID":267,"maNhanDang":"","phienBan":0,"ngayPhienBan":1787702400000,"giaTriDoChinhXacMatPhang":0,"nguyenNhanThayDoi":null,"maDoiTuong":"KE03","loaiTrangThaiDuongBoNuoc":1,"loaiDuongBoNuoc":"Phá","SHAPE_Length":28.204734782065092}},{"type":"Feature","id":268,"geometry":{"type":"LineString","coordinates":[[106.34908132810398,10.773029527413216],[106.34920128299615,10.772843865184267],[106.34933414410239,10.772618922055019],[106.34945029822224,10.772430310691977],[106.34956977728338,10.772244694462415],[106.34967035519711,10.772081662943876],[106.34976025919381,10.771944762377986],[106.34987543628684,10.771779261491098],[106.35002230438128,10.771536688222865],[106.35013004467997,10.771352269850427],[106.35022668288809,10.771190140856149],[106.35038608738616,10.77089176940501],[106.35045801174894,10.770767407145463],[106.3504870111643,10.770668370411672],[106.35040220021165,10.770597228523412],[106.35001252761587,10.770380882048952],[106.34990241468657,10.770308848718425],[106.34970042069912,10.770210665771357],[106.34966471596523,10.77026206044215],[106.34960124322897,10.770230856230734],[106.34960418227945,10.770135784705307],[106.34916352296534,10.769922510179709],[106.34900281185487,10.769851586875836],[106.34893470292799,10.770005216131395],[106.34891096708228,10.769991827094664],[106.34895344524112,10.769837569286329],[106.34882019711372,10.769833794397515],[106.34858885087094,10.769850397360546],[106.34835322557268,10.769857831819735],[106.34817641314463,10.769875133873629],[106.34793291046833,10.769861653351827],[106.34773963497287,10.769862749312807],[106.34753891887821,10.76986965476009],[106.34737591871554,10.769889741483615],[106.3473506789619,10.769915864293123],[106.34713413555818,10.769922944630155],[106.34688387857732,10.769938778103343],[106.34662126389759,10.769947610316096],[106.3463654968585,10.769974574380697],[106.34619103760551,10.769998307962336],[106.34598897275879,10.770030846183365],[106.34571443398191,10.770071904525873],[106.34560100052553,10.770221985747629],[106.34547829344815,10.770366461254785],[106.34539092431147,10.770500562137139],[106.34524932001692,10.770651167474227]]},"properties":{"OBJECTID":268,"maNhanDang":"","phienBan":0,"ngayPhienBan":1787702400000,"giaTriDoChinhXacMatPhang":0,"nguyenNhanThayDoi":null,"maDoiTuong":"KE03","loaiTrangThaiDuongBoNuoc":1,"loaiDuongBoNuoc":"Phá","SHAPE_Length":979.83582109669783}},{"type":"Feature","id":269,"geometry":{"type":"LineString","coordinates":[[106.34609434427928,10.770328643329409],[106.34621310989391,10.770221234147369],[106.34633767288462,10.770193039871664],[106.34644277224844,10.770185044374704],[106.34657332784228,10.770126144354903],[106.34668188882496,10.770083714071216],[106.34678257000976,10.770079469929469],[106.34695650628282,10.770105905409546],[106.34720889553603,10.770095564678112],[106.34738961235968,10.770143142738661],[106.34754904301668,10.770209340925982],[106.34768955935567,10.770263541951643],[106.34778683896261,10.770314842759076],[106.34786376106159,10.770382745861655],[106.34797489109758,10.770493165963364],[106.34804812624309,10.770606317170957],[106.34807988896556,10.770716384026478],[106.34808414524348,10.770811333186078],[106.34802574578198,10.770960115654686],[106.34797604720679,10.77106062060105],[106.34786035886707,10.771277004428397],[106.34779525867815,10.771380323672819],[106.34773162171142,10.77148378473942],[106.34767522787163,10.771569403024749],[106.34760149454927,10.771681291641421],[106.34750173196653,10.771729681392479],[106.34743356232512,10.771751050034615],[106.34738612248934,10.771768346438582],[106.34731670260042,10.771777042016053],[106.34728189964397,10.771775951830797],[106.34714486607288,10.771754074482336],[106.34699327236562,10.77168403670508],[106.34688846257164,10.771621105389409],[106.346776417692,10.771552266123972],[106.34670482851105,10.771504079907499],[106.34669852980954,10.771500086878547],[106.34665368047776,10.771486322425844],[106.34659646042547,10.771491468377153],[106.34646052526428,10.771507271399225],[106.34640962309331,10.771507577277854],[106.34635292384401,10.771517179384899],[106.346284596876,10.771570146298149],[106.34625918470368,10.771624938301946],[106.34619763420083,10.771707255452897],[106.34609593177598,10.771749493396118],[106.34600149224748,10.771761563871484],[106.34587093067525,10.771729475287108],[106.34571202357843,10.771650780626112],[106.3456134070114,10.771575270002089],[106.34555641622768,10.771534252081713],[106.34550881664669,10.771433066472531],[106.34545985465479,10.771322553179665],[106.34545693528808,10.77120956462246],[106.34546713927155,10.771055812201968],[106.34544016030107,10.770997314636373],[106.34545121645559,10.770839826652747],[106.34548083839518,10.770717056534606],[106.34553895494894,10.770586537804192],[106.34560897865165,10.770494357066983],[106.34573419497003,10.77044025936336],[106.34591886010247,10.770389274977083],[106.34600859417647,10.770366185407017],[106.34609434427928,10.770328643329409]]},"properties":{"OBJECTID":269,"maNhanDang":"","phienBan":0,"ngayPhienBan":1787702400000,"giaTriDoChinhXacMatPhang":0,"nguyenNhanThayDoi":null,"maDoiTuong":"KE03","loaiTrangThaiDuongBoNuoc":1,"loaiDuongBoNuoc":"Phá","SHAPE_Length":804.83206098398693}},{"type":"Feature","id":270,"geometry":{"type":"LineString","coordinates":[[106.34756685137326,10.772322336505136],[106.34763717224148,10.77221406182114],[106.34774184271325,10.772039287797892],[106.34783389231498,10.771877159286328],[106.347905904424,10.771756760954904]]},"properties":{"OBJECTID":270,"maNhanDang":"","phienBan":0,"ngayPhienBan":1787702400000,"giaTriDoChinhXacMatPhang":0,"nguyenNhanThayDoi":null,"maDoiTuong":"KE03","loaiTrangThaiDuongBoNuoc":1,"loaiDuongBoNuoc":"Phá","SHAPE_Length":72.735915968435762}},{"type":"Feature","id":271,"geometry":{"type":"LineString","coordinates":[[106.34793121655574,10.771714441954364],[106.34807143727852,10.771484078628204],[106.3482211138825,10.77123133866677],[106.34835227263444,10.771001806403831],[106.34844002396213,10.770866465399838],[106.34852526430238,10.770706085720018],[106.34852953035509,10.770690156326332],[106.3485058569192,10.770680609555043],[106.34842213391866,10.770854629132945],[106.34833567699572,10.77099628727578],[106.3482064013706,10.771221883074126],[106.34805930690914,10.771471833426961],[106.34797792048202,10.771592976767174],[106.34792265204234,10.77169284150118],[106.34781924890029,10.771865660282915],[106.34772432753419,10.772032097832476],[106.34762425890949,10.772203544939988],[106.34755782261074,10.77231106173172]]},"properties":{"OBJECTID":271,"maNhanDang":"","phienBan":0,"ngayPhienBan":1787702400000,"giaTriDoChinhXacMatPhang":0,"nguyenNhanThayDoi":null,"maDoiTuong":"KE03","loaiTrangThaiDuongBoNuoc":1,"loaiDuongBoNuoc":"Phá","SHAPE_Length":341.86870414304383}},{"type":"Feature","id":272,"geometry":{"type":"LineString","coordinates":[[106.34853404775411,10.770634816835765],[106.34863193891786,10.77046322901977],[106.34873248072186,10.770281926050389],[106.34881463746653,10.770157616706667],[106.34887986317612,10.770028349430536],[106.34890827931528,10.770042036821643],[106.34884816075632,10.770159025635136],[106.34877026101083,10.770299853668064],[106.34856222784985,10.770657672260613],[106.34854383713322,10.770642329068417],[106.34853404775411,10.770634816835765]]},"properties":{"OBJECTID":272,"maNhanDang":"","phienBan":0,"ngayPhienBan":1787702400000,"giaTriDoChinhXacMatPhang":0,"nguyenNhanThayDoi":null,"maDoiTuong":"KE03","loaiTrangThaiDuongBoNuoc":1,"loaiDuongBoNuoc":"Phá","SHAPE_Length":162.42808012504236}},{"type":"Feature","id":273,"geometry":{"type":"LineString","coordinates":[[106.34582615548008,10.76979986554527],[106.34647197843853,10.769774093776494],[106.34713159470064,10.769752677169082],[106.34791834528156,10.769726594782423],[106.34844187994752,10.769703946037948],[106.3489430694793,10.76969432061246],[106.34908388627844,10.7697099516274],[106.34930624743728,10.769836500572451],[106.34979819329197,10.77011171846064],[106.35020512492905,10.770343783004737],[106.35053688714953,10.770565568356069],[106.35060048374021,10.770561371295933],[106.35080469985795,10.770243331902906]]},"properties":{"OBJECTID":273,"maNhanDang":"","phienBan":0,"ngayPhienBan":1787702400000,"giaTriDoChinhXacMatPhang":0,"nguyenNhanThayDoi":null,"maDoiTuong":"KE03","loaiTrangThaiDuongBoNuoc":1,"loaiDuongBoNuoc":"Phá","SHAPE_Length":590.28250946701598}},{"type":"Feature","id":274,"geometry":{"type":"LineString","coordinates":[[106.3508471980352,10.770177145572275],[106.35089497770289,10.770102736181222],[106.35114721654293,10.769703191365762],[106.35142204573974,10.769156598159839]]},"properties":{"OBJECTID":274,"maNhanDang":"","phienBan":0,"ngayPhienBan":1787702400000,"giaTriDoChinhXacMatPhang":0,"nguyenNhanThayDoi":null,"maDoiTuong":"KE03","loaiTrangThaiDuongBoNuoc":1,"loaiDuongBoNuoc":"Phá","SHAPE_Length":129.36207140418409}},{"type":"Feature","id":275,"geometry":{"type":"LineString","coordinates":[[106.35156262527013,10.769331978865424],[106.35113573413736,10.770003869337328],[106.35074588438388,10.770686182275846],[106.35033045956021,10.771398757434941],[106.34987074494106,10.772125395162353],[106.34925386746451,10.773095845740656]]},"properties":{"OBJECTID":275,"maNhanDang":"","phienBan":0,"ngayPhienBan":1787702400000,"giaTriDoChinhXacMatPhang":0,"nguyenNhanThayDoi":null,"maDoiTuong":"KE03","loaiTrangThaiDuongBoNuoc":1,"loaiDuongBoNuoc":"Phá","SHAPE_Length":487.00069566795867}},{"type":"Feature","id":276,"geometry":{"type":"LineString","coordinates":[[106.34830789274319,10.771079472669106],[106.34850631495806,10.771199651058803],[106.34870507336788,10.771316827059515],[106.34893417660177,10.77144630330937],[106.34921198358626,10.771605764559043],[106.34943248160089,10.771734506648691],[106.3494345930656,10.771744312021799],[106.34942627892069,10.771750418098581],[106.34942462002765,10.771749376169867],[106.34920051542005,10.771623244846944],[106.34892115288298,10.771463217011673],[106.34869712363542,10.77133336931449],[106.34849223895854,10.771216187054641],[106.34829651346691,10.77109938658486]]},"properties":{"OBJECTID":276,"maNhanDang":"","phienBan":0,"ngayPhienBan":1787702400000,"giaTriDoChinhXacMatPhang":0,"nguyenNhanThayDoi":null,"maDoiTuong":"KE03","loaiTrangThaiDuongBoNuoc":1,"loaiDuongBoNuoc":"Phá","SHAPE_Length":288.00854945158517}},{"type":"Feature","id":277,"geometry":{"type":"LineString","coordinates":[[106.34901341011437,10.772364152622863],[106.34888222229451,10.772288416726443],[106.34854086852765,10.772088438740488],[106.348326693201,10.771961889807125],[106.34793121655574,10.771714441954364]]},"properties":{"OBJECTID":277,"maNhanDang":"","phienBan":0,"ngayPhienBan":1787702400000,"giaTriDoChinhXacMatPhang":0,"nguyenNhanThayDoi":null,"maDoiTuong":"KE03","loaiTrangThaiDuongBoNuoc":1,"loaiDuongBoNuoc":"Phá","SHAPE_Length":138.47776599914283}},{"type":"Feature","id":278,"geometry":{"type":"LineString","coordinates":[[106.34900851875611,10.772373664138508],[106.34887608336305,10.772300516369103],[106.3485325462029,10.772096899080166],[106.34831815576325,10.771972547513343],[106.34792099618259,10.771727630753137]]},"properties":{"OBJECTID":278,"maNhanDang":"","phienBan":0,"ngayPhienBan":1787702400000,"giaTriDoChinhXacMatPhang":0,"nguyenNhanThayDoi":null,"maDoiTuong":"KE03","loaiTrangThaiDuongBoNuoc":1,"loaiDuongBoNuoc":"Phá","SHAPE_Length":138.7687996598078}},{"type":"Feature","id":279,"geometry":{"type":"LineString","coordinates":[[106.34756685137326,10.772322336505136],[106.3475172219359,10.772411711814033],[106.3477685075801,10.772559436032056],[106.34794019900004,10.772661539128153],[106.34811467826124,10.77276308524352],[106.34828185868749,10.772863479056502],[106.34845598621183,10.772967376298693],[106.34871629230129,10.773112424232499]]},"properties":{"OBJECTID":279,"maNhanDang":"","phienBan":0,"ngayPhienBan":1787702400000,"giaTriDoChinhXacMatPhang":0,"nguyenNhanThayDoi":null,"maDoiTuong":"KE03","loaiTrangThaiDuongBoNuoc":1,"loaiDuongBoNuoc":"Phá","SHAPE_Length":163.61542129525748}},{"type":"Feature","id":280,"geometry":{"type":"LineString","coordinates":[[106.34870181303769,10.773137775968149],[106.34861221518688,10.773082916614518],[106.34845231776941,10.772989606096056],[106.34827493519465,10.772885769381235],[106.34810168797596,10.772783090864122],[106.34793010943405,10.772678013166093],[106.34776167887958,10.772583443949889],[106.34749087256377,10.772417738690438],[106.34755782261074,10.77231106173172]]},"properties":{"OBJECTID":280,"maNhanDang":"","phienBan":0,"ngayPhienBan":1787702400000,"giaTriDoChinhXacMatPhang":0,"nguyenNhanThayDoi":null,"maDoiTuong":"KE03","loaiTrangThaiDuongBoNuoc":1,"loaiDuongBoNuoc":"Phá","SHAPE_Length":168.43726333809354}},{"type":"Feature","id":281,"geometry":{"type":"LineString","coordinates":[[106.34743461937386,10.772528436335659],[106.34729276676708,10.772766369850038],[106.34707372480975,10.773130636913674],[106.34700993691142,10.77324596894484],[106.34702188530325,10.773267933584238],[106.34753377587434,10.7735497579071],[106.34781272274692,10.77371718684563],[106.34805528376319,10.77386258777979],[106.34820204952193,10.773955077591308],[106.34827976586396,10.773841201168844],[106.34839226946413,10.773664820602045],[106.34846039741805,10.77355272564149],[106.34850164538496,10.773492867074998],[106.34853057704439,10.773437787840034],[106.34858794848631,10.773342484632847],[106.3486366048835,10.773265162663495],[106.34864007910328,10.773239045621285],[106.34863164626941,10.773226757143238],[106.34849649527908,10.773149175356746],[106.34830431069365,10.773036968181387],[106.34803921879403,10.772885311127576],[106.34779601456013,10.772741603842098],[106.34758546174758,10.772615969602692],[106.34743479070782,10.772528148502399]]},"properties":{"OBJECTID":281,"maNhanDang":"","phienBan":0,"ngayPhienBan":1787702400000,"giaTriDoChinhXacMatPhang":0,"nguyenNhanThayDoi":null,"maDoiTuong":"KE03","loaiTrangThaiDuongBoNuoc":1,"loaiDuongBoNuoc":"Phá","SHAPE_Length":491.04395330244125}},{"type":"Feature","id":282,"geometry":{"type":"LineString","coordinates":[[106.34743046567453,10.772578205873218],[106.34757186252558,10.772661047002343],[106.34776485315153,10.772774211449844],[106.34801789765474,10.772923378604458],[106.34861349554244,10.773272810755127],[106.34862311895701,10.773256437047474],[106.34862003780309,10.77324269167724],[106.3484878483946,10.77316461595484],[106.34829176659845,10.7730514037081],[106.34744678463137,10.772550946616496],[106.34743045285916,10.772578198665135],[106.34743046567453,10.772578205873218]]},"properties":{"OBJECTID":282,"maNhanDang":"","phienBan":0,"ngayPhienBan":1787702400000,"giaTriDoChinhXacMatPhang":0,"nguyenNhanThayDoi":null,"maDoiTuong":"KE03","loaiTrangThaiDuongBoNuoc":1,"loaiDuongBoNuoc":"Phá","SHAPE_Length":307.02575482908526}},{"type":"Feature","id":283,"geometry":{"type":"LineString","coordinates":[[106.34742119197156,10.772591107137966],[106.34756842767071,10.772676567938564],[106.34775994253751,10.772787890874689],[106.34801423208805,10.772937815072481],[106.3486027936187,10.773284783591226],[106.34857613472586,10.773333186204191],[106.34836958380394,10.773206369485065],[106.34799328711716,10.772985799771552],[106.34754135792028,10.772720703921703],[106.34739837570146,10.772636093804177],[106.34742119197156,10.772591107137966]]},"properties":{"OBJECTID":283,"maNhanDang":"","phienBan":0,"ngayPhienBan":1787702400000,"giaTriDoChinhXacMatPhang":0,"nguyenNhanThayDoi":null,"maDoiTuong":"KE03","loaiTrangThaiDuongBoNuoc":1,"loaiDuongBoNuoc":"Phá","SHAPE_Length":312.07444456598569}},{"type":"Feature","id":284,"geometry":{"type":"LineString","coordinates":[[106.34738923455144,10.772651300261479],[106.34753934831781,10.772740272467168],[106.3477191370185,10.772844945792189],[106.34798418174236,10.773000590291209],[106.3483603422688,10.773221657531396],[106.34856741615572,10.77334473932412],[106.34852942358687,10.773395442146299],[106.34832231861965,10.773275154050596],[106.34794728684264,10.773056173054687],[106.34767107179614,10.772892937564082],[106.34750230102212,10.772797428604738],[106.34735325009341,10.772709566374104],[106.34735327267806,10.772702469164415],[106.34738923455144,10.772651300261479]]},"properties":{"OBJECTID":284,"maNhanDang":"","phienBan":0,"ngayPhienBan":1787702400000,"giaTriDoChinhXacMatPhang":0,"nguyenNhanThayDoi":null,"maDoiTuong":"KE03","loaiTrangThaiDuongBoNuoc":1,"loaiDuongBoNuoc":"Phá","SHAPE_Length":313.94899450613775}},{"type":"Feature","id":285,"geometry":{"type":"LineString","coordinates":[[106.34734531246185,10.772727663623197],[106.34749245354689,10.772811488222562],[106.34765881378553,10.772908719620261],[106.34793086092341,10.77306813882918],[106.34831672501167,10.773294865131183],[106.34852667537257,10.77341600662772],[106.34849166218207,10.773470600352107],[106.34827638755283,10.77334351110877],[106.34790704972048,10.773127882319798],[106.34761562846725,10.772959920562146],[106.34745567471531,10.772865687438616],[106.34731386435156,10.772781843509376],[106.34734531246185,10.772727663623197]]},"properties":{"OBJECTID":285,"maNhanDang":"","phienBan":0,"ngayPhienBan":1787702400000,"giaTriDoChinhXacMatPhang":0,"nguyenNhanThayDoi":null,"maDoiTuong":"KE03","loaiTrangThaiDuongBoNuoc":1,"loaiDuongBoNuoc":"Phá","SHAPE_Length":313.67876343840442}},{"type":"Feature","id":286,"geometry":{"type":"LineString","coordinates":[[106.34730520233481,10.772798911482251],[106.34744674916028,10.77288357865184],[106.34759375367511,10.772967647566498],[106.34789652484544,10.773146183473711],[106.34826487508717,10.773361768975613],[106.34848129084681,10.773487924802609],[106.34845002344485,10.773540938160496],[106.34823751075631,10.773418770890508],[106.34806414484845,10.773316336706355],[106.34786190762679,10.773197602986111],[106.34755532983746,10.77301764591185],[106.34741166474305,10.772934583132839],[106.3472747062567,10.772853650070875],[106.34727337825315,10.772847911610077],[106.34730520233481,10.772798911482251]]},"properties":{"OBJECTID":286,"maNhanDang":"","phienBan":0,"ngayPhienBan":1787702400000,"giaTriDoChinhXacMatPhang":0,"nguyenNhanThayDoi":null,"maDoiTuong":"KE03","loaiTrangThaiDuongBoNuoc":1,"loaiDuongBoNuoc":"Phá","SHAPE_Length":312.72455676881424}},{"type":"Feature","id":287,"geometry":{"type":"LineString","coordinates":[[106.34726303627187,10.772870877535476],[106.34740410961125,10.772951902122164],[106.34754111697747,10.773034399116902],[106.34785091604464,10.773215715178424],[106.34805135436852,10.77333103488796],[106.34823341591938,10.773438081274087],[106.348441934777,10.773556612745118],[106.34840527728092,10.773612014282447],[106.3480205476563,10.773385855512082],[106.34781585986055,10.773267108410041],[106.34751075559902,10.773087880771675],[106.3473650851121,10.773003348159341],[106.34723136262664,10.772921983917042],[106.34726303627187,10.772870877535476]]},"properties":{"OBJECTID":287,"maNhanDang":"","phienBan":0,"ngayPhienBan":1787702400000,"giaTriDoChinhXacMatPhang":0,"nguyenNhanThayDoi":null,"maDoiTuong":"KE03","loaiTrangThaiDuongBoNuoc":1,"loaiDuongBoNuoc":"Phá","SHAPE_Length":312.90341772578807}},{"type":"Feature","id":288,"geometry":{"type":"LineString","coordinates":[[106.34722186713472,10.772942986318428],[106.3473598628958,10.773021313601838],[106.34749873379268,10.773102893883918],[106.34780816662679,10.773283939461813],[106.34800583614154,10.773400123431733],[106.34839285910901,10.773625400817616],[106.34836048396771,10.773682376252792],[106.34797258272503,10.773456883540875],[106.34777705642574,10.77334253073583],[106.34746851059036,10.773161537665729],[106.3473236806184,10.773076659858267],[106.34718704396863,10.772996666401664],[106.34722186713472,10.772942986318428]]},"properties":{"OBJECTID":288,"maNhanDang":"","phienBan":0,"ngayPhienBan":1787702400000,"giaTriDoChinhXacMatPhang":0,"nguyenNhanThayDoi":null,"maDoiTuong":"KE03","loaiTrangThaiDuongBoNuoc":1,"loaiDuongBoNuoc":"Phá","SHAPE_Length":312.00810679127557}},{"type":"Feature","id":289,"geometry":{"type":"LineString","coordinates":[[106.3471772956415,10.773014649602999],[106.34731432183982,10.773092797953726],[106.34745645979723,10.773175764267499],[106.34777029677112,10.773359830116933],[106.34796334944963,10.773471737593844],[106.34835007943835,10.77369678956993],[106.34831533445865,10.773752955888423],[106.34772413317521,10.773412356801186],[106.34741728028392,10.773232074655228],[106.3472763099553,10.773147713764295],[106.34714330337604,10.773067740417577],[106.3471772956415,10.773014649602999]]},"properties":{"OBJECTID":289,"maNhanDang":"","phienBan":0,"ngayPhienBan":1787702400000,"giaTriDoChinhXacMatPhang":0,"nguyenNhanThayDoi":null,"maDoiTuong":"KE03","loaiTrangThaiDuongBoNuoc":1,"loaiDuongBoNuoc":"Phá","SHAPE_Length":311.95429537409808}},{"type":"Feature","id":290,"geometry":{"type":"LineString","coordinates":[[106.34713078889754,10.773083315006133],[106.34726732180395,10.773161690351083],[106.3474114499504,10.773247690616847],[106.34771531875022,10.773426324024065],[106.34789872250117,10.773532418718595],[106.34830498735765,10.773768670993594],[106.34826820754428,10.773831612924987],[106.34820012552754,10.773934621580729],[106.34790198110214,10.77375566302686],[106.34751053218895,10.773519907828859],[106.34729882807936,10.773395841539205],[106.34703404870098,10.773250515316699],[106.34709094962901,10.773143577533046],[106.34713078889754,10.773083315006133]]},"properties":{"OBJECTID":290,"maNhanDang":"","phienBan":0,"ngayPhienBan":1787702400000,"giaTriDoChinhXacMatPhang":0,"nguyenNhanThayDoi":null,"maDoiTuong":"KE03","loaiTrangThaiDuongBoNuoc":1,"loaiDuongBoNuoc":"Phá","SHAPE_Length":340.40831545745584}},{"type":"Feature","id":291,"geometry":{"type":"LineString","coordinates":[[106.34908132810398,10.773029527413216],[106.34867406183911,10.773697751528744],[106.34835277808507,10.774250281812758],[106.34814265704796,10.774590430935643],[106.34797986628989,10.774859632689745],[106.34796421101603,10.774949853843568],[106.34795836935822,10.774992162406805],[106.34796356396252,10.775025998172973],[106.34799616333811,10.775042684577379],[106.34804617828195,10.775033604950885],[106.34809538405136,10.774999076537615],[106.34824139139884,10.77475441539638],[106.34845944481462,10.774384271024822],[106.34875576739358,10.773886989426671],[106.34925386746451,10.773095845740656]]},"properties":{"OBJECTID":291,"maNhanDang":"","phienBan":0,"ngayPhienBan":1787702400000,"giaTriDoChinhXacMatPhang":0,"nguyenNhanThayDoi":null,"maDoiTuong":"KE03","loaiTrangThaiDuongBoNuoc":1,"loaiDuongBoNuoc":"Phá","SHAPE_Length":516.09422272565098}},{"type":"Feature","id":292,"geometry":{"type":"LineString","coordinates":[[106.34686640185767,10.773698692001053],[106.34667968843107,10.773568516085211],[106.3460921595231,10.773193541941477],[106.34572978083622,10.772986797021579],[106.34499000985051,10.772556912609929],[106.34491070619818,10.77252319008169],[106.34487019559761,10.772596599217451],[106.34575444787339,10.773119375337425],[106.34649951107193,10.773523795439329],[106.34684787585792,10.773739133608155],[106.34712052931752,10.773903510407003],[106.34737090527564,10.774060474700658],[106.34738219578338,10.774031628501355],[106.34686640185767,10.773698692001053]]},"properties":{"OBJECTID":292,"maNhanDang":"","phienBan":0,"ngayPhienBan":1787702400000,"giaTriDoChinhXacMatPhang":0,"nguyenNhanThayDoi":null,"maDoiTuong":"KE03","loaiTrangThaiDuongBoNuoc":1,"loaiDuongBoNuoc":"Phá","SHAPE_Length":648.44779940193052}},{"type":"Feature","id":293,"geometry":{"type":"LineString","coordinates":[[106.34871629230129,10.773112424232499],[106.34870181303769,10.773137775968149]]},"properties":{"OBJECTID":293,"maNhanDang":"","phienBan":0,"ngayPhienBan":1787702400000,"giaTriDoChinhXacMatPhang":0,"nguyenNhanThayDoi":null,"maDoiTuong":"KE03","loaiTrangThaiDuongBoNuoc":1,"loaiDuongBoNuoc":"Phá","SHAPE_Length":3.2203294857239042}},{"type":"Feature","id":294,"geometry":{"type":"LineString","coordinates":[[106.34893365325225,10.773008991442806],[106.34891575483789,10.773006874276138],[106.34890487054828,10.772952472263523],[106.34900268030175,10.772792200167364],[106.34908588084582,10.772635974088958],[106.34912556077617,10.772553629962299],[106.34913547708288,10.772482856137781],[106.3490917453954,10.772422179896758],[106.34900851875611,10.772373664138508]]},"properties":{"OBJECTID":294,"maNhanDang":"","phienBan":0,"ngayPhienBan":1787702400000,"giaTriDoChinhXacMatPhang":0,"nguyenNhanThayDoi":null,"maDoiTuong":"KE03","loaiTrangThaiDuongBoNuoc":1,"loaiDuongBoNuoc":"Phá","SHAPE_Length":85.13826109345699}},{"type":"Feature","id":295,"geometry":{"type":"LineString","coordinates":[[106.34893528164903,10.772995526286842],[106.34892727537608,10.772994577989696],[106.34891935548565,10.772954986596806],[106.34901462966425,10.772798867395192],[106.34909814358012,10.772642051236708],[106.34913863739189,10.772556980586117],[106.3491535688531,10.772483815675018],[106.3491011412703,10.772411914697573],[106.34901341011437,10.772364152622863]]},"properties":{"OBJECTID":295,"maNhanDang":"","phienBan":0,"ngayPhienBan":1787702400000,"giaTriDoChinhXacMatPhang":0,"nguyenNhanThayDoi":null,"maDoiTuong":"KE03","loaiTrangThaiDuongBoNuoc":1,"loaiDuongBoNuoc":"Phá","SHAPE_Length":84.529327276493589}},{"type":"Feature","id":296,"geometry":{"type":"LineString","coordinates":[[106.34893365325225,10.773008991442806],[106.34893528164903,10.772995526286842]]},"properties":{"OBJECTID":296,"maNhanDang":"","phienBan":0,"ngayPhienBan":1787702400000,"giaTriDoChinhXacMatPhang":0,"nguyenNhanThayDoi":null,"maDoiTuong":"KE03","loaiTrangThaiDuongBoNuoc":1,"loaiDuongBoNuoc":"Phá","SHAPE_Length":1.4999606661939353}},{"type":"Feature","id":297,"geometry":{"type":"LineString","coordinates":[[106.34653482649726,10.773323417395945],[106.34650235660706,10.773380736393957],[106.34659757766435,10.77344492306867],[106.34661955029839,10.773444132180769],[106.34664673121257,10.773395054258046],[106.34653482649726,10.773323417395945]]},"properties":{"OBJECTID":297,"maNhanDang":"","phienBan":0,"ngayPhienBan":1787702400000,"giaTriDoChinhXacMatPhang":0,"nguyenNhanThayDoi":null,"maDoiTuong":"KE03","loaiTrangThaiDuongBoNuoc":1,"loaiDuongBoNuoc":"Phá","SHAPE_Length":43.043508632085697}},{"type":"Feature","id":298,"geometry":{"type":"LineString","coordinates":[[106.33332162970051,10.766552877837562],[106.33387148439027,10.766395743039771],[106.33376205401262,10.766331774208503],[106.33339120166167,10.766453411689145]]},"properties":{"OBJECTID":298,"maNhanDang":"","phienBan":0,"ngayPhienBan":1787702400000,"giaTriDoChinhXacMatPhang":0,"nguyenNhanThayDoi":null,"maDoiTuong":"KE03","loaiTrangThaiDuongBoNuoc":1,"loaiDuongBoNuoc":"Phá","SHAPE_Length":119.23267046563078}},{"type":"Feature","id":299,"geometry":{"type":"LineString","coordinates":[[106.33596183379755,10.772923422371081],[106.33624324489757,10.772843206552983],[106.33614449189936,10.772786995599352],[106.33602198993822,10.772822027820464]]},"properties":{"OBJECTID":299,"maNhanDang":"","phienBan":0,"ngayPhienBan":1787702400000,"giaTriDoChinhXacMatPhang":0,"nguyenNhanThayDoi":null,"maDoiTuong":"KE03","loaiTrangThaiDuongBoNuoc":1,"loaiDuongBoNuoc":"Phá","SHAPE_Length":58.43824012995627}},{"type":"Feature","id":300,"geometry":{"type":"LineString","coordinates":[[106.33978426598632,10.774741924025854],[106.33844273378166,10.77398578515669],[106.33780992162893,10.773610289530247],[106.33772246023862,10.77374716239548],[106.33767919048641,10.773858566155575],[106.33767956170503,10.774049963211338],[106.33768921104202,10.774602904510012],[106.33774219009341,10.775908532635453]]},"properties":{"OBJECTID":300,"maNhanDang":"","phienBan":0,"ngayPhienBan":1787702400000,"giaTriDoChinhXacMatPhang":0,"nguyenNhanThayDoi":null,"maDoiTuong":"KE03","loaiTrangThaiDuongBoNuoc":1,"loaiDuongBoNuoc":"Phá","SHAPE_Length":507.56705160491975}},{"type":"Feature","id":301,"geometry":{"type":"LineString","coordinates":[[106.33774759655846,10.776041772090311],[106.33775389034888,10.776196880012257],[106.33776121056363,10.776242897416843],[106.33784956848656,10.776305712947364],[106.33789923450092,10.776391688930444],[106.33796475994725,10.776483498795457],[106.33797317883611,10.776508553480541],[106.33796850153715,10.776565437404127],[106.33795266451384,10.776581500743534],[106.3379454006739,10.776586221264973],[106.33788220514964,10.776675387671396],[106.33787086226856,10.776816289485957],[106.33787106884465,10.776922734071562],[106.33789230040405,10.77697904626681],[106.33804756344243,10.776985013425302],[106.33818469343676,10.777001865921632],[106.33834556835448,10.777021636905321],[106.33848462198787,10.777108018037746],[106.33861988958319,10.777241164471137]]},"properties":{"OBJECTID":301,"maNhanDang":"","phienBan":0,"ngayPhienBan":1787702400000,"giaTriDoChinhXacMatPhang":0,"nguyenNhanThayDoi":null,"maDoiTuong":"KE03","loaiTrangThaiDuongBoNuoc":1,"loaiDuongBoNuoc":"Phá","SHAPE_Length":205.03521888155061}},{"type":"Feature","id":302,"geometry":{"type":"LineString","coordinates":[[106.33819812693848,10.776382766019827],[106.33815336667656,10.776464069793846],[106.33803683819878,10.776462410431654],[106.33800506731785,10.77647196376059],[106.33800300793482,10.776544409489901],[106.33799642137424,10.77658149003998],[106.33800689270102,10.776586104579529],[106.33807851661372,10.776609807929736],[106.33812312351617,10.776620926859053],[106.33820498762205,10.776641334288534],[106.33829507476027,10.776649016263214],[106.33838398032286,10.776656597387907],[106.33843561534599,10.776656499333946],[106.33850815026281,10.776649258977342],[106.33859045333357,10.776622623405224],[106.33869287871595,10.776583028203859],[106.33878611427117,10.776536716705275],[106.33893758544602,10.776461479066638],[106.33922635552436,10.776318039099994],[106.33927251772393,10.776297634411957],[106.33932583588644,10.776280998856295],[106.33936816322773,10.776269090933994],[106.33942081742227,10.77625427567177],[106.33944529847948,10.77624738869344],[106.33948332325747,10.776236691391523],[106.33952870725933,10.776227079467972],[106.33958773917547,10.776214575577685],[106.33964314221122,10.776209275206444],[106.33969449777628,10.776200942948554],[106.33973532293128,10.7762008652535],[106.33978834371131,10.776203402500309],[106.33983822421447,10.776205790210641],[106.33987226241784,10.776214892975753],[106.33993417451738,10.776231450305362],[106.33998482106389,10.776244996725559],[106.34002488636172,10.776255711758752],[106.34006098457014,10.776275556694902],[106.34009010363154,10.776303548187538],[106.34011589726637,10.776328343693287],[106.34020048716931,10.77639990652701],[106.34022143286789,10.776420060574294],[106.3402450434582,10.776447917887323],[106.34026864593871,10.776471610936207],[106.34029277548888,10.776499253889261],[106.34031107307784,10.776522186748505],[106.34033308873927,10.776545217398368],[106.34035705690123,10.776567927892023],[106.34038049740467,10.776590136710235],[106.34041428730457,10.77661537080998],[106.3404408467222,10.776635206750516],[106.34046588818038,10.776652183205595],[106.34049228374296,10.776667701479498],[106.34051978279751,10.77668922990247],[106.34055247712303,10.776713440826191],[106.34057779202074,10.776735590001417],[106.3405919267141,10.776748804485713],[106.34063116232504,10.776761645648314],[106.34064425230702,10.776771795419645],[106.34064667013729,10.776792532636078],[106.3406467266047,10.776821492608141],[106.34063255170305,10.776864569177457],[106.34061994846778,10.776921166254098],[106.34062002095703,10.776958344449847],[106.34062247053694,10.776996302871778],[106.3406201680838,10.777046933153757],[106.34062022225838,10.777074717801945],[106.34062029551382,10.777112288374569],[106.34062038745546,10.777159442354284],[106.34062047215579,10.777202882311531],[106.34061548038194,10.777252984301292],[106.34061561395517,10.777321489388299],[106.34062193497495,10.77734440527359],[106.34063509824207,10.77739212561548],[106.3406539796879,10.777437770094981],[106.3406772429483,10.777475012570227],[106.34069837819096,10.777508845225086],[106.3407301488373,10.77755261714797],[106.34075833538348,10.777586219370107],[106.34079995909211,10.777624173610903],[106.34084418231454,10.777660672714488],[106.34088351646567,10.777690212345593],[106.34090866300491,10.777706624400299],[106.34093872084279,10.777718884506999],[106.34096337401796,10.77772893987877],[106.34099414651665,10.777742873006749],[106.34102797593916,10.777748905713908],[106.34105759644871,10.777748849207944],[106.34109840275076,10.777742757296926],[106.34115209781103,10.77772988898314],[106.3411945968797,10.777719705497537],[106.34122525633884,10.777714135610285],[106.34128768493227,10.777702798423869],[106.34133113271213,10.777704581561832],[106.34135402336125,10.777704537872202],[106.34140153180485,10.777730141662621],[106.34143760754671,10.777749585046237],[106.34146404238378,10.77776172905935],[106.34148552087812,10.77779803099541],[106.34150933299451,10.777823148395962],[106.34155070910614,10.77786161110472],[106.34157331782322,10.777885752563162],[106.34162433549368,10.777926216606637],[106.34166148406672,10.77795372970183],[106.34170990367762,10.777979525178198],[106.34175765711673,10.777999445280903],[106.34181085742976,10.778021636915126],[106.34186574297699,10.778031200493993],[106.34195600587645,10.77803875265994],[106.34200458055658,10.778042816889556],[106.34206653368339,10.778042698502256],[106.34210000380577,10.778047330424009],[106.34214114223289,10.778061447948801],[106.34218055680924,10.778074977482744],[106.34221233270029,10.77809229893465],[106.34223951912524,10.778110005261109],[106.34225120632898,10.778126589393167],[106.34226366524298,10.778137544943062],[106.34229239713335,10.778162806569842],[106.34232680484817,10.778203609636986],[106.34234999513161,10.778255767920434],[106.34237962360102,10.778322406582946],[106.34239233261819,10.778367726415066],[106.34238063600267,10.778450126576834],[106.34237084981382,10.778494798690733],[106.34232651232473,10.778542160558789],[106.34227265710888,10.77857791210795],[106.34223035083031,10.778594138368007],[106.34217719252594,10.778597239780289],[106.34211073502659,10.778597366804542],[106.34204805864093,10.77858773137042],[106.34200967524549,10.77857317098905],[106.34193292899725,10.778554555792063],[106.34187481688822,10.778549414009817],[106.34177339928553,10.778555469922134],[106.34167384232271,10.778567541733304],[106.3415743063822,10.778590381281695],[106.34145788081091,10.778624019045052],[106.34135023472224,10.778651806766215],[106.34125471832157,10.778668996969165]]},"properties":{"OBJECTID":302,"maNhanDang":"","phienBan":0,"ngayPhienBan":1787702400000,"giaTriDoChinhXacMatPhang":0,"nguyenNhanThayDoi":null,"maDoiTuong":"KE03","loaiTrangThaiDuongBoNuoc":1,"loaiDuongBoNuoc":"Phá","SHAPE_Length":814.794086618611}},{"type":"Feature","id":303,"geometry":{"type":"LineString","coordinates":[[106.33774219009341,10.775908532635453],[106.3377661539262,10.775917822907303],[106.33780467199536,10.77596907192124],[106.33777791736522,10.776015340205792],[106.33774759655846,10.776041772090311]]},"properties":{"OBJECTID":303,"maNhanDang":"","phienBan":0,"ngayPhienBan":1787702400000,"giaTriDoChinhXacMatPhang":0,"nguyenNhanThayDoi":null,"maDoiTuong":"KE03","loaiTrangThaiDuongBoNuoc":1,"loaiDuongBoNuoc":"Phá","SHAPE_Length":20.193201428779158}},{"type":"Feature","id":304,"geometry":{"type":"LineString","coordinates":[[106.33877768543599,10.776412487862325],[106.33885625848323,10.776374946839976],[106.3389762688581,10.776318275871857],[106.33905505958086,10.776275145249683],[106.33913854340081,10.776233218986095],[106.33920416890918,10.776207063399653],[106.3394218914015,10.776158659775971],[106.33947954230757,10.776123453001137],[106.339549666544,10.776109528472725],[106.33971181312516,10.776097922319545],[106.3398216236791,10.776099214124342],[106.3399145964852,10.776105031315183],[106.33993406559817,10.776106965185134],[106.33995833171595,10.776078931711814],[106.33988637439583,10.776043662394295],[106.33984474150328,10.776009271984051],[106.33981202490442,10.775996096447294],[106.33976868260673,10.776065279195553],[106.33954367517345,10.776086798175466]]},"properties":{"OBJECTID":304,"maNhanDang":"","phienBan":0,"ngayPhienBan":1787702400000,"giaTriDoChinhXacMatPhang":0,"nguyenNhanThayDoi":null,"maDoiTuong":"KE03","loaiTrangThaiDuongBoNuoc":1,"loaiDuongBoNuoc":"Phá","SHAPE_Length":190.05694772966922}},{"type":"Feature","id":305,"geometry":{"type":"LineString","coordinates":[[106.33964603044159,10.775912689209932],[106.33967921240668,10.775931952079432],[106.3396972010208,10.775895782834992],[106.33963496083155,10.775859071911835]]},"properties":{"OBJECTID":305,"maNhanDang":"","phienBan":0,"ngayPhienBan":1787702400000,"giaTriDoChinhXacMatPhang":0,"nguyenNhanThayDoi":null,"maDoiTuong":"KE03","loaiTrangThaiDuongBoNuoc":1,"loaiDuongBoNuoc":"Phá","SHAPE_Length":16.592236354235752}},{"type":"Feature","id":306,"geometry":{"type":"LineString","coordinates":[[106.33978426598632,10.774741924025854],[106.33991179196815,10.774818755712818],[106.33995125152173,10.774845317151538],[106.33991891320278,10.774893926998132],[106.33981867325113,10.774840177461828]]},"properties":{"OBJECTID":306,"maNhanDang":"","phienBan":0,"ngayPhienBan":1787702400000,"giaTriDoChinhXacMatPhang":0,"nguyenNhanThayDoi":null,"maDoiTuong":"KE03","loaiTrangThaiDuongBoNuoc":1,"loaiDuongBoNuoc":"Phá","SHAPE_Length":40.458965759975968}},{"type":"Feature","id":307,"geometry":{"type":"LineString","coordinates":[[106.33964299322466,10.775741867366817],[106.33960760238848,10.775816696428935],[106.33963496083155,10.775859071911835]]},"properties":{"OBJECTID":307,"maNhanDang":"","phienBan":0,"ngayPhienBan":1787702400000,"giaTriDoChinhXacMatPhang":0,"nguyenNhanThayDoi":null,"maDoiTuong":"KE03","loaiTrangThaiDuongBoNuoc":1,"loaiDuongBoNuoc":"Phá","SHAPE_Length":14.697580459864179}},{"type":"Feature","id":308,"geometry":{"type":"LineString","coordinates":[[106.34365618917012,10.77208632291004],[106.34359819564233,10.772178436812332],[106.34346785368214,10.77211840654045],[106.34337251386428,10.772061213174617],[106.3432242046467,10.771977820932399],[106.34312376218416,10.771915670133852],[106.34299602464091,10.771844474479062],[106.34290292035114,10.771792283578886],[106.3427428204391,10.771712072562428],[106.34287335988213,10.771495540902688]]},"properties":{"OBJECTID":308,"maNhanDang":"","phienBan":0,"ngayPhienBan":1787702400000,"giaTriDoChinhXacMatPhang":0,"nguyenNhanThayDoi":null,"maDoiTuong":"KE03","loaiTrangThaiDuongBoNuoc":1,"loaiDuongBoNuoc":"Phá","SHAPE_Length":146.79307395004602}},{"type":"Feature","id":309,"geometry":{"type":"LineString","coordinates":[[106.34346864461666,10.772257084653043],[106.34343489932949,10.772237685832094]]},"properties":{"OBJECTID":309,"maNhanDang":"","phienBan":0,"ngayPhienBan":1787702400000,"giaTriDoChinhXacMatPhang":0,"nguyenNhanThayDoi":null,"maDoiTuong":"KE03","loaiTrangThaiDuongBoNuoc":1,"loaiDuongBoNuoc":"Phá","SHAPE_Length":4.2689685870486498}},{"type":"Feature","id":310,"geometry":{"type":"LineString","coordinates":[[106.34336082373697,10.772204621917227],[106.34336077248648,10.772204598508782],[106.34332765506004,10.77218923798454]]},"properties":{"OBJECTID":310,"maNhanDang":"","phienBan":0,"ngayPhienBan":1787702400000,"giaTriDoChinhXacMatPhang":0,"nguyenNhanThayDoi":null,"maDoiTuong":"KE03","loaiTrangThaiDuongBoNuoc":1,"loaiDuongBoNuoc":"Phá","SHAPE_Length":4.006761840796436}},{"type":"Feature","id":311,"geometry":{"type":"LineString","coordinates":[[106.34326506601589,10.772120790967834],[106.34323340458238,10.772093441111299]]},"properties":{"OBJECTID":311,"maNhanDang":"","phienBan":0,"ngayPhienBan":1787702400000,"giaTriDoChinhXacMatPhang":0,"nguyenNhanThayDoi":null,"maDoiTuong":"KE03","loaiTrangThaiDuongBoNuoc":1,"loaiDuongBoNuoc":"Phá","SHAPE_Length":4.5979644929766001}},{"type":"Feature","id":312,"geometry":{"type":"LineString","coordinates":[[106.34315841472336,10.772057597888189],[106.34311900987693,10.772043044977755]]},"properties":{"OBJECTID":312,"maNhanDang":"","phienBan":0,"ngayPhienBan":1787702400000,"giaTriDoChinhXacMatPhang":0,"nguyenNhanThayDoi":null,"maDoiTuong":"KE03","loaiTrangThaiDuongBoNuoc":1,"loaiDuongBoNuoc":"Phá","SHAPE_Length":4.6003266141982717}},{"type":"Feature","id":313,"geometry":{"type":"LineString","coordinates":[[106.34304611989705,10.772010242711225],[106.34300584328213,10.771991286686619]]},"properties":{"OBJECTID":313,"maNhanDang":"","phienBan":0,"ngayPhienBan":1787702400000,"giaTriDoChinhXacMatPhang":0,"nguyenNhanThayDoi":null,"maDoiTuong":"KE03","loaiTrangThaiDuongBoNuoc":1,"loaiDuongBoNuoc":"Phá","SHAPE_Length":4.8784124138869664}},{"type":"Feature","id":314,"geometry":{"type":"LineString","coordinates":[[106.34293761429794,10.771959175248703],[106.34293684368816,10.771958811466995],[106.3428909984066,10.771937895144013]]},"properties":{"OBJECTID":314,"maNhanDang":"","phienBan":0,"ngayPhienBan":1787702400000,"giaTriDoChinhXacMatPhang":0,"nguyenNhanThayDoi":null,"maDoiTuong":"KE03","loaiTrangThaiDuongBoNuoc":1,"loaiDuongBoNuoc":"Phá","SHAPE_Length":5.6152875892183367}},{"type":"Feature","id":315,"geometry":{"type":"LineString","coordinates":[[106.34282512338787,10.771907836905486],[106.34282081470013,10.771905872402938],[106.3427923664857,10.771881362454351]]},"properties":{"OBJECTID":315,"maNhanDang":"","phienBan":0,"ngayPhienBan":1787702400000,"giaTriDoChinhXacMatPhang":0,"nguyenNhanThayDoi":null,"maDoiTuong":"KE03","loaiTrangThaiDuongBoNuoc":1,"loaiDuongBoNuoc":"Phá","SHAPE_Length":4.6455666990546955}},{"type":"Feature","id":316,"geometry":{"type":"LineString","coordinates":[[106.34273518273376,10.771832227373345],[106.34268666346193,10.771804555283673]]},"properties":{"OBJECTID":316,"maNhanDang":"","phienBan":0,"ngayPhienBan":1787702400000,"giaTriDoChinhXacMatPhang":0,"nguyenNhanThayDoi":null,"maDoiTuong":"KE03","loaiTrangThaiDuongBoNuoc":1,"loaiDuongBoNuoc":"Phá","SHAPE_Length":6.1257882075315218}},{"type":"Feature","id":317,"geometry":{"type":"LineString","coordinates":[[106.34372761897946,10.772048649754916],[106.34366029573094,10.772126999464424],[106.34361917103017,10.772199791224278],[106.3436125099124,10.772215226087658],[106.34366385737457,10.772237713932991],[106.34370790038284,10.772231018813166],[106.34375353606679,10.772184109965727],[106.3438002268162,10.772106349452994],[106.34381464910567,10.772066660846299],[106.34380791461182,10.772044640874469],[106.34377165149623,10.772037548072939],[106.34372761897946,10.772048649754916]]},"properties":{"OBJECTID":317,"maNhanDang":"","phienBan":0,"ngayPhienBan":1787702400000,"giaTriDoChinhXacMatPhang":0,"nguyenNhanThayDoi":null,"maDoiTuong":"KE03","loaiTrangThaiDuongBoNuoc":1,"loaiDuongBoNuoc":"Phá","SHAPE_Length":66.888734317786998}},{"type":"Feature","id":318,"geometry":{"type":"LineString","coordinates":[[106.34377950095987,10.772382222275381],[106.34385744660521,10.772436931821574],[106.34367782948851,10.772734612078935],[106.34358570387843,10.77286949552661],[106.34345432767053,10.773087376180163],[106.34330886960312,10.773319091128394],[106.34314753503348,10.773578351724881],[106.34303741569224,10.773757978927383],[106.34252420923056,10.774594211659672],[106.34231988702587,10.774921012447578],[106.34208952080078,10.775291655589379],[106.34202821561873,10.775247790142043],[106.34202118073344,10.775224568255943],[106.34211288688222,10.775082082556159],[106.34225726921319,10.774848334131539],[106.34240352377384,10.774620097068107],[106.34251987943109,10.774427173322824],[106.34264682913341,10.77422502194438],[106.34281019049152,10.773957235673036],[106.34297566255213,10.77369162958891],[106.34316838487868,10.773375788401806],[106.34342746097813,10.772958186784077],[106.34366780547849,10.772560635777117],[106.34377950095987,10.772382222275381]]},"properties":{"OBJECTID":318,"maNhanDang":"","phienBan":0,"ngayPhienBan":1787702400000,"giaTriDoChinhXacMatPhang":0,"nguyenNhanThayDoi":null,"maDoiTuong":"KE03","loaiTrangThaiDuongBoNuoc":1,"loaiDuongBoNuoc":"Phá","SHAPE_Length":760.23154079888798}},{"type":"Feature","id":319,"geometry":{"type":"LineString","coordinates":[[106.34391057300603,10.772446111506421],[106.34399453578355,10.772498297902192],[106.34415451899602,10.772594169240733],[106.34437884549797,10.772711886697351],[106.34453762963369,10.772801411547778],[106.34467421148105,10.772885534430625],[106.34478140483539,10.77294787967824],[106.34493315107139,10.773036826537341],[106.34503822193194,10.773097600825436],[106.34513138974559,10.773153821386888],[106.34524923467998,10.773224950115031],[106.34547679040233,10.77335973531668],[106.34565544357656,10.77346646976083],[106.34578674453579,10.773543118145858],[106.34598285791748,10.773665217417935],[106.34614714915217,10.773761146275886],[106.34633444051836,10.77387466973344],[106.34643559794593,10.773926844035062],[106.34655686355016,10.773992562760812],[106.34667152733513,10.774050806409489],[106.34676038382507,10.774095100658833]]},"properties":{"OBJECTID":319,"maNhanDang":"","phienBan":0,"ngayPhienBan":1787702400000,"giaTriDoChinhXacMatPhang":0,"nguyenNhanThayDoi":null,"maDoiTuong":"KE03","loaiTrangThaiDuongBoNuoc":1,"loaiDuongBoNuoc":"Phá","SHAPE_Length":361.24571281761558}},{"type":"Feature","id":320,"geometry":{"type":"LineString","coordinates":[[106.34670521806389,10.774093373365424],[106.3466377860294,10.774058704468382],[106.34660752261145,10.774044114536917]]},"properties":{"OBJECTID":320,"maNhanDang":"","phienBan":0,"ngayPhienBan":1787702400000,"giaTriDoChinhXacMatPhang":0,"nguyenNhanThayDoi":null,"maDoiTuong":"KE03","loaiTrangThaiDuongBoNuoc":1,"loaiDuongBoNuoc":"Phá","SHAPE_Length":11.994273174244906}},{"type":"Feature","id":321,"geometry":{"type":"LineString","coordinates":[[106.34657545250236,10.774028651105318],[106.34654652168437,10.77401470412819],[106.34647589326894,10.773979225850145]]},"properties":{"OBJECTID":321,"maNhanDang":"","phienBan":0,"ngayPhienBan":1787702400000,"giaTriDoChinhXacMatPhang":0,"nguyenNhanThayDoi":null,"maDoiTuong":"KE03","loaiTrangThaiDuongBoNuoc":1,"loaiDuongBoNuoc":"Phá","SHAPE_Length":12.183945787388888}},{"type":"Feature","id":322,"geometry":{"type":"LineString","coordinates":[[106.34644820791404,10.773965318054842],[106.3464373545374,10.773959865534332],[106.34635928722368,10.773913451112627]]},"properties":{"OBJECTID":322,"maNhanDang":"","phienBan":0,"ngayPhienBan":1787702400000,"giaTriDoChinhXacMatPhang":0,"nguyenNhanThayDoi":null,"maDoiTuong":"KE03","loaiTrangThaiDuongBoNuoc":1,"loaiDuongBoNuoc":"Phá","SHAPE_Length":11.293830889118416}},{"type":"Feature","id":323,"geometry":{"type":"LineString","coordinates":[[106.34633471668646,10.773898842966069],[106.34629176951623,10.773873308893203],[106.3462433557372,10.773848454362881]]},"properties":{"OBJECTID":323,"maNhanDang":"","phienBan":0,"ngayPhienBan":1787702400000,"giaTriDoChinhXacMatPhang":0,"nguyenNhanThayDoi":null,"maDoiTuong":"KE03","loaiTrangThaiDuongBoNuoc":1,"loaiDuongBoNuoc":"Phá","SHAPE_Length":11.446544222759997}},{"type":"Feature","id":324,"geometry":{"type":"LineString","coordinates":[[106.34621535494293,10.773834080637911],[106.34616758554694,10.773809557563434]]},"properties":{"OBJECTID":324,"maNhanDang":"","phienBan":0,"ngayPhienBan":1787702400000,"giaTriDoChinhXacMatPhang":0,"nguyenNhanThayDoi":null,"maDoiTuong":"KE03","loaiTrangThaiDuongBoNuoc":1,"loaiDuongBoNuoc":"Phá","SHAPE_Length":5.8864685300656765}},{"type":"Feature","id":325,"geometry":{"type":"LineString","coordinates":[[106.34614204581619,10.773794962114041],[106.34604167472644,10.773737151861917]]},"properties":{"OBJECTID":325,"maNhanDang":"","phienBan":0,"ngayPhienBan":1787702400000,"giaTriDoChinhXacMatPhang":0,"nguyenNhanThayDoi":null,"maDoiTuong":"KE03","loaiTrangThaiDuongBoNuoc":1,"loaiDuongBoNuoc":"Phá","SHAPE_Length":12.70363635070616}},{"type":"Feature","id":326,"geometry":{"type":"LineString","coordinates":[[106.34601195086174,10.77371885041409],[106.34593420574809,10.773670686733379]]},"properties":{"OBJECTID":326,"maNhanDang":"","phienBan":0,"ngayPhienBan":1787702400000,"giaTriDoChinhXacMatPhang":0,"nguyenNhanThayDoi":null,"maDoiTuong":"KE03","loaiTrangThaiDuongBoNuoc":1,"loaiDuongBoNuoc":"Phá","SHAPE_Length":10.033626427799655}},{"type":"Feature","id":327,"geometry":{"type":"LineString","coordinates":[[106.34589866772399,10.77364836598524],[106.34581816740864,10.773597759273763]]},"properties":{"OBJECTID":327,"maNhanDang":"","phienBan":0,"ngayPhienBan":1787702400000,"giaTriDoChinhXacMatPhang":0,"nguyenNhanThayDoi":null,"maDoiTuong":"KE03","loaiTrangThaiDuongBoNuoc":1,"loaiDuongBoNuoc":"Phá","SHAPE_Length":10.43266898638325}},{"type":"Feature","id":328,"geometry":{"type":"LineString","coordinates":[[106.34578708603628,10.773578219990267],[106.34569079880485,10.773517687664652]]},"properties":{"OBJECTID":328,"maNhanDang":"","phienBan":0,"ngayPhienBan":1787702400000,"giaTriDoChinhXacMatPhang":0,"nguyenNhanThayDoi":null,"maDoiTuong":"KE03","loaiTrangThaiDuongBoNuoc":1,"loaiDuongBoNuoc":"Phá","SHAPE_Length":12.478688729586294}},{"type":"Feature","id":329,"geometry":{"type":"LineString","coordinates":[[106.34566028538279,10.773499599257024],[106.34557014426387,10.77344726428746]]},"properties":{"OBJECTID":329,"maNhanDang":"","phienBan":0,"ngayPhienBan":1787702400000,"giaTriDoChinhXacMatPhang":0,"nguyenNhanThayDoi":null,"maDoiTuong":"KE03","loaiTrangThaiDuongBoNuoc":1,"loaiDuongBoNuoc":"Phá","SHAPE_Length":11.432145460462598}},{"type":"Feature","id":330,"geometry":{"type":"LineString","coordinates":[[106.34553838848187,10.773428841929849],[106.34545501973091,10.773380477366837]]},"properties":{"OBJECTID":330,"maNhanDang":"","phienBan":0,"ngayPhienBan":1787702400000,"giaTriDoChinhXacMatPhang":0,"nguyenNhanThayDoi":null,"maDoiTuong":"KE03","loaiTrangThaiDuongBoNuoc":1,"loaiDuongBoNuoc":"Phá","SHAPE_Length":10.571089237785916}},{"type":"Feature","id":331,"geometry":{"type":"LineString","coordinates":[[106.34542214546134,10.773359614272891],[106.34533436576224,10.773302844614024]]},"properties":{"OBJECTID":331,"maNhanDang":"","phienBan":0,"ngayPhienBan":1787702400000,"giaTriDoChinhXacMatPhang":0,"nguyenNhanThayDoi":null,"maDoiTuong":"KE03","loaiTrangThaiDuongBoNuoc":1,"loaiDuongBoNuoc":"Phá","SHAPE_Length":11.471189724126518}},{"type":"Feature","id":332,"geometry":{"type":"LineString","coordinates":[[106.34529523809036,10.773279639245983],[106.34520940121145,10.773229717071475]]},"properties":{"OBJECTID":332,"maNhanDang":"","phienBan":0,"ngayPhienBan":1787702400000,"giaTriDoChinhXacMatPhang":0,"nguyenNhanThayDoi":null,"maDoiTuong":"KE03","loaiTrangThaiDuongBoNuoc":1,"loaiDuongBoNuoc":"Phá","SHAPE_Length":10.891096283811432}},{"type":"Feature","id":333,"geometry":{"type":"LineString","coordinates":[[106.34517084053732,10.773206546761726],[106.34509157682943,10.773158807080074]]},"properties":{"OBJECTID":333,"maNhanDang":"","phienBan":0,"ngayPhienBan":1787702400000,"giaTriDoChinhXacMatPhang":0,"nguyenNhanThayDoi":null,"maDoiTuong":"KE03","loaiTrangThaiDuongBoNuoc":1,"loaiDuongBoNuoc":"Phá","SHAPE_Length":10.150281690689612}},{"type":"Feature","id":334,"geometry":{"type":"LineString","coordinates":[[106.34505917747163,10.773140427494093],[106.34497177790522,10.773091849930768]]},"properties":{"OBJECTID":334,"maNhanDang":"","phienBan":0,"ngayPhienBan":1787702400000,"giaTriDoChinhXacMatPhang":0,"nguyenNhanThayDoi":null,"maDoiTuong":"KE03","loaiTrangThaiDuongBoNuoc":1,"loaiDuongBoNuoc":"Phá","SHAPE_Length":10.96511078672585}},{"type":"Feature","id":335,"geometry":{"type":"LineString","coordinates":[[106.34494044062413,10.773072316472073],[106.34484655403598,10.773013231238663]]},"properties":{"OBJECTID":335,"maNhanDang":"","phienBan":0,"ngayPhienBan":1787702400000,"giaTriDoChinhXacMatPhang":0,"nguyenNhanThayDoi":null,"maDoiTuong":"KE03","loaiTrangThaiDuongBoNuoc":1,"loaiDuongBoNuoc":"Phá","SHAPE_Length":12.171268384469963}},{"type":"Feature","id":336,"geometry":{"type":"LineString","coordinates":[[106.34481402477249,10.772993871832441],[106.34478289448381,10.772975435534365],[106.34472648272079,10.77294626546996]]},"properties":{"OBJECTID":336,"maNhanDang":"","phienBan":0,"ngayPhienBan":1787702400000,"giaTriDoChinhXacMatPhang":0,"nguyenNhanThayDoi":null,"maDoiTuong":"KE03","loaiTrangThaiDuongBoNuoc":1,"loaiDuongBoNuoc":"Phá","SHAPE_Length":10.930751471338045}},{"type":"Feature","id":337,"geometry":{"type":"LineString","coordinates":[[106.34469420221514,10.772926923654977],[106.34461393003511,10.772876820657162]]},"properties":{"OBJECTID":337,"maNhanDang":"","phienBan":0,"ngayPhienBan":1787702400000,"giaTriDoChinhXacMatPhang":0,"nguyenNhanThayDoi":null,"maDoiTuong":"KE03","loaiTrangThaiDuongBoNuoc":1,"loaiDuongBoNuoc":"Phá","SHAPE_Length":10.381791207905261}},{"type":"Feature","id":338,"geometry":{"type":"LineString","coordinates":[[106.34457892148106,10.772854896534184],[106.34449174062749,10.772800271799209]]},"properties":{"OBJECTID":338,"maNhanDang":"","phienBan":0,"ngayPhienBan":1787702400000,"giaTriDoChinhXacMatPhang":0,"nguyenNhanThayDoi":null,"maDoiTuong":"KE03","loaiTrangThaiDuongBoNuoc":1,"loaiDuongBoNuoc":"Phá","SHAPE_Length":11.287699853719976}},{"type":"Feature","id":339,"geometry":{"type":"LineString","coordinates":[[106.34444662842732,10.772778414051503],[106.34435495317655,10.772735285364689]]},"properties":{"OBJECTID":339,"maNhanDang":"","phienBan":0,"ngayPhienBan":1787702400000,"giaTriDoChinhXacMatPhang":0,"nguyenNhanThayDoi":null,"maDoiTuong":"KE03","loaiTrangThaiDuongBoNuoc":1,"loaiDuongBoNuoc":"Phá","SHAPE_Length":11.10308363840185}},{"type":"Feature","id":340,"geometry":{"type":"LineString","coordinates":[[106.34432210432932,10.772717987859739],[106.3442370150171,10.772671439866578]]},"properties":{"OBJECTID":340,"maNhanDang":"","phienBan":0,"ngayPhienBan":1787702400000,"giaTriDoChinhXacMatPhang":0,"nguyenNhanThayDoi":null,"maDoiTuong":"KE03","loaiTrangThaiDuongBoNuoc":1,"loaiDuongBoNuoc":"Phá","SHAPE_Length":10.635114160607252}},{"type":"Feature","id":341,"geometry":{"type":"LineString","coordinates":[[106.34420131090474,10.772651963520914],[106.34412433009167,10.772609992769075]]},"properties":{"OBJECTID":341,"maNhanDang":"","phienBan":0,"ngayPhienBan":1787702400000,"giaTriDoChinhXacMatPhang":0,"nguyenNhanThayDoi":null,"maDoiTuong":"KE03","loaiTrangThaiDuongBoNuoc":1,"loaiDuongBoNuoc":"Phá","SHAPE_Length":9.6140862264023053}},{"type":"Feature","id":342,"geometry":{"type":"LineString","coordinates":[[106.34408843560225,10.772588547648809],[106.34403818814235,10.772558183076274],[106.34399520999342,10.772529715828297]]},"properties":{"OBJECTID":342,"maNhanDang":"","phienBan":0,"ngayPhienBan":1787702400000,"giaTriDoChinhXacMatPhang":0,"nguyenNhanThayDoi":null,"maDoiTuong":"KE03","loaiTrangThaiDuongBoNuoc":1,"loaiDuongBoNuoc":"Phá","SHAPE_Length":12.097867194857727}},{"type":"Feature","id":343,"geometry":{"type":"LineString","coordinates":[[106.34395635003392,10.772503976483687],[106.34394528825804,10.772496649170183],[106.34387789235383,10.772453956598397]]},"properties":{"OBJECTID":343,"maNhanDang":"","phienBan":0,"ngayPhienBan":1787702400000,"giaTriDoChinhXacMatPhang":0,"nguyenNhanThayDoi":null,"maDoiTuong":"KE03","loaiTrangThaiDuongBoNuoc":1,"loaiDuongBoNuoc":"Phá","SHAPE_Length":10.209820617136735}},{"type":"Feature","id":344,"geometry":{"type":"LineString","coordinates":[[106.3445982072252,10.776981898273721],[106.34465516586478,10.776999540019922],[106.34468351643497,10.776980504979869],[106.34470028658251,10.776952744114331],[106.34459049118634,10.776865197673409],[106.3444233512415,10.776758999367615],[106.34407595719975,10.776555708367832],[106.34358713817987,10.776287140800616],[106.34294847444629,10.775941681751327],[106.34235978659049,10.77561211384854],[106.34186232985778,10.775346465670951],[106.34185519999865,10.775231561162157],[106.34200300854695,10.774992549873481],[106.34223383410453,10.774607149225369],[106.34265361510442,10.77394052722325],[106.34311162635889,10.773216142865254],[106.34364768161669,10.772339179304872],[106.34355765009306,10.772286434848244]]},"properties":{"OBJECTID":344,"maNhanDang":"","phienBan":0,"ngayPhienBan":1787702400000,"giaTriDoChinhXacMatPhang":0,"nguyenNhanThayDoi":null,"maDoiTuong":"KE03","loaiTrangThaiDuongBoNuoc":1,"loaiDuongBoNuoc":"Phá","SHAPE_Length":771.13839899391758}},{"type":"Feature","id":345,"geometry":{"type":"LineString","coordinates":[[106.34491862633951,10.777061549017025],[106.3447616343512,10.776939695955315],[106.34477331954643,10.776918890125858],[106.34491059408599,10.777005521229388],[106.34507335881879,10.777079509232209],[106.3453246492039,10.777196528468435],[106.34529315326282,10.777222120700714]]},"properties":{"OBJECTID":345,"maNhanDang":"","phienBan":0,"ngayPhienBan":1787702400000,"giaTriDoChinhXacMatPhang":0,"nguyenNhanThayDoi":null,"maDoiTuong":"KE03","loaiTrangThaiDuongBoNuoc":1,"loaiDuongBoNuoc":"Phá","SHAPE_Length":96.697272915581763}},{"type":"Feature","id":346,"geometry":{"type":"LineString","coordinates":[[106.34591417967893,10.776497424622038],[106.34594296066712,10.776530848003928],[106.34555698189727,10.777137310209701],[106.34563587982427,10.777140744198697]]},"properties":{"OBJECTID":346,"maNhanDang":"","phienBan":0,"ngayPhienBan":1787702400000,"giaTriDoChinhXacMatPhang":0,"nguyenNhanThayDoi":null,"maDoiTuong":"KE03","loaiTrangThaiDuongBoNuoc":1,"loaiDuongBoNuoc":"Phá","SHAPE_Length":92.748187635295608}},{"type":"Feature","id":347,"geometry":{"type":"LineString","coordinates":[[106.3476288256368,10.774667389917509],[106.34643911261051,10.776601127214819],[106.34648027393038,10.776599022802802],[106.3476687478565,10.774685297235317]]},"properties":{"OBJECTID":347,"maNhanDang":"","phienBan":0,"ngayPhienBan":1787702400000,"giaTriDoChinhXacMatPhang":0,"nguyenNhanThayDoi":null,"maDoiTuong":"KE03","loaiTrangThaiDuongBoNuoc":1,"loaiDuongBoNuoc":"Phá","SHAPE_Length":503.25361923507518}},{"type":"Feature","id":348,"geometry":{"type":"LineString","coordinates":[[106.34364030952914,10.771911375961913],[106.34367968398955,10.771929085974948],[106.34374246400958,10.77196337390216],[106.34383920786472,10.772010064266551],[106.34388774415322,10.772048220058128],[106.34394856098156,10.772039073401931],[106.34411717981797,10.771786364040402],[106.34442477054677,10.771406541371931],[106.34469791639721,10.771118064059468],[106.34495598080196,10.770896968969582],[106.34507399206231,10.770814847457823],[106.34524932001692,10.770651167474227]]},"properties":{"OBJECTID":348,"maNhanDang":"","phienBan":0,"ngayPhienBan":1787702400000,"giaTriDoChinhXacMatPhang":0,"nguyenNhanThayDoi":null,"maDoiTuong":"KE03","loaiTrangThaiDuongBoNuoc":1,"loaiDuongBoNuoc":"Phá","SHAPE_Length":248.37096031537854}},{"type":"Feature","id":349,"geometry":{"type":"LineString","coordinates":[[106.34900161490673,10.771397351746669],[106.34915772862743,10.771487297055737],[106.34941926464801,10.771644466029304]]},"properties":{"OBJECTID":349,"maNhanDang":"","phienBan":0,"ngayPhienBan":1787702400000,"giaTriDoChinhXacMatPhang":0,"nguyenNhanThayDoi":null,"maDoiTuong":"KE03","loaiTrangThaiDuongBoNuoc":1,"loaiDuongBoNuoc":"Phá","SHAPE_Length":53.232048291330472}},{"type":"Feature","id":350,"geometry":{"type":"LineString","coordinates":[[106.34942794162308,10.771635037597587],[106.34916576138863,10.771475763329274],[106.34901117995312,10.771379242274923]]},"properties":{"OBJECTID":350,"maNhanDang":"","phienBan":0,"ngayPhienBan":1787702400000,"giaTriDoChinhXacMatPhang":0,"nguyenNhanThayDoi":null,"maDoiTuong":"KE03","loaiTrangThaiDuongBoNuoc":1,"loaiDuongBoNuoc":"Phá","SHAPE_Length":53.64768914458385}}]
}