{
  "type" : "FeatureCollection",
  "features" : [{"type":"Feature","id":1,"geometry":{"type":"Point","coordinates":[106.33385822344503,10.776646875592247]},"properties":{"OBJECTID":1,"maNhanDang":"","phienBan":0,"ngayPhienBan":1787756708000,"giaTriDoChinhXacMatPhang":0,"nguyenNhanThayDoi":null,"maDoiTuong":"HE03","tenCay":"keo","chieuCao":0}},{"type":"Feature","id":2,"geometry":{"type":"Point","coordinates":[106.33418453920359,10.776543320695149]},"properties":{"OBJECTID":2,"maNhanDang":"","phienBan":0,"ngayPhienBan":1787756708000,"giaTriDoChinhXacMatPhang":0,"nguyenNhanThayDoi":null,"maDoiTuong":"HE03","tenCay":"keo","chieuCao":0}},{"type":"Feature","id":3,"geometry":{"type":"Point","coordinates":[106.33447315881024,10.776471273913733]},"properties":{"OBJECTID":3,"maNhanDang":"","phienBan":0,"ngayPhienBan":1787756708000,"giaTriDoChinhXacMatPhang":0,"nguyenNhanThayDoi":null,"maDoiTuong":"HE03","tenCay":"keo","chieuCao":0}},{"type":"Feature","id":4,"geometry":{"type":"Point","coordinates":[106.33478062528864,10.776383472631808]},"properties":{"OBJECTID":4,"maNhanDang":"","phienBan":0,"ngayPhienBan":1787756708000,"giaTriDoChinhXacMatPhang":0,"nguyenNhanThayDoi":null,"maDoiTuong":"HE03","tenCay":"keo","chieuCao":0}},{"type":"Feature","id":5,"geometry":{"type":"Point","coordinates":[106.33501372927915,10.776323536564044]},"properties":{"OBJECTID":5,"maNhanDang":"","phienBan":0,"ngayPhienBan":1787756708000,"giaTriDoChinhXacMatPhang":0,"nguyenNhanThayDoi":null,"maDoiTuong":"HE03","tenCay":"keo","chieuCao":0}},{"type":"Feature","id":6,"geometry":{"type":"Point","coordinates":[106.33536425413216,10.776227920661835]},"properties":{"OBJECTID":6,"maNhanDang":"","phienBan":0,"ngayPhienBan":1787756708000,"giaTriDoChinhXacMatPhang":0,"nguyenNhanThayDoi":null,"maDoiTuong":"HE03","tenCay":"keo","chieuCao":0}},{"type":"Feature","id":7,"geometry":{"type":"Point","coordinates":[106.33571943225338,10.776105461010328]},"properties":{"OBJECTID":7,"maNhanDang":"","phienBan":0,"ngayPhienBan":1787756708000,"giaTriDoChinhXacMatPhang":0,"nguyenNhanThayDoi":null,"maDoiTuong":"HE03","tenCay":"keo","chieuCao":0}},{"type":"Feature","id":8,"geometry":{"type":"Point","coordinates":[106.33601049109866,10.776032264538319]},"properties":{"OBJECTID":8,"maNhanDang":"","phienBan":0,"ngayPhienBan":1787756708000,"giaTriDoChinhXacMatPhang":0,"nguyenNhanThayDoi":null,"maDoiTuong":"HE03","tenCay":"keo","chieuCao":0}},{"type":"Feature","id":9,"geometry":{"type":"Point","coordinates":[106.33631795752522,10.775944461773534]},"properties":{"OBJECTID":9,"maNhanDang":"","phienBan":0,"ngayPhienBan":1787756708000,"giaTriDoChinhXacMatPhang":0,"nguyenNhanThayDoi":null,"maDoiTuong":"HE03","tenCay":"keo","chieuCao":0}},{"type":"Feature","id":10,"geometry":{"type":"Point","coordinates":[106.33662542284242,10.775856657810172]},"properties":{"OBJECTID":10,"maNhanDang":"","phienBan":0,"ngayPhienBan":1787756708000,"giaTriDoChinhXacMatPhang":0,"nguyenNhanThayDoi":null,"maDoiTuong":"HE03","tenCay":"keo","chieuCao":0}},{"type":"Feature","id":11,"geometry":{"type":"Point","coordinates":[106.33691507783861,10.775784049024191]},"properties":{"OBJECTID":11,"maNhanDang":"","phienBan":0,"ngayPhienBan":1787756708000,"giaTriDoChinhXacMatPhang":0,"nguyenNhanThayDoi":null,"maDoiTuong":"HE03","tenCay":"keo","chieuCao":0}},{"type":"Feature","id":12,"geometry":{"type":"Point","coordinates":[106.3372403547292,10.77568105079961]},"properties":{"OBJECTID":12,"maNhanDang":"","phienBan":0,"ngayPhienBan":1787756708000,"giaTriDoChinhXacMatPhang":0,"nguyenNhanThayDoi":null,"maDoiTuong":"HE03","tenCay":"keo","chieuCao":0}},{"type":"Feature","id":13,"geometry":{"type":"Point","coordinates":[106.33392108212971,10.776500920480172]},"properties":{"OBJECTID":13,"maNhanDang":"","phienBan":0,"ngayPhienBan":1787756708000,"giaTriDoChinhXacMatPhang":0,"nguyenNhanThayDoi":null,"maDoiTuong":"HE03","tenCay":"keo","chieuCao":0}},{"type":"Feature","id":14,"geometry":{"type":"Point","coordinates":[106.33426608146881,10.776390818068533]},"properties":{"OBJECTID":14,"maNhanDang":"","phienBan":0,"ngayPhienBan":1787756708000,"giaTriDoChinhXacMatPhang":0,"nguyenNhanThayDoi":null,"maDoiTuong":"HE03","tenCay":"keo","chieuCao":0}},{"type":"Feature","id":15,"geometry":{"type":"Point","coordinates":[106.33456887210154,10.776317396472921]},"properties":{"OBJECTID":15,"maNhanDang":"","phienBan":0,"ngayPhienBan":1787756708000,"giaTriDoChinhXacMatPhang":0,"nguyenNhanThayDoi":null,"maDoiTuong":"HE03","tenCay":"keo","chieuCao":0}},{"type":"Feature","id":16,"geometry":{"type":"Point","coordinates":[106.33487633839331,10.776229595104789]},"properties":{"OBJECTID":16,"maNhanDang":"","phienBan":0,"ngayPhienBan":1787756708000,"giaTriDoChinhXacMatPhang":0,"nguyenNhanThayDoi":null,"maDoiTuong":"HE03","tenCay":"keo","chieuCao":0}},{"type":"Feature","id":17,"geometry":{"type":"Point","coordinates":[106.33518380449185,10.776141793440441]},"properties":{"OBJECTID":17,"maNhanDang":"","phienBan":0,"ngayPhienBan":1787756708000,"giaTriDoChinhXacMatPhang":0,"nguyenNhanThayDoi":null,"maDoiTuong":"HE03","tenCay":"keo","chieuCao":0}},{"type":"Feature","id":18,"geometry":{"type":"Point","coordinates":[106.33549127131155,10.77605399147814]},"properties":{"OBJECTID":18,"maNhanDang":"","phienBan":0,"ngayPhienBan":1787756708000,"giaTriDoChinhXacMatPhang":0,"nguyenNhanThayDoi":null,"maDoiTuong":"HE03","tenCay":"keo","chieuCao":0}},{"type":"Feature","id":19,"geometry":{"type":"Point","coordinates":[106.33578152085343,10.775972707774489]},"properties":{"OBJECTID":19,"maNhanDang":"","phienBan":0,"ngayPhienBan":1787756708000,"giaTriDoChinhXacMatPhang":0,"nguyenNhanThayDoi":null,"maDoiTuong":"HE03","tenCay":"keo","chieuCao":0}},{"type":"Feature","id":20,"geometry":{"type":"Point","coordinates":[106.33610620345682,10.775878386666587]},"properties":{"OBJECTID":20,"maNhanDang":"","phienBan":0,"ngayPhienBan":1787756708000,"giaTriDoChinhXacMatPhang":0,"nguyenNhanThayDoi":null,"maDoiTuong":"HE03","tenCay":"keo","chieuCao":0}},{"type":"Feature","id":21,"geometry":{"type":"Point","coordinates":[106.33641366969678,10.775790583815633]},"properties":{"OBJECTID":21,"maNhanDang":"","phienBan":0,"ngayPhienBan":1787756708000,"giaTriDoChinhXacMatPhang":0,"nguyenNhanThayDoi":null,"maDoiTuong":"HE03","tenCay":"keo","chieuCao":0}},{"type":"Feature","id":22,"geometry":{"type":"Point","coordinates":[106.33672113482733,10.7757027797661]},"properties":{"OBJECTID":22,"maNhanDang":"","phienBan":0,"ngayPhienBan":1787756708000,"giaTriDoChinhXacMatPhang":0,"nguyenNhanThayDoi":null,"maDoiTuong":"HE03","tenCay":"keo","chieuCao":0}},{"type":"Feature","id":23,"geometry":{"type":"Point","coordinates":[106.33702860068074,10.77561497632276]},"properties":{"OBJECTID":23,"maNhanDang":"","phienBan":0,"ngayPhienBan":1787756708000,"giaTriDoChinhXacMatPhang":0,"nguyenNhanThayDoi":null,"maDoiTuong":"HE03","tenCay":"keo","chieuCao":0}},{"type":"Feature","id":24,"geometry":{"type":"Point","coordinates":[106.33731321569189,10.775531736386709]},"properties":{"OBJECTID":24,"maNhanDang":"","phienBan":0,"ngayPhienBan":1787756708000,"giaTriDoChinhXacMatPhang":0,"nguyenNhanThayDoi":null,"maDoiTuong":"HE03","tenCay":"keo","chieuCao":0}},{"type":"Feature","id":25,"geometry":{"type":"Point","coordinates":[106.33404862339245,10.776343638038261]},"properties":{"OBJECTID":25,"maNhanDang":"","phienBan":0,"ngayPhienBan":1787756708000,"giaTriDoChinhXacMatPhang":0,"nguyenNhanThayDoi":null,"maDoiTuong":"HE03","tenCay":"keo","chieuCao":0}},{"type":"Feature","id":26,"geometry":{"type":"Point","coordinates":[106.33438503646425,10.776248710722191]},"properties":{"OBJECTID":26,"maNhanDang":"","phienBan":0,"ngayPhienBan":1787756708000,"giaTriDoChinhXacMatPhang":0,"nguyenNhanThayDoi":null,"maDoiTuong":"HE03","tenCay":"keo","chieuCao":0}},{"type":"Feature","id":27,"geometry":{"type":"Point","coordinates":[106.33470702122085,10.776148545706336]},"properties":{"OBJECTID":27,"maNhanDang":"","phienBan":0,"ngayPhienBan":1787756708000,"giaTriDoChinhXacMatPhang":0,"nguyenNhanThayDoi":null,"maDoiTuong":"HE03","tenCay":"keo","chieuCao":0}},{"type":"Feature","id":28,"geometry":{"type":"Point","coordinates":[106.33501448729648,10.776060744211289]},"properties":{"OBJECTID":28,"maNhanDang":"","phienBan":0,"ngayPhienBan":1787756708000,"giaTriDoChinhXacMatPhang":0,"nguyenNhanThayDoi":null,"maDoiTuong":"HE03","tenCay":"keo","chieuCao":0}},{"type":"Feature","id":29,"geometry":{"type":"Point","coordinates":[106.33532195409326,10.775972942418276]},"properties":{"OBJECTID":29,"maNhanDang":"","phienBan":0,"ngayPhienBan":1787756708000,"giaTriDoChinhXacMatPhang":0,"nguyenNhanThayDoi":null,"maDoiTuong":"HE03","tenCay":"keo","chieuCao":0}},{"type":"Feature","id":30,"geometry":{"type":"Point","coordinates":[106.3356294206968,10.775885140329018]},"properties":{"OBJECTID":30,"maNhanDang":"","phienBan":0,"ngayPhienBan":1787756708000,"giaTriDoChinhXacMatPhang":0,"nguyenNhanThayDoi":null,"maDoiTuong":"HE03","tenCay":"keo","chieuCao":0}},{"type":"Feature","id":31,"geometry":{"type":"Point","coordinates":[106.33593688619273,10.775797337945297]},"properties":{"OBJECTID":31,"maNhanDang":"","phienBan":0,"ngayPhienBan":1787756708000,"giaTriDoChinhXacMatPhang":0,"nguyenNhanThayDoi":null,"maDoiTuong":"HE03","tenCay":"keo","chieuCao":0}},{"type":"Feature","id":32,"geometry":{"type":"Point","coordinates":[106.33624435240979,10.775709535263637]},"properties":{"OBJECTID":32,"maNhanDang":"","phienBan":0,"ngayPhienBan":1787756708000,"giaTriDoChinhXacMatPhang":0,"nguyenNhanThayDoi":null,"maDoiTuong":"HE03","tenCay":"keo","chieuCao":0}},{"type":"Feature","id":33,"geometry":{"type":"Point","coordinates":[106.33655181751745,10.775621731383405]},"properties":{"OBJECTID":33,"maNhanDang":"","phienBan":0,"ngayPhienBan":1787756708000,"giaTriDoChinhXacMatPhang":0,"nguyenNhanThayDoi":null,"maDoiTuong":"HE03","tenCay":"keo","chieuCao":0}},{"type":"Feature","id":34,"geometry":{"type":"Point","coordinates":[106.33685928334799,10.775533928109354]},"properties":{"OBJECTID":34,"maNhanDang":"","phienBan":0,"ngayPhienBan":1787756708000,"giaTriDoChinhXacMatPhang":0,"nguyenNhanThayDoi":null,"maDoiTuong":"HE03","tenCay":"keo","chieuCao":0}},{"type":"Feature","id":35,"geometry":{"type":"Point","coordinates":[106.33711779116429,10.775468245671187]},"properties":{"OBJECTID":35,"maNhanDang":"","phienBan":0,"ngayPhienBan":1787756708000,"giaTriDoChinhXacMatPhang":0,"nguyenNhanThayDoi":null,"maDoiTuong":"HE03","tenCay":"keo","chieuCao":0}},{"type":"Feature","id":36,"geometry":{"type":"Point","coordinates":[106.33418780102426,10.776170270477213]},"properties":{"OBJECTID":36,"maNhanDang":"","phienBan":0,"ngayPhienBan":1787756708000,"giaTriDoChinhXacMatPhang":0,"nguyenNhanThayDoi":null,"maDoiTuong":"HE03","tenCay":"keo","chieuCao":0}},{"type":"Feature","id":37,"geometry":{"type":"Point","coordinates":[106.33449526821408,10.776082469486717]},"properties":{"OBJECTID":37,"maNhanDang":"","phienBan":0,"ngayPhienBan":1787756708000,"giaTriDoChinhXacMatPhang":0,"nguyenNhanThayDoi":null,"maDoiTuong":"HE03","tenCay":"keo","chieuCao":0}},{"type":"Feature","id":38,"geometry":{"type":"Point","coordinates":[106.3348027342963,10.775994668201687]},"properties":{"OBJECTID":38,"maNhanDang":"","phienBan":0,"ngayPhienBan":1787756708000,"giaTriDoChinhXacMatPhang":0,"nguyenNhanThayDoi":null,"maDoiTuong":"HE03","tenCay":"keo","chieuCao":0}},{"type":"Feature","id":39,"geometry":{"type":"Point","coordinates":[106.335091358214,10.775894438284668]},"properties":{"OBJECTID":39,"maNhanDang":"","phienBan":0,"ngayPhienBan":1787756708000,"giaTriDoChinhXacMatPhang":0,"nguyenNhanThayDoi":null,"maDoiTuong":"HE03","tenCay":"keo","chieuCao":0}},{"type":"Feature","id":40,"geometry":{"type":"Point","coordinates":[106.33540976283994,10.77580768440632]},"properties":{"OBJECTID":40,"maNhanDang":"","phienBan":0,"ngayPhienBan":1787756708000,"giaTriDoChinhXacMatPhang":0,"nguyenNhanThayDoi":null,"maDoiTuong":"HE03","tenCay":"keo","chieuCao":0}},{"type":"Feature","id":41,"geometry":{"type":"Point","coordinates":[106.33573737567981,10.775711781402373]},"properties":{"OBJECTID":41,"maNhanDang":"","phienBan":0,"ngayPhienBan":1787756708000,"giaTriDoChinhXacMatPhang":0,"nguyenNhanThayDoi":null,"maDoiTuong":"HE03","tenCay":"keo","chieuCao":0}},{"type":"Feature","id":42,"geometry":{"type":"Point","coordinates":[106.33603259852171,10.77564346009593]},"properties":{"OBJECTID":42,"maNhanDang":"","phienBan":0,"ngayPhienBan":1787756708000,"giaTriDoChinhXacMatPhang":0,"nguyenNhanThayDoi":null,"maDoiTuong":"HE03","tenCay":"keo","chieuCao":0}},{"type":"Feature","id":43,"geometry":{"type":"Point","coordinates":[106.33634006455213,10.775555657328104]},"properties":{"OBJECTID":43,"maNhanDang":"","phienBan":0,"ngayPhienBan":1787756708000,"giaTriDoChinhXacMatPhang":0,"nguyenNhanThayDoi":null,"maDoiTuong":"HE03","tenCay":"keo","chieuCao":0}},{"type":"Feature","id":44,"geometry":{"type":"Point","coordinates":[106.33664752947318,10.775467853361707]},"properties":{"OBJECTID":44,"maNhanDang":"","phienBan":0,"ngayPhienBan":1787756708000,"giaTriDoChinhXacMatPhang":0,"nguyenNhanThayDoi":null,"maDoiTuong":"HE03","tenCay":"keo","chieuCao":0}},{"type":"Feature","id":45,"geometry":{"type":"Point","coordinates":[106.33695499511711,10.775380050001509]},"properties":{"OBJECTID":45,"maNhanDang":"","phienBan":0,"ngayPhienBan":1787756708000,"giaTriDoChinhXacMatPhang":0,"nguyenNhanThayDoi":null,"maDoiTuong":"HE03","tenCay":"keo","chieuCao":0}},{"type":"Feature","id":46,"geometry":{"type":"Point","coordinates":[106.3372930556316,10.775289383849357]},"properties":{"OBJECTID":46,"maNhanDang":"","phienBan":0,"ngayPhienBan":1787756708000,"giaTriDoChinhXacMatPhang":0,"nguyenNhanThayDoi":null,"maDoiTuong":"HE03","tenCay":"keo","chieuCao":0}},{"type":"Feature","id":47,"geometry":{"type":"Point","coordinates":[106.3340047683688,10.776089246540682]},"properties":{"OBJECTID":47,"maNhanDang":"","phienBan":0,"ngayPhienBan":1787756708000,"giaTriDoChinhXacMatPhang":0,"nguyenNhanThayDoi":null,"maDoiTuong":"HE03","tenCay":"keo","chieuCao":0}},{"type":"Feature","id":48,"geometry":{"type":"Point","coordinates":[106.33431223554044,10.776001445732872]},"properties":{"OBJECTID":48,"maNhanDang":"","phienBan":0,"ngayPhienBan":1787756708000,"giaTriDoChinhXacMatPhang":0,"nguyenNhanThayDoi":null,"maDoiTuong":"HE03","tenCay":"keo","chieuCao":0}},{"type":"Feature","id":49,"geometry":{"type":"Point","coordinates":[106.33461970160445,10.775913644630537]},"properties":{"OBJECTID":49,"maNhanDang":"","phienBan":0,"ngayPhienBan":1787756708000,"giaTriDoChinhXacMatPhang":0,"nguyenNhanThayDoi":null,"maDoiTuong":"HE03","tenCay":"keo","chieuCao":0}},{"type":"Feature","id":50,"geometry":{"type":"Point","coordinates":[106.33492716747529,10.77582584323198]},"properties":{"OBJECTID":50,"maNhanDang":"","phienBan":0,"ngayPhienBan":1787756708000,"giaTriDoChinhXacMatPhang":0,"nguyenNhanThayDoi":null,"maDoiTuong":"HE03","tenCay":"keo","chieuCao":0}},{"type":"Feature","id":51,"geometry":{"type":"Point","coordinates":[106.33523463406728,10.775738041535469]},"properties":{"OBJECTID":51,"maNhanDang":"","phienBan":0,"ngayPhienBan":1787756708000,"giaTriDoChinhXacMatPhang":0,"nguyenNhanThayDoi":null,"maDoiTuong":"HE03","tenCay":"keo","chieuCao":0}},{"type":"Feature","id":52,"geometry":{"type":"Point","coordinates":[106.33554210046601,10.775650239542722]},"properties":{"OBJECTID":52,"maNhanDang":"","phienBan":0,"ngayPhienBan":1787756708000,"giaTriDoChinhXacMatPhang":0,"nguyenNhanThayDoi":null,"maDoiTuong":"HE03","tenCay":"keo","chieuCao":0}},{"type":"Feature","id":53,"geometry":{"type":"Point","coordinates":[106.33586793463105,10.775551032576564]},"properties":{"OBJECTID":53,"maNhanDang":"","phienBan":0,"ngayPhienBan":1787756708000,"giaTriDoChinhXacMatPhang":0,"nguyenNhanThayDoi":null,"maDoiTuong":"HE03","tenCay":"keo","chieuCao":0}},{"type":"Feature","id":54,"geometry":{"type":"Point","coordinates":[106.33615703176943,10.775474634670383]},"properties":{"OBJECTID":54,"maNhanDang":"","phienBan":0,"ngayPhienBan":1787756708000,"giaTriDoChinhXacMatPhang":0,"nguyenNhanThayDoi":null,"maDoiTuong":"HE03","tenCay":"keo","chieuCao":0}},{"type":"Feature","id":55,"geometry":{"type":"Point","coordinates":[106.33646098251644,10.775401845582357]},"properties":{"OBJECTID":55,"maNhanDang":"","phienBan":0,"ngayPhienBan":1787756708000,"giaTriDoChinhXacMatPhang":0,"nguyenNhanThayDoi":null,"maDoiTuong":"HE03","tenCay":"keo","chieuCao":0}},{"type":"Feature","id":56,"geometry":{"type":"Point","coordinates":[106.3367719622981,10.775299027709151]},"properties":{"OBJECTID":56,"maNhanDang":"","phienBan":0,"ngayPhienBan":1787756708000,"giaTriDoChinhXacMatPhang":0,"nguyenNhanThayDoi":null,"maDoiTuong":"HE03","tenCay":"keo","chieuCao":0}},{"type":"Feature","id":57,"geometry":{"type":"Point","coordinates":[106.3370794277306,10.775211224235447]},"properties":{"OBJECTID":57,"maNhanDang":"","phienBan":0,"ngayPhienBan":1787756708000,"giaTriDoChinhXacMatPhang":0,"nguyenNhanThayDoi":null,"maDoiTuong":"HE03","tenCay":"keo","chieuCao":0}},{"type":"Feature","id":58,"geometry":{"type":"Point","coordinates":[106.33440794878048,10.775847568340653]},"properties":{"OBJECTID":58,"maNhanDang":"","phienBan":0,"ngayPhienBan":1787756708000,"giaTriDoChinhXacMatPhang":0,"nguyenNhanThayDoi":null,"maDoiTuong":"HE03","tenCay":"keo","chieuCao":0}},{"type":"Feature","id":59,"geometry":{"type":"Point","coordinates":[106.33471541465791,10.775759767152122]},"properties":{"OBJECTID":59,"maNhanDang":"","phienBan":0,"ngayPhienBan":1787756708000,"giaTriDoChinhXacMatPhang":0,"nguyenNhanThayDoi":null,"maDoiTuong":"HE03","tenCay":"keo","chieuCao":0}},{"type":"Feature","id":60,"geometry":{"type":"Point","coordinates":[106.33499630860098,10.775674889962382]},"properties":{"OBJECTID":60,"maNhanDang":"","phienBan":0,"ngayPhienBan":1787756708000,"giaTriDoChinhXacMatPhang":0,"nguyenNhanThayDoi":null,"maDoiTuong":"HE03","tenCay":"keo","chieuCao":0}},{"type":"Feature","id":61,"geometry":{"type":"Point","coordinates":[106.33533034674745,10.775584163884679]},"properties":{"OBJECTID":61,"maNhanDang":"","phienBan":0,"ngayPhienBan":1787756708000,"giaTriDoChinhXacMatPhang":0,"nguyenNhanThayDoi":null,"maDoiTuong":"HE03","tenCay":"keo","chieuCao":0}},{"type":"Feature","id":62,"geometry":{"type":"Point","coordinates":[106.33565275711391,10.775483819021856]},"properties":{"OBJECTID":62,"maNhanDang":"","phienBan":0,"ngayPhienBan":1787756708000,"giaTriDoChinhXacMatPhang":0,"nguyenNhanThayDoi":null,"maDoiTuong":"HE03","tenCay":"keo","chieuCao":0}},{"type":"Feature","id":63,"geometry":{"type":"Point","coordinates":[106.33594527806412,10.77540855943238]},"properties":{"OBJECTID":63,"maNhanDang":"","phienBan":0,"ngayPhienBan":1787756708000,"giaTriDoChinhXacMatPhang":0,"nguyenNhanThayDoi":null,"maDoiTuong":"HE03","tenCay":"keo","chieuCao":0}},{"type":"Feature","id":64,"geometry":{"type":"Point","coordinates":[106.33623475295991,10.775337502164369]},"properties":{"OBJECTID":64,"maNhanDang":"","phienBan":0,"ngayPhienBan":1787756708000,"giaTriDoChinhXacMatPhang":0,"nguyenNhanThayDoi":null,"maDoiTuong":"HE03","tenCay":"keo","chieuCao":0}},{"type":"Feature","id":65,"geometry":{"type":"Point","coordinates":[106.33656020860606,10.775232952891212]},"properties":{"OBJECTID":65,"maNhanDang":"","phienBan":0,"ngayPhienBan":1787756708000,"giaTriDoChinhXacMatPhang":0,"nguyenNhanThayDoi":null,"maDoiTuong":"HE03","tenCay":"keo","chieuCao":0}},{"type":"Feature","id":66,"geometry":{"type":"Point","coordinates":[106.33686767404522,10.775145149627535]},"properties":{"OBJECTID":66,"maNhanDang":"","phienBan":0,"ngayPhienBan":1787756708000,"giaTriDoChinhXacMatPhang":0,"nguyenNhanThayDoi":null,"maDoiTuong":"HE03","tenCay":"keo","chieuCao":0}},{"type":"Feature","id":67,"geometry":{"type":"Point","coordinates":[106.33717511603523,10.775050064498242]},"properties":{"OBJECTID":67,"maNhanDang":"","phienBan":0,"ngayPhienBan":1787756708000,"giaTriDoChinhXacMatPhang":0,"nguyenNhanThayDoi":null,"maDoiTuong":"HE03","tenCay":"keo","chieuCao":0}},{"type":"Feature","id":68,"geometry":{"type":"Point","coordinates":[106.33454364946229,10.775686971268453]},"properties":{"OBJECTID":68,"maNhanDang":"","phienBan":0,"ngayPhienBan":1787756708000,"giaTriDoChinhXacMatPhang":0,"nguyenNhanThayDoi":null,"maDoiTuong":"HE03","tenCay":"keo","chieuCao":0}},{"type":"Feature","id":69,"geometry":{"type":"Point","coordinates":[106.33490667076443,10.775576757351821]},"properties":{"OBJECTID":69,"maNhanDang":"","phienBan":0,"ngayPhienBan":1787756708000,"giaTriDoChinhXacMatPhang":0,"nguyenNhanThayDoi":null,"maDoiTuong":"HE03","tenCay":"keo","chieuCao":0}},{"type":"Feature","id":70,"geometry":{"type":"Point","coordinates":[106.33517016487322,10.775498576972064]},"properties":{"OBJECTID":70,"maNhanDang":"","phienBan":0,"ngayPhienBan":1787756708000,"giaTriDoChinhXacMatPhang":0,"nguyenNhanThayDoi":null,"maDoiTuong":"HE03","tenCay":"keo","chieuCao":0}},{"type":"Feature","id":71,"geometry":{"type":"Point","coordinates":[106.33547763105477,10.775410775053729]},"properties":{"OBJECTID":71,"maNhanDang":"","phienBan":0,"ngayPhienBan":1787756708000,"giaTriDoChinhXacMatPhang":0,"nguyenNhanThayDoi":null,"maDoiTuong":"HE03","tenCay":"keo","chieuCao":0}},{"type":"Feature","id":72,"geometry":{"type":"Point","coordinates":[106.33578509612875,10.775322972840923]},"properties":{"OBJECTID":72,"maNhanDang":"","phienBan":0,"ngayPhienBan":1787756708000,"giaTriDoChinhXacMatPhang":0,"nguyenNhanThayDoi":null,"maDoiTuong":"HE03","tenCay":"keo","chieuCao":0}},{"type":"Feature","id":73,"geometry":{"type":"Point","coordinates":[106.33609256192383,10.775235170330197]},"properties":{"OBJECTID":73,"maNhanDang":"","phienBan":0,"ngayPhienBan":1787756708000,"giaTriDoChinhXacMatPhang":0,"nguyenNhanThayDoi":null,"maDoiTuong":"HE03","tenCay":"keo","chieuCao":0}},{"type":"Feature","id":74,"geometry":{"type":"Point","coordinates":[106.33640002660954,10.775147366620896]},"properties":{"OBJECTID":74,"maNhanDang":"","phienBan":0,"ngayPhienBan":1787756708000,"giaTriDoChinhXacMatPhang":0,"nguyenNhanThayDoi":null,"maDoiTuong":"HE03","tenCay":"keo","chieuCao":0}},{"type":"Feature","id":75,"geometry":{"type":"Point","coordinates":[106.33670749201815,10.775059563517805]},"properties":{"OBJECTID":75,"maNhanDang":"","phienBan":0,"ngayPhienBan":1787756708000,"giaTriDoChinhXacMatPhang":0,"nguyenNhanThayDoi":null,"maDoiTuong":"HE03","tenCay":"keo","chieuCao":0}},{"type":"Feature","id":76,"geometry":{"type":"Point","coordinates":[106.33701495723349,10.774971760118534]},"properties":{"OBJECTID":76,"maNhanDang":"","phienBan":0,"ngayPhienBan":1787756708000,"giaTriDoChinhXacMatPhang":0,"nguyenNhanThayDoi":null,"maDoiTuong":"HE03","tenCay":"keo","chieuCao":0}},{"type":"Feature","id":77,"geometry":{"type":"Point","coordinates":[106.33465094586295,10.775520302459755]},"properties":{"OBJECTID":77,"maNhanDang":"","phienBan":0,"ngayPhienBan":1787756708000,"giaTriDoChinhXacMatPhang":0,"nguyenNhanThayDoi":null,"maDoiTuong":"HE03","tenCay":"keo","chieuCao":0}},{"type":"Feature","id":78,"geometry":{"type":"Point","coordinates":[106.33495841132994,10.775432501049394]},"properties":{"OBJECTID":78,"maNhanDang":"","phienBan":0,"ngayPhienBan":1787756708000,"giaTriDoChinhXacMatPhang":0,"nguyenNhanThayDoi":null,"maDoiTuong":"HE03","tenCay":"keo","chieuCao":0}},{"type":"Feature","id":79,"geometry":{"type":"Point","coordinates":[106.33526587751813,10.775344699341094]},"properties":{"OBJECTID":79,"maNhanDang":"","phienBan":0,"ngayPhienBan":1787756708000,"giaTriDoChinhXacMatPhang":0,"nguyenNhanThayDoi":null,"maDoiTuong":"HE03","tenCay":"keo","chieuCao":0}},{"type":"Feature","id":80,"geometry":{"type":"Point","coordinates":[106.33557334351308,10.775256897336581]},"properties":{"OBJECTID":80,"maNhanDang":"","phienBan":0,"ngayPhienBan":1787756708000,"giaTriDoChinhXacMatPhang":0,"nguyenNhanThayDoi":null,"maDoiTuong":"HE03","tenCay":"keo","chieuCao":0}},{"type":"Feature","id":81,"geometry":{"type":"Point","coordinates":[106.3358808084004,10.775169095037601]},"properties":{"OBJECTID":81,"maNhanDang":"","phienBan":0,"ngayPhienBan":1787756708000,"giaTriDoChinhXacMatPhang":0,"nguyenNhanThayDoi":null,"maDoiTuong":"HE03","tenCay":"keo","chieuCao":0}},{"type":"Feature","id":82,"geometry":{"type":"Point","coordinates":[106.33618827400889,10.775081292440708]},"properties":{"OBJECTID":82,"maNhanDang":"","phienBan":0,"ngayPhienBan":1787756708000,"giaTriDoChinhXacMatPhang":0,"nguyenNhanThayDoi":null,"maDoiTuong":"HE03","tenCay":"keo","chieuCao":0}},{"type":"Feature","id":83,"geometry":{"type":"Point","coordinates":[106.33649573850799,10.774993488645265]},"properties":{"OBJECTID":83,"maNhanDang":"","phienBan":0,"ngayPhienBan":1787756708000,"giaTriDoChinhXacMatPhang":0,"nguyenNhanThayDoi":null,"maDoiTuong":"HE03","tenCay":"keo","chieuCao":0}},{"type":"Feature","id":84,"geometry":{"type":"Point","coordinates":[106.33680320372999,10.774905685456007]},"properties":{"OBJECTID":84,"maNhanDang":"","phienBan":0,"ngayPhienBan":1787756708000,"giaTriDoChinhXacMatPhang":0,"nguyenNhanThayDoi":null,"maDoiTuong":"HE03","tenCay":"keo","chieuCao":0}},{"type":"Feature","id":85,"geometry":{"type":"Point","coordinates":[106.33708781815835,10.774822445755014]},"properties":{"OBJECTID":85,"maNhanDang":"","phienBan":0,"ngayPhienBan":1787756708000,"giaTriDoChinhXacMatPhang":0,"nguyenNhanThayDoi":null,"maDoiTuong":"HE03","tenCay":"keo","chieuCao":0}},{"type":"Feature","id":86,"geometry":{"type":"Point","coordinates":[106.33478909459485,10.775351451669462]},"properties":{"OBJECTID":86,"maNhanDang":"","phienBan":0,"ngayPhienBan":1787756708000,"giaTriDoChinhXacMatPhang":0,"nguyenNhanThayDoi":null,"maDoiTuong":"HE03","tenCay":"keo","chieuCao":0}},{"type":"Feature","id":87,"geometry":{"type":"Point","coordinates":[106.33509656076012,10.775263650130443]},"properties":{"OBJECTID":87,"maNhanDang":"","phienBan":0,"ngayPhienBan":1787756708000,"giaTriDoChinhXacMatPhang":0,"nguyenNhanThayDoi":null,"maDoiTuong":"HE03","tenCay":"keo","chieuCao":0}},{"type":"Feature","id":88,"geometry":{"type":"Point","coordinates":[106.33540402673216,10.775175848295204]},"properties":{"OBJECTID":88,"maNhanDang":"","phienBan":0,"ngayPhienBan":1787756708000,"giaTriDoChinhXacMatPhang":0,"nguyenNhanThayDoi":null,"maDoiTuong":"HE03","tenCay":"keo","chieuCao":0}},{"type":"Feature","id":89,"geometry":{"type":"Point","coordinates":[106.33571149159661,10.775088046165514]},"properties":{"OBJECTID":89,"maNhanDang":"","phienBan":0,"ngayPhienBan":1787756708000,"giaTriDoChinhXacMatPhang":0,"nguyenNhanThayDoi":null,"maDoiTuong":"HE03","tenCay":"keo","chieuCao":0}},{"type":"Feature","id":90,"geometry":{"type":"Point","coordinates":[106.33601895718219,10.775000243737907]},"properties":{"OBJECTID":90,"maNhanDang":"","phienBan":0,"ngayPhienBan":1787756708000,"giaTriDoChinhXacMatPhang":0,"nguyenNhanThayDoi":null,"maDoiTuong":"HE03","tenCay":"keo","chieuCao":0}},{"type":"Feature","id":91,"geometry":{"type":"Point","coordinates":[106.33632642165841,10.774912440111724]},"properties":{"OBJECTID":91,"maNhanDang":"","phienBan":0,"ngayPhienBan":1787756708000,"giaTriDoChinhXacMatPhang":0,"nguyenNhanThayDoi":null,"maDoiTuong":"HE03","tenCay":"keo","chieuCao":0}},{"type":"Feature","id":92,"geometry":{"type":"Point","coordinates":[106.33663388685753,10.77482463709176]},"properties":{"OBJECTID":92,"maNhanDang":"","phienBan":0,"ngayPhienBan":1787756708000,"giaTriDoChinhXacMatPhang":0,"nguyenNhanThayDoi":null,"maDoiTuong":"HE03","tenCay":"keo","chieuCao":0}},{"type":"Feature","id":93,"geometry":{"type":"Point","coordinates":[106.33694135186337,10.774736833775622]},"properties":{"OBJECTID":93,"maNhanDang":"","phienBan":0,"ngayPhienBan":1787756708000,"giaTriDoChinhXacMatPhang":0,"nguyenNhanThayDoi":null,"maDoiTuong":"HE03","tenCay":"keo","chieuCao":0}},{"type":"Feature","id":94,"geometry":{"type":"Point","coordinates":[106.33488480739715,10.775197574147032]},"properties":{"OBJECTID":94,"maNhanDang":"","phienBan":0,"ngayPhienBan":1787756708000,"giaTriDoChinhXacMatPhang":0,"nguyenNhanThayDoi":null,"maDoiTuong":"HE03","tenCay":"keo","chieuCao":0}},{"type":"Feature","id":95,"geometry":{"type":"Point","coordinates":[106.3351922733758,10.775109772521839]},"properties":{"OBJECTID":95,"maNhanDang":"","phienBan":0,"ngayPhienBan":1787756708000,"giaTriDoChinhXacMatPhang":0,"nguyenNhanThayDoi":null,"maDoiTuong":"HE03","tenCay":"keo","chieuCao":0}},{"type":"Feature","id":96,"geometry":{"type":"Point","coordinates":[106.33549973916122,10.775021970600418]},"properties":{"OBJECTID":96,"maNhanDang":"","phienBan":0,"ngayPhienBan":1787756708000,"giaTriDoChinhXacMatPhang":0,"nguyenNhanThayDoi":null,"maDoiTuong":"HE03","tenCay":"keo","chieuCao":0}},{"type":"Feature","id":97,"geometry":{"type":"Point","coordinates":[106.33580720383908,10.774934168384558]},"properties":{"OBJECTID":97,"maNhanDang":"","phienBan":0,"ngayPhienBan":1787756708000,"giaTriDoChinhXacMatPhang":0,"nguyenNhanThayDoi":null,"maDoiTuong":"HE03","tenCay":"keo","chieuCao":0}},{"type":"Feature","id":98,"geometry":{"type":"Point","coordinates":[106.33611466923804,10.774846365870786]},"properties":{"OBJECTID":98,"maNhanDang":"","phienBan":0,"ngayPhienBan":1787756708000,"giaTriDoChinhXacMatPhang":0,"nguyenNhanThayDoi":null,"maDoiTuong":"HE03","tenCay":"keo","chieuCao":0}},{"type":"Feature","id":99,"geometry":{"type":"Point","coordinates":[106.33642213352768,10.774758562158453]},"properties":{"OBJECTID":99,"maNhanDang":"","phienBan":0,"ngayPhienBan":1787756708000,"giaTriDoChinhXacMatPhang":0,"nguyenNhanThayDoi":null,"maDoiTuong":"HE03","tenCay":"keo","chieuCao":0}},{"type":"Feature","id":100,"geometry":{"type":"Point","coordinates":[106.33672959854017,10.774670759052331]},"properties":{"OBJECTID":100,"maNhanDang":"","phienBan":0,"ngayPhienBan":1787756708000,"giaTriDoChinhXacMatPhang":0,"nguyenNhanThayDoi":null,"maDoiTuong":"HE03","tenCay":"keo","chieuCao":0}},{"type":"Feature","id":101,"geometry":{"type":"Point","coordinates":[106.33701421277517,10.774587519428239]},"properties":{"OBJECTID":101,"maNhanDang":"","phienBan":0,"ngayPhienBan":1787756708000,"giaTriDoChinhXacMatPhang":0,"nguyenNhanThayDoi":null,"maDoiTuong":"HE03","tenCay":"keo","chieuCao":0}},{"type":"Feature","id":102,"geometry":{"type":"Point","coordinates":[106.33502753737575,10.77503323511136]},"properties":{"OBJECTID":102,"maNhanDang":"","phienBan":0,"ngayPhienBan":1787756708000,"giaTriDoChinhXacMatPhang":0,"nguyenNhanThayDoi":null,"maDoiTuong":"HE03","tenCay":"keo","chieuCao":0}},{"type":"Feature","id":103,"geometry":{"type":"Point","coordinates":[106.33533500314121,10.774945433354528]},"properties":{"OBJECTID":103,"maNhanDang":"","phienBan":0,"ngayPhienBan":1787756708000,"giaTriDoChinhXacMatPhang":0,"nguyenNhanThayDoi":null,"maDoiTuong":"HE03","tenCay":"keo","chieuCao":0}},{"type":"Feature","id":104,"geometry":{"type":"Point","coordinates":[106.33568387834313,10.774850633973294]},"properties":{"OBJECTID":104,"maNhanDang":"","phienBan":0,"ngayPhienBan":1787756708000,"giaTriDoChinhXacMatPhang":0,"nguyenNhanThayDoi":null,"maDoiTuong":"HE03","tenCay":"keo","chieuCao":0}},{"type":"Feature","id":105,"geometry":{"type":"Point","coordinates":[106.33594993317811,10.774769828954057]},"properties":{"OBJECTID":105,"maNhanDang":"","phienBan":0,"ngayPhienBan":1787756708000,"giaTriDoChinhXacMatPhang":0,"nguyenNhanThayDoi":null,"maDoiTuong":"HE03","tenCay":"keo","chieuCao":0}},{"type":"Feature","id":106,"geometry":{"type":"Point","coordinates":[106.33625739744777,10.774682025406321]},"properties":{"OBJECTID":106,"maNhanDang":"","phienBan":0,"ngayPhienBan":1787756708000,"giaTriDoChinhXacMatPhang":0,"nguyenNhanThayDoi":null,"maDoiTuong":"HE03","tenCay":"keo","chieuCao":0}},{"type":"Feature","id":107,"geometry":{"type":"Point","coordinates":[106.33665390377858,10.774574494644524]},"properties":{"OBJECTID":107,"maNhanDang":"","phienBan":0,"ngayPhienBan":1787756708000,"giaTriDoChinhXacMatPhang":0,"nguyenNhanThayDoi":null,"maDoiTuong":"HE03","tenCay":"keo","chieuCao":0}},{"type":"Feature","id":108,"geometry":{"type":"Point","coordinates":[106.33687232723963,10.774506419227079]},"properties":{"OBJECTID":108,"maNhanDang":"","phienBan":0,"ngayPhienBan":1787756708000,"giaTriDoChinhXacMatPhang":0,"nguyenNhanThayDoi":null,"maDoiTuong":"HE03","tenCay":"keo","chieuCao":0}},{"type":"Feature","id":109,"geometry":{"type":"Point","coordinates":[106.3351232499611,10.77487935752379]},"properties":{"OBJECTID":109,"maNhanDang":"","phienBan":0,"ngayPhienBan":1787756708000,"giaTriDoChinhXacMatPhang":0,"nguyenNhanThayDoi":null,"maDoiTuong":"HE03","tenCay":"keo","chieuCao":0}},{"type":"Feature","id":110,"geometry":{"type":"Point","coordinates":[106.33543071553997,10.77479155568078]},"properties":{"OBJECTID":110,"maNhanDang":"","phienBan":0,"ngayPhienBan":1787756708000,"giaTriDoChinhXacMatPhang":0,"nguyenNhanThayDoi":null,"maDoiTuong":"HE03","tenCay":"keo","chieuCao":0}},{"type":"Feature","id":111,"geometry":{"type":"Point","coordinates":[106.33576821090284,10.774688612790568]},"properties":{"OBJECTID":111,"maNhanDang":"","phienBan":0,"ngayPhienBan":1787756708000,"giaTriDoChinhXacMatPhang":0,"nguyenNhanThayDoi":null,"maDoiTuong":"HE03","tenCay":"keo","chieuCao":0}},{"type":"Feature","id":112,"geometry":{"type":"Point","coordinates":[106.33615441233755,10.774591911545981]},"properties":{"OBJECTID":112,"maNhanDang":"","phienBan":0,"ngayPhienBan":1787756708000,"giaTriDoChinhXacMatPhang":0,"nguyenNhanThayDoi":null,"maDoiTuong":"HE03","tenCay":"keo","chieuCao":0}},{"type":"Feature","id":113,"geometry":{"type":"Point","coordinates":[106.33633646450683,10.77454590835022]},"properties":{"OBJECTID":113,"maNhanDang":"","phienBan":0,"ngayPhienBan":1787756708000,"giaTriDoChinhXacMatPhang":0,"nguyenNhanThayDoi":null,"maDoiTuong":"HE03","tenCay":"keo","chieuCao":0}},{"type":"Feature","id":114,"geometry":{"type":"Point","coordinates":[106.33666057409269,10.774440344446393]},"properties":{"OBJECTID":114,"maNhanDang":"","phienBan":0,"ngayPhienBan":1787756708000,"giaTriDoChinhXacMatPhang":0,"nguyenNhanThayDoi":null,"maDoiTuong":"HE03","tenCay":"keo","chieuCao":0}},{"type":"Feature","id":115,"geometry":{"type":"Point","coordinates":[106.33694518813702,10.774357104894854]},"properties":{"OBJECTID":115,"maNhanDang":"","phienBan":0,"ngayPhienBan":1787756708000,"giaTriDoChinhXacMatPhang":0,"nguyenNhanThayDoi":null,"maDoiTuong":"HE03","tenCay":"keo","chieuCao":0}},{"type":"Feature","id":116,"geometry":{"type":"Point","coordinates":[106.33527052533898,10.774701448315081]},"properties":{"OBJECTID":116,"maNhanDang":"","phienBan":0,"ngayPhienBan":1787756708000,"giaTriDoChinhXacMatPhang":0,"nguyenNhanThayDoi":null,"maDoiTuong":"HE03","tenCay":"keo","chieuCao":0}},{"type":"Feature","id":117,"geometry":{"type":"Point","coordinates":[106.33557798977517,10.774613646338423]},"properties":{"OBJECTID":117,"maNhanDang":"","phienBan":0,"ngayPhienBan":1787756708000,"giaTriDoChinhXacMatPhang":0,"nguyenNhanThayDoi":null,"maDoiTuong":"HE03","tenCay":"keo","chieuCao":0}},{"type":"Feature","id":118,"geometry":{"type":"Point","coordinates":[106.33588545493252,10.774525844063856]},"properties":{"OBJECTID":118,"maNhanDang":"","phienBan":0,"ngayPhienBan":1787756708000,"giaTriDoChinhXacMatPhang":0,"nguyenNhanThayDoi":null,"maDoiTuong":"HE03","tenCay":"keo","chieuCao":0}},{"type":"Feature","id":119,"geometry":{"type":"Point","coordinates":[106.33619291898049,10.774438040590741]},"properties":{"OBJECTID":119,"maNhanDang":"","phienBan":0,"ngayPhienBan":1787756708000,"giaTriDoChinhXacMatPhang":0,"nguyenNhanThayDoi":null,"maDoiTuong":"HE03","tenCay":"keo","chieuCao":0}},{"type":"Feature","id":120,"geometry":{"type":"Point","coordinates":[106.33650038375139,10.774350237723841]},"properties":{"OBJECTID":120,"maNhanDang":"","phienBan":0,"ngayPhienBan":1787756708000,"giaTriDoChinhXacMatPhang":0,"nguyenNhanThayDoi":null,"maDoiTuong":"HE03","tenCay":"keo","chieuCao":0}},{"type":"Feature","id":121,"geometry":{"type":"Point","coordinates":[106.33680784832904,10.774262434560793]},"properties":{"OBJECTID":121,"maNhanDang":"","phienBan":0,"ngayPhienBan":1787756708000,"giaTriDoChinhXacMatPhang":0,"nguyenNhanThayDoi":null,"maDoiTuong":"HE03","tenCay":"keo","chieuCao":0}},{"type":"Feature","id":122,"geometry":{"type":"Point","coordinates":[106.33536623770115,10.774547570661175]},"properties":{"OBJECTID":122,"maNhanDang":"","phienBan":0,"ngayPhienBan":1787756708000,"giaTriDoChinhXacMatPhang":0,"nguyenNhanThayDoi":null,"maDoiTuong":"HE03","tenCay":"keo","chieuCao":0}},{"type":"Feature","id":123,"geometry":{"type":"Point","coordinates":[106.33567370195074,10.77445976859836]},"properties":{"OBJECTID":123,"maNhanDang":"","phienBan":0,"ngayPhienBan":1787756708000,"giaTriDoChinhXacMatPhang":0,"nguyenNhanThayDoi":null,"maDoiTuong":"HE03","tenCay":"keo","chieuCao":0}},{"type":"Feature","id":124,"geometry":{"type":"Point","coordinates":[106.33598116692148,10.774371966237627]},"properties":{"OBJECTID":124,"maNhanDang":"","phienBan":0,"ngayPhienBan":1787756708000,"giaTriDoChinhXacMatPhang":0,"nguyenNhanThayDoi":null,"maDoiTuong":"HE03","tenCay":"keo","chieuCao":0}},{"type":"Feature","id":125,"geometry":{"type":"Point","coordinates":[106.33634131012535,10.774290931459843]},"properties":{"OBJECTID":125,"maNhanDang":"","phienBan":0,"ngayPhienBan":1787756708000,"giaTriDoChinhXacMatPhang":0,"nguyenNhanThayDoi":null,"maDoiTuong":"HE03","tenCay":"keo","chieuCao":0}},{"type":"Feature","id":126,"geometry":{"type":"Point","coordinates":[106.33659609536717,10.774196359725316]},"properties":{"OBJECTID":126,"maNhanDang":"","phienBan":0,"ngayPhienBan":1787756708000,"giaTriDoChinhXacMatPhang":0,"nguyenNhanThayDoi":null,"maDoiTuong":"HE03","tenCay":"keo","chieuCao":0}},{"type":"Feature","id":127,"geometry":{"type":"Point","coordinates":[106.33688070920681,10.774113120242822]},"properties":{"OBJECTID":127,"maNhanDang":"","phienBan":0,"ngayPhienBan":1787756708000,"giaTriDoChinhXacMatPhang":0,"nguyenNhanThayDoi":null,"maDoiTuong":"HE03","tenCay":"keo","chieuCao":0}},{"type":"Feature","id":128,"geometry":{"type":"Point","coordinates":[106.33520608257481,10.774475545174049]},"properties":{"OBJECTID":128,"maNhanDang":"","phienBan":0,"ngayPhienBan":1787756708000,"giaTriDoChinhXacMatPhang":0,"nguyenNhanThayDoi":null,"maDoiTuong":"HE03","tenCay":"keo","chieuCao":0}},{"type":"Feature","id":129,"geometry":{"type":"Point","coordinates":[106.33551354680736,10.774387743271113]},"properties":{"OBJECTID":129,"maNhanDang":"","phienBan":0,"ngayPhienBan":1787756708000,"giaTriDoChinhXacMatPhang":0,"nguyenNhanThayDoi":null,"maDoiTuong":"HE03","tenCay":"keo","chieuCao":0}},{"type":"Feature","id":130,"geometry":{"type":"Point","coordinates":[106.3358210117611,10.774299941070268]},"properties":{"OBJECTID":130,"maNhanDang":"","phienBan":0,"ngayPhienBan":1787756708000,"giaTriDoChinhXacMatPhang":0,"nguyenNhanThayDoi":null,"maDoiTuong":"HE03","tenCay":"keo","chieuCao":0}},{"type":"Feature","id":131,"geometry":{"type":"Point","coordinates":[106.33612847560548,10.77421213767089]},"properties":{"OBJECTID":131,"maNhanDang":"","phienBan":0,"ngayPhienBan":1787756708000,"giaTriDoChinhXacMatPhang":0,"nguyenNhanThayDoi":null,"maDoiTuong":"HE03","tenCay":"keo","chieuCao":0}},{"type":"Feature","id":132,"geometry":{"type":"Point","coordinates":[106.33643594017275,10.774124334877735]},"properties":{"OBJECTID":132,"maNhanDang":"","phienBan":0,"ngayPhienBan":1787756708000,"giaTriDoChinhXacMatPhang":0,"nguyenNhanThayDoi":null,"maDoiTuong":"HE03","tenCay":"keo","chieuCao":0}},{"type":"Feature","id":133,"geometry":{"type":"Point","coordinates":[106.33674417865666,10.774057591312424]},"properties":{"OBJECTID":133,"maNhanDang":"","phienBan":0,"ngayPhienBan":1787756708000,"giaTriDoChinhXacMatPhang":0,"nguyenNhanThayDoi":null,"maDoiTuong":"HE03","tenCay":"keo","chieuCao":0}},{"type":"Feature","id":134,"geometry":{"type":"Point","coordinates":[106.33530179490556,10.774321667539859]},"properties":{"OBJECTID":134,"maNhanDang":"","phienBan":0,"ngayPhienBan":1787756708000,"giaTriDoChinhXacMatPhang":0,"nguyenNhanThayDoi":null,"maDoiTuong":"HE03","tenCay":"keo","chieuCao":0}},{"type":"Feature","id":135,"geometry":{"type":"Point","coordinates":[106.33560925895154,10.774233865550755]},"properties":{"OBJECTID":135,"maNhanDang":"","phienBan":0,"ngayPhienBan":1787756708000,"giaTriDoChinhXacMatPhang":0,"nguyenNhanThayDoi":null,"maDoiTuong":"HE03","tenCay":"keo","chieuCao":0}},{"type":"Feature","id":136,"geometry":{"type":"Point","coordinates":[106.33591672371865,10.774146063263757]},"properties":{"OBJECTID":136,"maNhanDang":"","phienBan":0,"ngayPhienBan":1787756708000,"giaTriDoChinhXacMatPhang":0,"nguyenNhanThayDoi":null,"maDoiTuong":"HE03","tenCay":"keo","chieuCao":0}},{"type":"Feature","id":137,"geometry":{"type":"Point","coordinates":[106.33622418737644,10.774058259778228]},"properties":{"OBJECTID":137,"maNhanDang":"","phienBan":0,"ngayPhienBan":1787756708000,"giaTriDoChinhXacMatPhang":0,"nguyenNhanThayDoi":null,"maDoiTuong":"HE03","tenCay":"keo","chieuCao":0}},{"type":"Feature","id":138,"geometry":{"type":"Point","coordinates":[106.33653165175713,10.773970456898915]},"properties":{"OBJECTID":138,"maNhanDang":"","phienBan":0,"ngayPhienBan":1787756708000,"giaTriDoChinhXacMatPhang":0,"nguyenNhanThayDoi":null,"maDoiTuong":"HE03","tenCay":"keo","chieuCao":0}},{"type":"Feature","id":139,"geometry":{"type":"Point","coordinates":[106.33681626540881,10.773887217484633]},"properties":{"OBJECTID":139,"maNhanDang":"","phienBan":0,"ngayPhienBan":1787756708000,"giaTriDoChinhXacMatPhang":0,"nguyenNhanThayDoi":null,"maDoiTuong":"HE03","tenCay":"keo","chieuCao":0}},{"type":"Feature","id":140,"geometry":{"type":"Point","coordinates":[106.33546281079957,10.774157293792758]},"properties":{"OBJECTID":140,"maNhanDang":"","phienBan":0,"ngayPhienBan":1787756708000,"giaTriDoChinhXacMatPhang":0,"nguyenNhanThayDoi":null,"maDoiTuong":"HE03","tenCay":"keo","chieuCao":0}},{"type":"Feature","id":141,"geometry":{"type":"Point","coordinates":[106.33577683898262,10.774051546437915]},"properties":{"OBJECTID":141,"maNhanDang":"","phienBan":0,"ngayPhienBan":1787756708000,"giaTriDoChinhXacMatPhang":0,"nguyenNhanThayDoi":null,"maDoiTuong":"HE03","tenCay":"keo","chieuCao":0}},{"type":"Feature","id":142,"geometry":{"type":"Point","coordinates":[106.33607773917196,10.773981688313649]},"properties":{"OBJECTID":142,"maNhanDang":"","phienBan":0,"ngayPhienBan":1787756708000,"giaTriDoChinhXacMatPhang":0,"nguyenNhanThayDoi":null,"maDoiTuong":"HE03","tenCay":"keo","chieuCao":0}},{"type":"Feature","id":143,"geometry":{"type":"Point","coordinates":[106.33638520352638,10.773893885581055]},"properties":{"OBJECTID":143,"maNhanDang":"","phienBan":0,"ngayPhienBan":1787756708000,"giaTriDoChinhXacMatPhang":0,"nguyenNhanThayDoi":null,"maDoiTuong":"HE03","tenCay":"keo","chieuCao":0}},{"type":"Feature","id":144,"geometry":{"type":"Point","coordinates":[106.33669266768756,10.773806082552309]},"properties":{"OBJECTID":144,"maNhanDang":"","phienBan":0,"ngayPhienBan":1787756708000,"giaTriDoChinhXacMatPhang":0,"nguyenNhanThayDoi":null,"maDoiTuong":"HE03","tenCay":"keo","chieuCao":0}},{"type":"Feature","id":145,"geometry":{"type":"Point","coordinates":[106.33556183860313,10.774011549430009]},"properties":{"OBJECTID":145,"maNhanDang":"","phienBan":0,"ngayPhienBan":1787756708000,"giaTriDoChinhXacMatPhang":0,"nguyenNhanThayDoi":null,"maDoiTuong":"HE03","tenCay":"keo","chieuCao":0}},{"type":"Feature","id":146,"geometry":{"type":"Point","coordinates":[106.33586598745806,10.77391561386184]},"properties":{"OBJECTID":146,"maNhanDang":"","phienBan":0,"ngayPhienBan":1787756708000,"giaTriDoChinhXacMatPhang":0,"nguyenNhanThayDoi":null,"maDoiTuong":"HE03","tenCay":"keo","chieuCao":0}},{"type":"Feature","id":147,"geometry":{"type":"Point","coordinates":[106.33617345090302,10.773827810436854]},"properties":{"OBJECTID":147,"maNhanDang":"","phienBan":0,"ngayPhienBan":1787756708000,"giaTriDoChinhXacMatPhang":0,"nguyenNhanThayDoi":null,"maDoiTuong":"HE03","tenCay":"keo","chieuCao":0}},{"type":"Feature","id":148,"geometry":{"type":"Point","coordinates":[106.33648091507088,10.773740007618109]},"properties":{"OBJECTID":148,"maNhanDang":"","phienBan":0,"ngayPhienBan":1787756708000,"giaTriDoChinhXacMatPhang":0,"nguyenNhanThayDoi":null,"maDoiTuong":"HE03","tenCay":"keo","chieuCao":0}},{"type":"Feature","id":149,"geometry":{"type":"Point","coordinates":[106.33676552852593,10.77365676825986]},"properties":{"OBJECTID":149,"maNhanDang":"","phienBan":0,"ngayPhienBan":1787756708000,"giaTriDoChinhXacMatPhang":0,"nguyenNhanThayDoi":null,"maDoiTuong":"HE03","tenCay":"keo","chieuCao":0}},{"type":"Feature","id":150,"geometry":{"type":"Point","coordinates":[106.33566924896404,10.773839137255178]},"properties":{"OBJECTID":150,"maNhanDang":"","phienBan":0,"ngayPhienBan":1787756708000,"giaTriDoChinhXacMatPhang":0,"nguyenNhanThayDoi":null,"maDoiTuong":"HE03","tenCay":"keo","chieuCao":0}},{"type":"Feature","id":151,"geometry":{"type":"Point","coordinates":[106.33597671240005,10.77375133402602]},"properties":{"OBJECTID":151,"maNhanDang":"","phienBan":0,"ngayPhienBan":1787756708000,"giaTriDoChinhXacMatPhang":0,"nguyenNhanThayDoi":null,"maDoiTuong":"HE03","tenCay":"keo","chieuCao":0}},{"type":"Feature","id":152,"geometry":{"type":"Point","coordinates":[106.33628417655898,10.773663531403111]},"properties":{"OBJECTID":152,"maNhanDang":"","phienBan":0,"ngayPhienBan":1787756708000,"giaTriDoChinhXacMatPhang":0,"nguyenNhanThayDoi":null,"maDoiTuong":"HE03","tenCay":"keo","chieuCao":0}},{"type":"Feature","id":153,"geometry":{"type":"Point","coordinates":[106.3365916405247,10.773575728484047]},"properties":{"OBJECTID":153,"maNhanDang":"","phienBan":0,"ngayPhienBan":1787756708000,"giaTriDoChinhXacMatPhang":0,"nguyenNhanThayDoi":null,"maDoiTuong":"HE03","tenCay":"keo","chieuCao":0}},{"type":"Feature","id":154,"geometry":{"type":"Point","coordinates":[106.33576496086818,10.773685259494604]},"properties":{"OBJECTID":154,"maNhanDang":"","phienBan":0,"ngayPhienBan":1787756708000,"giaTriDoChinhXacMatPhang":0,"nguyenNhanThayDoi":null,"maDoiTuong":"HE03","tenCay":"keo","chieuCao":0}},{"type":"Feature","id":155,"geometry":{"type":"Point","coordinates":[106.33607242411763,10.773597456179306]},"properties":{"OBJECTID":155,"maNhanDang":"","phienBan":0,"ngayPhienBan":1787756708000,"giaTriDoChinhXacMatPhang":0,"nguyenNhanThayDoi":null,"maDoiTuong":"HE03","tenCay":"keo","chieuCao":0}},{"type":"Feature","id":156,"geometry":{"type":"Point","coordinates":[106.33637988808997,10.773509653470239]},"properties":{"OBJECTID":156,"maNhanDang":"","phienBan":0,"ngayPhienBan":1787756708000,"giaTriDoChinhXacMatPhang":0,"nguyenNhanThayDoi":null,"maDoiTuong":"HE03","tenCay":"keo","chieuCao":0}},{"type":"Feature","id":157,"geometry":{"type":"Point","coordinates":[106.33666450136484,10.773426414213457]},"properties":{"OBJECTID":157,"maNhanDang":"","phienBan":0,"ngayPhienBan":1787756708000,"giaTriDoChinhXacMatPhang":0,"nguyenNhanThayDoi":null,"maDoiTuong":"HE03","tenCay":"keo","chieuCao":0}},{"type":"Feature","id":158,"geometry":{"type":"Point","coordinates":[106.33592493545362,10.77350377561118]},"properties":{"OBJECTID":158,"maNhanDang":"","phienBan":0,"ngayPhienBan":1787756708000,"giaTriDoChinhXacMatPhang":0,"nguyenNhanThayDoi":null,"maDoiTuong":"HE03","tenCay":"keo","chieuCao":0}},{"type":"Feature","id":159,"geometry":{"type":"Point","coordinates":[106.33621971582198,10.773428587526507]},"properties":{"OBJECTID":159,"maNhanDang":"","phienBan":0,"ngayPhienBan":1787756708000,"giaTriDoChinhXacMatPhang":0,"nguyenNhanThayDoi":null,"maDoiTuong":"HE03","tenCay":"keo","chieuCao":0}},{"type":"Feature","id":160,"geometry":{"type":"Point","coordinates":[106.33652717957507,10.773340784681636]},"properties":{"OBJECTID":160,"maNhanDang":"","phienBan":0,"ngayPhienBan":1787756708000,"giaTriDoChinhXacMatPhang":0,"nguyenNhanThayDoi":null,"maDoiTuong":"HE03","tenCay":"keo","chieuCao":0}},{"type":"Feature","id":161,"geometry":{"type":"Point","coordinates":[106.33600796355927,10.773362512248299]},"properties":{"OBJECTID":161,"maNhanDang":"","phienBan":0,"ngayPhienBan":1787756708000,"giaTriDoChinhXacMatPhang":0,"nguyenNhanThayDoi":null,"maDoiTuong":"HE03","tenCay":"keo","chieuCao":0}},{"type":"Feature","id":162,"geometry":{"type":"Point","coordinates":[106.33631542731899,10.773274709613416]},"properties":{"OBJECTID":162,"maNhanDang":"","phienBan":0,"ngayPhienBan":1787756708000,"giaTriDoChinhXacMatPhang":0,"nguyenNhanThayDoi":null,"maDoiTuong":"HE03","tenCay":"keo","chieuCao":0}},{"type":"Feature","id":163,"geometry":{"type":"Point","coordinates":[106.33660004039753,10.773191470425262]},"properties":{"OBJECTID":163,"maNhanDang":"","phienBan":0,"ngayPhienBan":1787756708000,"giaTriDoChinhXacMatPhang":0,"nguyenNhanThayDoi":null,"maDoiTuong":"HE03","tenCay":"keo","chieuCao":0}},{"type":"Feature","id":164,"geometry":{"type":"Point","coordinates":[106.33615068334578,10.773193652273632]},"properties":{"OBJECTID":164,"maNhanDang":"","phienBan":0,"ngayPhienBan":1787756708000,"giaTriDoChinhXacMatPhang":0,"nguyenNhanThayDoi":null,"maDoiTuong":"HE03","tenCay":"keo","chieuCao":0}},{"type":"Feature","id":165,"geometry":{"type":"Point","coordinates":[106.33645814688782,10.773105849507406]},"properties":{"OBJECTID":165,"maNhanDang":"","phienBan":0,"ngayPhienBan":1787756708000,"giaTriDoChinhXacMatPhang":0,"nguyenNhanThayDoi":null,"maDoiTuong":"HE03","tenCay":"keo","chieuCao":0}},{"type":"Feature","id":166,"geometry":{"type":"Point","coordinates":[106.33624639481118,10.773039774381619]},"properties":{"OBJECTID":166,"maNhanDang":"","phienBan":0,"ngayPhienBan":1787756708000,"giaTriDoChinhXacMatPhang":0,"nguyenNhanThayDoi":null,"maDoiTuong":"HE03","tenCay":"keo","chieuCao":0}},{"type":"Feature","id":167,"geometry":{"type":"Point","coordinates":[106.33609080341812,10.77296322018675]},"properties":{"OBJECTID":167,"maNhanDang":"","phienBan":0,"ngayPhienBan":1787756708000,"giaTriDoChinhXacMatPhang":0,"nguyenNhanThayDoi":null,"maDoiTuong":"HE03","tenCay":"keo","chieuCao":0}},{"type":"Feature","id":168,"geometry":{"type":"Point","coordinates":[106.3361459109409,10.772822417334856]},"properties":{"OBJECTID":168,"maNhanDang":"","phienBan":0,"ngayPhienBan":1787756708000,"giaTriDoChinhXacMatPhang":0,"nguyenNhanThayDoi":null,"maDoiTuong":"HE03","tenCay":"keo","chieuCao":0}},{"type":"Feature","id":169,"geometry":{"type":"Point","coordinates":[106.33715104470497,10.774420001895209]},"properties":{"OBJECTID":169,"maNhanDang":"","phienBan":0,"ngayPhienBan":1787756708000,"giaTriDoChinhXacMatPhang":0,"nguyenNhanThayDoi":null,"maDoiTuong":"HE03","tenCay":"keo","chieuCao":0}},{"type":"Feature","id":170,"geometry":{"type":"Point","coordinates":[106.33720635390607,10.774650442360938]},"properties":{"OBJECTID":170,"maNhanDang":"","phienBan":0,"ngayPhienBan":1787756708000,"giaTriDoChinhXacMatPhang":0,"nguyenNhanThayDoi":null,"maDoiTuong":"HE03","tenCay":"keo","chieuCao":0}},{"type":"Feature","id":171,"geometry":{"type":"Point","coordinates":[106.33708658311301,10.774185058254055]},"properties":{"OBJECTID":171,"maNhanDang":"","phienBan":0,"ngayPhienBan":1787756708000,"giaTriDoChinhXacMatPhang":0,"nguyenNhanThayDoi":null,"maDoiTuong":"HE03","tenCay":"keo","chieuCao":0}},{"type":"Feature","id":172,"geometry":{"type":"Point","coordinates":[106.33716857003355,10.774026685597448]},"properties":{"OBJECTID":172,"maNhanDang":"","phienBan":0,"ngayPhienBan":1787756708000,"giaTriDoChinhXacMatPhang":0,"nguyenNhanThayDoi":null,"maDoiTuong":"HE03","tenCay":"keo","chieuCao":0}},{"type":"Feature","id":173,"geometry":{"type":"Point","coordinates":[106.33701298666985,10.773954652388184]},"properties":{"OBJECTID":173,"maNhanDang":"","phienBan":0,"ngayPhienBan":1787756708000,"giaTriDoChinhXacMatPhang":0,"nguyenNhanThayDoi":null,"maDoiTuong":"HE03","tenCay":"keo","chieuCao":0}},{"type":"Feature","id":174,"geometry":{"type":"Point","coordinates":[106.33714069213941,10.773796193143779]},"properties":{"OBJECTID":174,"maNhanDang":"","phienBan":0,"ngayPhienBan":1787756708000,"giaTriDoChinhXacMatPhang":0,"nguyenNhanThayDoi":null,"maDoiTuong":"HE03","tenCay":"keo","chieuCao":0}},{"type":"Feature","id":175,"geometry":{"type":"Point","coordinates":[106.33696682148062,10.773724194546775]},"properties":{"OBJECTID":175,"maNhanDang":"","phienBan":0,"ngayPhienBan":1787756708000,"giaTriDoChinhXacMatPhang":0,"nguyenNhanThayDoi":null,"maDoiTuong":"HE03","tenCay":"keo","chieuCao":0}},{"type":"Feature","id":176,"geometry":{"type":"Point","coordinates":[106.33708080256713,10.773561240823867]},"properties":{"OBJECTID":176,"maNhanDang":"","phienBan":0,"ngayPhienBan":1787756708000,"giaTriDoChinhXacMatPhang":0,"nguyenNhanThayDoi":null,"maDoiTuong":"HE03","tenCay":"keo","chieuCao":0}},{"type":"Feature","id":177,"geometry":{"type":"Point","coordinates":[106.33687035724184,10.773489311440308]},"properties":{"OBJECTID":177,"maNhanDang":"","phienBan":0,"ngayPhienBan":1787756708000,"giaTriDoChinhXacMatPhang":0,"nguyenNhanThayDoi":null,"maDoiTuong":"HE03","tenCay":"keo","chieuCao":0}},{"type":"Feature","id":178,"geometry":{"type":"Point","coordinates":[106.33712624081149,10.773416498893868]},"properties":{"OBJECTID":178,"maNhanDang":"","phienBan":0,"ngayPhienBan":1787756708000,"giaTriDoChinhXacMatPhang":0,"nguyenNhanThayDoi":null,"maDoiTuong":"HE03","tenCay":"keo","chieuCao":0}},{"type":"Feature","id":179,"geometry":{"type":"Point","coordinates":[106.3369249392792,10.77334455222107]},"properties":{"OBJECTID":179,"maNhanDang":"","phienBan":0,"ngayPhienBan":1787756708000,"giaTriDoChinhXacMatPhang":0,"nguyenNhanThayDoi":null,"maDoiTuong":"HE03","tenCay":"keo","chieuCao":0}},{"type":"Feature","id":180,"geometry":{"type":"Point","coordinates":[106.33678307187256,10.773272492899419]},"properties":{"OBJECTID":180,"maNhanDang":"","phienBan":0,"ngayPhienBan":1787756708000,"giaTriDoChinhXacMatPhang":0,"nguyenNhanThayDoi":null,"maDoiTuong":"HE03","tenCay":"keo","chieuCao":0}},{"type":"Feature","id":181,"geometry":{"type":"Point","coordinates":[106.34570309030879,10.776643977893979]},"properties":{"OBJECTID":181,"maNhanDang":"","phienBan":0,"ngayPhienBan":1787756708000,"giaTriDoChinhXacMatPhang":0,"nguyenNhanThayDoi":null,"maDoiTuong":"HE03","tenCay":"keo","chieuCao":0}},{"type":"Feature","id":182,"geometry":{"type":"Point","coordinates":[106.34549931982153,10.776719556148741]},"properties":{"OBJECTID":182,"maNhanDang":"","phienBan":0,"ngayPhienBan":1787756708000,"giaTriDoChinhXacMatPhang":0,"nguyenNhanThayDoi":null,"maDoiTuong":"HE03","tenCay":"keo","chieuCao":0}},{"type":"Feature","id":183,"geometry":{"type":"Point","coordinates":[106.34548939359188,10.776450390091096]},"properties":{"OBJECTID":183,"maNhanDang":"","phienBan":0,"ngayPhienBan":1787756708000,"giaTriDoChinhXacMatPhang":0,"nguyenNhanThayDoi":null,"maDoiTuong":"HE03","tenCay":"keo","chieuCao":0}},{"type":"Feature","id":184,"geometry":{"type":"Point","coordinates":[106.34523211693971,10.776592838606543]},"properties":{"OBJECTID":184,"maNhanDang":"","phienBan":0,"ngayPhienBan":1787756708000,"giaTriDoChinhXacMatPhang":0,"nguyenNhanThayDoi":null,"maDoiTuong":"HE03","tenCay":"keo","chieuCao":0}},{"type":"Feature","id":185,"geometry":{"type":"Point","coordinates":[106.34522757942246,10.776863024262154]},"properties":{"OBJECTID":185,"maNhanDang":"","phienBan":0,"ngayPhienBan":1787756708000,"giaTriDoChinhXacMatPhang":0,"nguyenNhanThayDoi":null,"maDoiTuong":"HE03","tenCay":"keo","chieuCao":0}},{"type":"Feature","id":186,"geometry":{"type":"Point","coordinates":[106.34504331265002,10.776919157400204]},"properties":{"OBJECTID":186,"maNhanDang":"","phienBan":0,"ngayPhienBan":1787756708000,"giaTriDoChinhXacMatPhang":0,"nguyenNhanThayDoi":null,"maDoiTuong":"HE03","tenCay":"keo","chieuCao":0}},{"type":"Feature","id":187,"geometry":{"type":"Point","coordinates":[106.34583690577296,10.776174568073273]},"properties":{"OBJECTID":187,"maNhanDang":"","phienBan":0,"ngayPhienBan":1787756708000,"giaTriDoChinhXacMatPhang":0,"nguyenNhanThayDoi":null,"maDoiTuong":"HE03","tenCay":"keo","chieuCao":0}},{"type":"Feature","id":188,"geometry":{"type":"Point","coordinates":[106.34600504818151,10.775905327204431]},"properties":{"OBJECTID":188,"maNhanDang":"","phienBan":0,"ngayPhienBan":1787756708000,"giaTriDoChinhXacMatPhang":0,"nguyenNhanThayDoi":null,"maDoiTuong":"HE03","tenCay":"keo","chieuCao":0}},{"type":"Feature","id":189,"geometry":{"type":"Point","coordinates":[106.34617319029931,10.775636086255719]},"properties":{"OBJECTID":189,"maNhanDang":"","phienBan":0,"ngayPhienBan":1787756708000,"giaTriDoChinhXacMatPhang":0,"nguyenNhanThayDoi":null,"maDoiTuong":"HE03","tenCay":"keo","chieuCao":0}},{"type":"Feature","id":190,"geometry":{"type":"Point","coordinates":[106.34634133304249,10.775366846129428]},"properties":{"OBJECTID":190,"maNhanDang":"","phienBan":0,"ngayPhienBan":1787756708000,"giaTriDoChinhXacMatPhang":0,"nguyenNhanThayDoi":null,"maDoiTuong":"HE03","tenCay":"keo","chieuCao":0}},{"type":"Feature","id":191,"geometry":{"type":"Point","coordinates":[106.34650947549311,10.77509760501917]},"properties":{"OBJECTID":191,"maNhanDang":"","phienBan":0,"ngayPhienBan":1787756708000,"giaTriDoChinhXacMatPhang":0,"nguyenNhanThayDoi":null,"maDoiTuong":"HE03","tenCay":"keo","chieuCao":0}},{"type":"Feature","id":192,"geometry":{"type":"Point","coordinates":[106.34667761674039,10.774828364734901]},"properties":{"OBJECTID":192,"maNhanDang":"","phienBan":0,"ngayPhienBan":1787756708000,"giaTriDoChinhXacMatPhang":0,"nguyenNhanThayDoi":null,"maDoiTuong":"HE03","tenCay":"keo","chieuCao":0}},{"type":"Feature","id":193,"geometry":{"type":"Point","coordinates":[106.34683093749673,10.774577690528565]},"properties":{"OBJECTID":193,"maNhanDang":"","phienBan":0,"ngayPhienBan":1787756708000,"giaTriDoChinhXacMatPhang":0,"nguyenNhanThayDoi":null,"maDoiTuong":"HE03","tenCay":"keo","chieuCao":0}},{"type":"Feature","id":194,"geometry":{"type":"Point","coordinates":[106.34497983246261,10.776752459710986]},"properties":{"OBJECTID":194,"maNhanDang":"","phienBan":0,"ngayPhienBan":1787756708000,"giaTriDoChinhXacMatPhang":0,"nguyenNhanThayDoi":null,"maDoiTuong":"HE03","tenCay":"keo","chieuCao":0}},{"type":"Feature","id":195,"geometry":{"type":"Point","coordinates":[106.3451475447621,10.776482956995119]},"properties":{"OBJECTID":195,"maNhanDang":"","phienBan":0,"ngayPhienBan":1787756708000,"giaTriDoChinhXacMatPhang":0,"nguyenNhanThayDoi":null,"maDoiTuong":"HE03","tenCay":"keo","chieuCao":0}},{"type":"Feature","id":196,"geometry":{"type":"Point","coordinates":[106.34530761687387,10.776199369473545]},"properties":{"OBJECTID":196,"maNhanDang":"","phienBan":0,"ngayPhienBan":1787756708000,"giaTriDoChinhXacMatPhang":0,"nguyenNhanThayDoi":null,"maDoiTuong":"HE03","tenCay":"keo","chieuCao":0}},{"type":"Feature","id":197,"geometry":{"type":"Point","coordinates":[106.34548296940459,10.775943951323166]},"properties":{"OBJECTID":197,"maNhanDang":"","phienBan":0,"ngayPhienBan":1787756708000,"giaTriDoChinhXacMatPhang":0,"nguyenNhanThayDoi":null,"maDoiTuong":"HE03","tenCay":"keo","chieuCao":0}},{"type":"Feature","id":198,"geometry":{"type":"Point","coordinates":[106.34565068174764,10.775674448367097]},"properties":{"OBJECTID":198,"maNhanDang":"","phienBan":0,"ngayPhienBan":1787756708000,"giaTriDoChinhXacMatPhang":0,"nguyenNhanThayDoi":null,"maDoiTuong":"HE03","tenCay":"keo","chieuCao":0}},{"type":"Feature","id":199,"geometry":{"type":"Point","coordinates":[106.34581839379864,10.775404944427462]},"properties":{"OBJECTID":199,"maNhanDang":"","phienBan":0,"ngayPhienBan":1787756708000,"giaTriDoChinhXacMatPhang":0,"nguyenNhanThayDoi":null,"maDoiTuong":"HE03","tenCay":"keo","chieuCao":0}},{"type":"Feature","id":200,"geometry":{"type":"Point","coordinates":[106.34598610556296,10.775135442216559]},"properties":{"OBJECTID":200,"maNhanDang":"","phienBan":0,"ngayPhienBan":1787756708000,"giaTriDoChinhXacMatPhang":0,"nguyenNhanThayDoi":null,"maDoiTuong":"HE03","tenCay":"keo","chieuCao":0}},{"type":"Feature","id":201,"geometry":{"type":"Point","coordinates":[106.34615381611908,10.774865938119786]},"properties":{"OBJECTID":201,"maNhanDang":"","phienBan":0,"ngayPhienBan":1787756708000,"giaTriDoChinhXacMatPhang":0,"nguyenNhanThayDoi":null,"maDoiTuong":"HE03","tenCay":"keo","chieuCao":0}},{"type":"Feature","id":202,"geometry":{"type":"Point","coordinates":[106.3463068363619,10.774617976116975]},"properties":{"OBJECTID":202,"maNhanDang":"","phienBan":0,"ngayPhienBan":1787756708000,"giaTriDoChinhXacMatPhang":0,"nguyenNhanThayDoi":null,"maDoiTuong":"HE03","tenCay":"keo","chieuCao":0}},{"type":"Feature","id":203,"geometry":{"type":"Point","coordinates":[106.34651022706144,10.774280179082723]},"properties":{"OBJECTID":203,"maNhanDang":"","phienBan":0,"ngayPhienBan":1787756708000,"giaTriDoChinhXacMatPhang":0,"nguyenNhanThayDoi":null,"maDoiTuong":"HE03","tenCay":"keo","chieuCao":0}},{"type":"Feature","id":204,"geometry":{"type":"Point","coordinates":[106.34554722365719,10.776110863503964]},"properties":{"OBJECTID":204,"maNhanDang":"","phienBan":0,"ngayPhienBan":1787756708000,"giaTriDoChinhXacMatPhang":0,"nguyenNhanThayDoi":null,"maDoiTuong":"HE03","tenCay":"keo","chieuCao":0}},{"type":"Feature","id":205,"geometry":{"type":"Point","coordinates":[106.34559686345759,10.776270810561538]},"properties":{"OBJECTID":205,"maNhanDang":"","phienBan":0,"ngayPhienBan":1787756708000,"giaTriDoChinhXacMatPhang":0,"nguyenNhanThayDoi":null,"maDoiTuong":"HE03","tenCay":"keo","chieuCao":0}},{"type":"Feature","id":206,"geometry":{"type":"Point","coordinates":[106.34576668422511,10.776002602679961]},"properties":{"OBJECTID":206,"maNhanDang":"","phienBan":0,"ngayPhienBan":1787756708000,"giaTriDoChinhXacMatPhang":0,"nguyenNhanThayDoi":null,"maDoiTuong":"HE03","tenCay":"keo","chieuCao":0}},{"type":"Feature","id":207,"geometry":{"type":"Point","coordinates":[106.34593650469627,10.775734392908587]},"properties":{"OBJECTID":207,"maNhanDang":"","phienBan":0,"ngayPhienBan":1787756708000,"giaTriDoChinhXacMatPhang":0,"nguyenNhanThayDoi":null,"maDoiTuong":"HE03","tenCay":"keo","chieuCao":0}},{"type":"Feature","id":208,"geometry":{"type":"Point","coordinates":[106.34610632579255,10.775466184862065]},"properties":{"OBJECTID":208,"maNhanDang":"","phienBan":0,"ngayPhienBan":1787756708000,"giaTriDoChinhXacMatPhang":0,"nguyenNhanThayDoi":null,"maDoiTuong":"HE03","tenCay":"keo","chieuCao":0}},{"type":"Feature","id":209,"geometry":{"type":"Point","coordinates":[106.34627614659425,10.775197975829869]},"properties":{"OBJECTID":209,"maNhanDang":"","phienBan":0,"ngayPhienBan":1787756708000,"giaTriDoChinhXacMatPhang":0,"nguyenNhanThayDoi":null,"maDoiTuong":"HE03","tenCay":"keo","chieuCao":0}},{"type":"Feature","id":210,"geometry":{"type":"Point","coordinates":[106.34644596710318,10.774929766716074]},"properties":{"OBJECTID":210,"maNhanDang":"","phienBan":0,"ngayPhienBan":1787756708000,"giaTriDoChinhXacMatPhang":0,"nguyenNhanThayDoi":null,"maDoiTuong":"HE03","tenCay":"keo","chieuCao":0}},{"type":"Feature","id":211,"geometry":{"type":"Point","coordinates":[106.34661578640494,10.774661557522505]},"properties":{"OBJECTID":211,"maNhanDang":"","phienBan":0,"ngayPhienBan":1787756708000,"giaTriDoChinhXacMatPhang":0,"nguyenNhanThayDoi":null,"maDoiTuong":"HE03","tenCay":"keo","chieuCao":0}},{"type":"Feature","id":212,"geometry":{"type":"Point","coordinates":[106.3467582245549,10.774409647605269]},"properties":{"OBJECTID":212,"maNhanDang":"","phienBan":0,"ngayPhienBan":1787756708000,"giaTriDoChinhXacMatPhang":0,"nguyenNhanThayDoi":null,"maDoiTuong":"HE03","tenCay":"keo","chieuCao":0}},{"type":"Feature","id":213,"geometry":{"type":"Point","coordinates":[106.34571414688929,10.775840881955281]},"properties":{"OBJECTID":213,"maNhanDang":"","phienBan":0,"ngayPhienBan":1787756708000,"giaTriDoChinhXacMatPhang":0,"nguyenNhanThayDoi":null,"maDoiTuong":"HE03","tenCay":"keo","chieuCao":0}},{"type":"Feature","id":214,"geometry":{"type":"Point","coordinates":[106.34588107074826,10.77557090123026]},"properties":{"OBJECTID":214,"maNhanDang":"","phienBan":0,"ngayPhienBan":1787756708000,"giaTriDoChinhXacMatPhang":0,"nguyenNhanThayDoi":null,"maDoiTuong":"HE03","tenCay":"keo","chieuCao":0}},{"type":"Feature","id":215,"geometry":{"type":"Point","coordinates":[106.34604799431793,10.775300920426581]},"properties":{"OBJECTID":215,"maNhanDang":"","phienBan":0,"ngayPhienBan":1787756708000,"giaTriDoChinhXacMatPhang":0,"nguyenNhanThayDoi":null,"maDoiTuong":"HE03","tenCay":"keo","chieuCao":0}},{"type":"Feature","id":216,"geometry":{"type":"Point","coordinates":[106.34621491759835,10.775030939544228]},"properties":{"OBJECTID":216,"maNhanDang":"","phienBan":0,"ngayPhienBan":1787756708000,"giaTriDoChinhXacMatPhang":0,"nguyenNhanThayDoi":null,"maDoiTuong":"HE03","tenCay":"keo","chieuCao":0}},{"type":"Feature","id":217,"geometry":{"type":"Point","coordinates":[106.34638184058771,10.774760957679115]},"properties":{"OBJECTID":217,"maNhanDang":"","phienBan":0,"ngayPhienBan":1787756708000,"giaTriDoChinhXacMatPhang":0,"nguyenNhanThayDoi":null,"maDoiTuong":"HE03","tenCay":"keo","chieuCao":0}},{"type":"Feature","id":218,"geometry":{"type":"Point","coordinates":[106.34654876237522,10.774490976641228]},"properties":{"OBJECTID":218,"maNhanDang":"","phienBan":0,"ngayPhienBan":1787756708000,"giaTriDoChinhXacMatPhang":0,"nguyenNhanThayDoi":null,"maDoiTuong":"HE03","tenCay":"keo","chieuCao":0}},{"type":"Feature","id":219,"geometry":{"type":"Point","coordinates":[106.34671568570046,10.774220994617071]},"properties":{"OBJECTID":219,"maNhanDang":"","phienBan":0,"ngayPhienBan":1787756708000,"giaTriDoChinhXacMatPhang":0,"nguyenNhanThayDoi":null,"maDoiTuong":"HE03","tenCay":"keo","chieuCao":0}},{"type":"Feature","id":220,"geometry":{"type":"Point","coordinates":[106.34480110790214,10.776756501510627]},"properties":{"OBJECTID":220,"maNhanDang":"","phienBan":0,"ngayPhienBan":1787756708000,"giaTriDoChinhXacMatPhang":0,"nguyenNhanThayDoi":null,"maDoiTuong":"HE03","tenCay":"keo","chieuCao":0}},{"type":"Feature","id":221,"geometry":{"type":"Point","coordinates":[106.34496923324613,10.776487249429358]},"properties":{"OBJECTID":221,"maNhanDang":"","phienBan":0,"ngayPhienBan":1787756708000,"giaTriDoChinhXacMatPhang":0,"nguyenNhanThayDoi":null,"maDoiTuong":"HE03","tenCay":"keo","chieuCao":0}},{"type":"Feature","id":222,"geometry":{"type":"Point","coordinates":[106.34513433027432,10.77623309699562]},"properties":{"OBJECTID":222,"maNhanDang":"","phienBan":0,"ngayPhienBan":1787756708000,"giaTriDoChinhXacMatPhang":0,"nguyenNhanThayDoi":null,"maDoiTuong":"HE03","tenCay":"keo","chieuCao":0}},{"type":"Feature","id":223,"geometry":{"type":"Point","coordinates":[106.34530548123479,10.775948745934718]},"properties":{"OBJECTID":223,"maNhanDang":"","phienBan":0,"ngayPhienBan":1787756708000,"giaTriDoChinhXacMatPhang":0,"nguyenNhanThayDoi":null,"maDoiTuong":"HE03","tenCay":"keo","chieuCao":0}},{"type":"Feature","id":224,"geometry":{"type":"Point","coordinates":[106.34547360570642,10.775679493613755]},"properties":{"OBJECTID":224,"maNhanDang":"","phienBan":0,"ngayPhienBan":1787756708000,"giaTriDoChinhXacMatPhang":0,"nguyenNhanThayDoi":null,"maDoiTuong":"HE03","tenCay":"keo","chieuCao":0}},{"type":"Feature","id":225,"geometry":{"type":"Point","coordinates":[106.3456417298873,10.775410241212924]},"properties":{"OBJECTID":225,"maNhanDang":"","phienBan":0,"ngayPhienBan":1787756708000,"giaTriDoChinhXacMatPhang":0,"nguyenNhanThayDoi":null,"maDoiTuong":"HE03","tenCay":"keo","chieuCao":0}},{"type":"Feature","id":226,"geometry":{"type":"Point","coordinates":[106.34579801297146,10.775153736672296]},"properties":{"OBJECTID":226,"maNhanDang":"","phienBan":0,"ngayPhienBan":1787756708000,"giaTriDoChinhXacMatPhang":0,"nguyenNhanThayDoi":null,"maDoiTuong":"HE03","tenCay":"keo","chieuCao":0}},{"type":"Feature","id":227,"geometry":{"type":"Point","coordinates":[106.34596089421289,10.774899230087041]},"properties":{"OBJECTID":227,"maNhanDang":"","phienBan":0,"ngayPhienBan":1787756708000,"giaTriDoChinhXacMatPhang":0,"nguyenNhanThayDoi":null,"maDoiTuong":"HE03","tenCay":"keo","chieuCao":0}},{"type":"Feature","id":228,"geometry":{"type":"Point","coordinates":[106.34612864717253,10.774622048326394]},"properties":{"OBJECTID":228,"maNhanDang":"","phienBan":0,"ngayPhienBan":1787756708000,"giaTriDoChinhXacMatPhang":0,"nguyenNhanThayDoi":null,"maDoiTuong":"HE03","tenCay":"keo","chieuCao":0}},{"type":"Feature","id":229,"geometry":{"type":"Point","coordinates":[106.34631422187819,10.774333232622533]},"properties":{"OBJECTID":229,"maNhanDang":"","phienBan":0,"ngayPhienBan":1787756708000,"giaTriDoChinhXacMatPhang":0,"nguyenNhanThayDoi":null,"maDoiTuong":"HE03","tenCay":"keo","chieuCao":0}},{"type":"Feature","id":230,"geometry":{"type":"Point","coordinates":[106.34648776154539,10.774038993699159]},"properties":{"OBJECTID":230,"maNhanDang":"","phienBan":0,"ngayPhienBan":1787756708000,"giaTriDoChinhXacMatPhang":0,"nguyenNhanThayDoi":null,"maDoiTuong":"HE03","tenCay":"keo","chieuCao":0}},{"type":"Feature","id":231,"geometry":{"type":"Point","coordinates":[106.34474595262637,10.776591773181304]},"properties":{"OBJECTID":231,"maNhanDang":"","phienBan":0,"ngayPhienBan":1787756708000,"giaTriDoChinhXacMatPhang":0,"nguyenNhanThayDoi":null,"maDoiTuong":"HE03","tenCay":"keo","chieuCao":0}},{"type":"Feature","id":232,"geometry":{"type":"Point","coordinates":[106.3449137245635,10.77632230572849]},"properties":{"OBJECTID":232,"maNhanDang":"","phienBan":0,"ngayPhienBan":1787756708000,"giaTriDoChinhXacMatPhang":0,"nguyenNhanThayDoi":null,"maDoiTuong":"HE03","tenCay":"keo","chieuCao":0}},{"type":"Feature","id":233,"geometry":{"type":"Point","coordinates":[106.34508149529765,10.776052839101959]},"properties":{"OBJECTID":233,"maNhanDang":"","phienBan":0,"ngayPhienBan":1787756708000,"giaTriDoChinhXacMatPhang":0,"nguyenNhanThayDoi":null,"maDoiTuong":"HE03","tenCay":"keo","chieuCao":0}},{"type":"Feature","id":234,"geometry":{"type":"Point","coordinates":[106.34524926665578,10.775783372394146]},"properties":{"OBJECTID":234,"maNhanDang":"","phienBan":0,"ngayPhienBan":1787756708000,"giaTriDoChinhXacMatPhang":0,"nguyenNhanThayDoi":null,"maDoiTuong":"HE03","tenCay":"keo","chieuCao":0}},{"type":"Feature","id":235,"geometry":{"type":"Point","coordinates":[106.34541703772184,10.775513904702681]},"properties":{"OBJECTID":235,"maNhanDang":"","phienBan":0,"ngayPhienBan":1787756708000,"giaTriDoChinhXacMatPhang":0,"nguyenNhanThayDoi":null,"maDoiTuong":"HE03","tenCay":"keo","chieuCao":0}},{"type":"Feature","id":236,"geometry":{"type":"Point","coordinates":[106.34558480849934,10.77524443783579]},"properties":{"OBJECTID":236,"maNhanDang":"","phienBan":0,"ngayPhienBan":1787756708000,"giaTriDoChinhXacMatPhang":0,"nguyenNhanThayDoi":null,"maDoiTuong":"HE03","tenCay":"keo","chieuCao":0}},{"type":"Feature","id":237,"geometry":{"type":"Point","coordinates":[106.34575257898474,10.774974969985276]},"properties":{"OBJECTID":237,"maNhanDang":"","phienBan":0,"ngayPhienBan":1787756708000,"giaTriDoChinhXacMatPhang":0,"nguyenNhanThayDoi":null,"maDoiTuong":"HE03","tenCay":"keo","chieuCao":0}},{"type":"Feature","id":238,"geometry":{"type":"Point","coordinates":[106.34592288514753,10.774680602848514]},"properties":{"OBJECTID":238,"maNhanDang":"","phienBan":0,"ngayPhienBan":1787756708000,"giaTriDoChinhXacMatPhang":0,"nguyenNhanThayDoi":null,"maDoiTuong":"HE03","tenCay":"keo","chieuCao":0}},{"type":"Feature","id":239,"geometry":{"type":"Point","coordinates":[106.34608811817382,10.774436035855667]},"properties":{"OBJECTID":239,"maNhanDang":"","phienBan":0,"ngayPhienBan":1787756708000,"giaTriDoChinhXacMatPhang":0,"nguyenNhanThayDoi":null,"maDoiTuong":"HE03","tenCay":"keo","chieuCao":0}},{"type":"Feature","id":240,"geometry":{"type":"Point","coordinates":[106.34625588778835,10.774166567766635]},"properties":{"OBJECTID":240,"maNhanDang":"","phienBan":0,"ngayPhienBan":1787756708000,"giaTriDoChinhXacMatPhang":0,"nguyenNhanThayDoi":null,"maDoiTuong":"HE03","tenCay":"keo","chieuCao":0}},{"type":"Feature","id":241,"geometry":{"type":"Point","coordinates":[106.34642365711437,10.7738971005022]},"properties":{"OBJECTID":241,"maNhanDang":"","phienBan":0,"ngayPhienBan":1787756708000,"giaTriDoChinhXacMatPhang":0,"nguyenNhanThayDoi":null,"maDoiTuong":"HE03","tenCay":"keo","chieuCao":0}},{"type":"Feature","id":242,"geometry":{"type":"Point","coordinates":[106.34468946361591,10.776429983906738]},"properties":{"OBJECTID":242,"maNhanDang":"","phienBan":0,"ngayPhienBan":1787756708000,"giaTriDoChinhXacMatPhang":0,"nguyenNhanThayDoi":null,"maDoiTuong":"HE03","tenCay":"keo","chieuCao":0}},{"type":"Feature","id":243,"geometry":{"type":"Point","coordinates":[106.34485697461501,10.776160358767566]},"properties":{"OBJECTID":243,"maNhanDang":"","phienBan":0,"ngayPhienBan":1787756708000,"giaTriDoChinhXacMatPhang":0,"nguyenNhanThayDoi":null,"maDoiTuong":"HE03","tenCay":"keo","chieuCao":0}},{"type":"Feature","id":244,"geometry":{"type":"Point","coordinates":[106.34502797130472,10.775867176916458]},"properties":{"OBJECTID":244,"maNhanDang":"","phienBan":0,"ngayPhienBan":1787756708000,"giaTriDoChinhXacMatPhang":0,"nguyenNhanThayDoi":null,"maDoiTuong":"HE03","tenCay":"keo","chieuCao":0}},{"type":"Feature","id":245,"geometry":{"type":"Point","coordinates":[106.34519199665569,10.775621107345524]},"properties":{"OBJECTID":245,"maNhanDang":"","phienBan":0,"ngayPhienBan":1787756708000,"giaTriDoChinhXacMatPhang":0,"nguyenNhanThayDoi":null,"maDoiTuong":"HE03","tenCay":"keo","chieuCao":0}},{"type":"Feature","id":246,"geometry":{"type":"Point","coordinates":[106.34535950678472,10.775351481968521]},"properties":{"OBJECTID":246,"maNhanDang":"","phienBan":0,"ngayPhienBan":1787756708000,"giaTriDoChinhXacMatPhang":0,"nguyenNhanThayDoi":null,"maDoiTuong":"HE03","tenCay":"keo","chieuCao":0}},{"type":"Feature","id":247,"geometry":{"type":"Point","coordinates":[106.3455270175381,10.775081856510475]},"properties":{"OBJECTID":247,"maNhanDang":"","phienBan":0,"ngayPhienBan":1787756708000,"giaTriDoChinhXacMatPhang":0,"nguyenNhanThayDoi":null,"maDoiTuong":"HE03","tenCay":"keo","chieuCao":0}},{"type":"Feature","id":248,"geometry":{"type":"Point","coordinates":[106.34569452617275,10.774812230976689]},"properties":{"OBJECTID":248,"maNhanDang":"","phienBan":0,"ngayPhienBan":1787756708000,"giaTriDoChinhXacMatPhang":0,"nguyenNhanThayDoi":null,"maDoiTuong":"HE03","tenCay":"keo","chieuCao":0}},{"type":"Feature","id":249,"geometry":{"type":"Point","coordinates":[106.34586203634436,10.774542604456023]},"properties":{"OBJECTID":249,"maNhanDang":"","phienBan":0,"ngayPhienBan":1787756708000,"giaTriDoChinhXacMatPhang":0,"nguyenNhanThayDoi":null,"maDoiTuong":"HE03","tenCay":"keo","chieuCao":0}},{"type":"Feature","id":250,"geometry":{"type":"Point","coordinates":[106.34602954531341,10.774272978761976]},"properties":{"OBJECTID":250,"maNhanDang":"","phienBan":0,"ngayPhienBan":1787756708000,"giaTriDoChinhXacMatPhang":0,"nguyenNhanThayDoi":null,"maDoiTuong":"HE03","tenCay":"keo","chieuCao":0}},{"type":"Feature","id":251,"geometry":{"type":"Point","coordinates":[106.34619705399251,10.7740033529887]},"properties":{"OBJECTID":251,"maNhanDang":"","phienBan":0,"ngayPhienBan":1787756708000,"giaTriDoChinhXacMatPhang":0,"nguyenNhanThayDoi":null,"maDoiTuong":"HE03","tenCay":"keo","chieuCao":0}},{"type":"Feature","id":252,"geometry":{"type":"Point","coordinates":[106.34438124935537,10.776521768918244]},"properties":{"OBJECTID":252,"maNhanDang":"","phienBan":0,"ngayPhienBan":1787756708000,"giaTriDoChinhXacMatPhang":0,"nguyenNhanThayDoi":null,"maDoiTuong":"HE03","tenCay":"keo","chieuCao":0}},{"type":"Feature","id":253,"geometry":{"type":"Point","coordinates":[106.34435256660409,10.776300181637199]},"properties":{"OBJECTID":253,"maNhanDang":"","phienBan":0,"ngayPhienBan":1787756708000,"giaTriDoChinhXacMatPhang":0,"nguyenNhanThayDoi":null,"maDoiTuong":"HE03","tenCay":"keo","chieuCao":0}},{"type":"Feature","id":254,"geometry":{"type":"Point","coordinates":[106.34414654693855,10.776388995700058]},"properties":{"OBJECTID":254,"maNhanDang":"","phienBan":0,"ngayPhienBan":1787756708000,"giaTriDoChinhXacMatPhang":0,"nguyenNhanThayDoi":null,"maDoiTuong":"HE03","tenCay":"keo","chieuCao":0}},{"type":"Feature","id":255,"geometry":{"type":"Point","coordinates":[106.34410992983658,10.776159715259835]},"properties":{"OBJECTID":255,"maNhanDang":"","phienBan":0,"ngayPhienBan":1787756708000,"giaTriDoChinhXacMatPhang":0,"nguyenNhanThayDoi":null,"maDoiTuong":"HE03","tenCay":"keo","chieuCao":0}},{"type":"Feature","id":256,"geometry":{"type":"Point","coordinates":[106.34391618593379,10.776213177101853]},"properties":{"OBJECTID":256,"maNhanDang":"","phienBan":0,"ngayPhienBan":1787756708000,"giaTriDoChinhXacMatPhang":0,"nguyenNhanThayDoi":null,"maDoiTuong":"HE03","tenCay":"keo","chieuCao":0}},{"type":"Feature","id":257,"geometry":{"type":"Point","coordinates":[106.34392140956771,10.775926228103822]},"properties":{"OBJECTID":257,"maNhanDang":"","phienBan":0,"ngayPhienBan":1787756708000,"giaTriDoChinhXacMatPhang":0,"nguyenNhanThayDoi":null,"maDoiTuong":"HE03","tenCay":"keo","chieuCao":0}},{"type":"Feature","id":258,"geometry":{"type":"Point","coordinates":[106.34372701564052,10.775985751236931]},"properties":{"OBJECTID":258,"maNhanDang":"","phienBan":0,"ngayPhienBan":1787756708000,"giaTriDoChinhXacMatPhang":0,"nguyenNhanThayDoi":null,"maDoiTuong":"HE03","tenCay":"keo","chieuCao":0}},{"type":"Feature","id":259,"geometry":{"type":"Point","coordinates":[106.34369645486002,10.775745741941751]},"properties":{"OBJECTID":259,"maNhanDang":"","phienBan":0,"ngayPhienBan":1787756708000,"giaTriDoChinhXacMatPhang":0,"nguyenNhanThayDoi":null,"maDoiTuong":"HE03","tenCay":"keo","chieuCao":0}},{"type":"Feature","id":260,"geometry":{"type":"Point","coordinates":[106.34343850258081,10.775907086833863]},"properties":{"OBJECTID":260,"maNhanDang":"","phienBan":0,"ngayPhienBan":1787756708000,"giaTriDoChinhXacMatPhang":0,"nguyenNhanThayDoi":null,"maDoiTuong":"HE03","tenCay":"keo","chieuCao":0}},{"type":"Feature","id":261,"geometry":{"type":"Point","coordinates":[106.34337107591638,10.775752887324293]},"properties":{"OBJECTID":261,"maNhanDang":"","phienBan":0,"ngayPhienBan":1787756708000,"giaTriDoChinhXacMatPhang":0,"nguyenNhanThayDoi":null,"maDoiTuong":"HE03","tenCay":"keo","chieuCao":0}},{"type":"Feature","id":262,"geometry":{"type":"Point","coordinates":[106.34321597523389,10.775744038422612]},"properties":{"OBJECTID":262,"maNhanDang":"","phienBan":0,"ngayPhienBan":1787756708000,"giaTriDoChinhXacMatPhang":0,"nguyenNhanThayDoi":null,"maDoiTuong":"HE03","tenCay":"keo","chieuCao":0}},{"type":"Feature","id":263,"geometry":{"type":"Point","coordinates":[106.34312520357854,10.775600048313745]},"properties":{"OBJECTID":263,"maNhanDang":"","phienBan":0,"ngayPhienBan":1787756708000,"giaTriDoChinhXacMatPhang":0,"nguyenNhanThayDoi":null,"maDoiTuong":"HE03","tenCay":"keo","chieuCao":0}},{"type":"Feature","id":264,"geometry":{"type":"Point","coordinates":[106.34291689717897,10.775696371756347]},"properties":{"OBJECTID":264,"maNhanDang":"","phienBan":0,"ngayPhienBan":1787756708000,"giaTriDoChinhXacMatPhang":0,"nguyenNhanThayDoi":null,"maDoiTuong":"HE03","tenCay":"keo","chieuCao":0}},{"type":"Feature","id":265,"geometry":{"type":"Point","coordinates":[106.34289674916711,10.775454055956141]},"properties":{"OBJECTID":265,"maNhanDang":"","phienBan":0,"ngayPhienBan":1787756708000,"giaTriDoChinhXacMatPhang":0,"nguyenNhanThayDoi":null,"maDoiTuong":"HE03","tenCay":"keo","chieuCao":0}},{"type":"Feature","id":266,"geometry":{"type":"Point","coordinates":[106.34272183063162,10.775459816968446]},"properties":{"OBJECTID":266,"maNhanDang":"","phienBan":0,"ngayPhienBan":1787756708000,"giaTriDoChinhXacMatPhang":0,"nguyenNhanThayDoi":null,"maDoiTuong":"HE03","tenCay":"keo","chieuCao":0}},{"type":"Feature","id":267,"geometry":{"type":"Point","coordinates":[106.34254251188109,10.77549445505505]},"properties":{"OBJECTID":267,"maNhanDang":"","phienBan":0,"ngayPhienBan":1787756708000,"giaTriDoChinhXacMatPhang":0,"nguyenNhanThayDoi":null,"maDoiTuong":"HE03","tenCay":"keo","chieuCao":0}},{"type":"Feature","id":268,"geometry":{"type":"Point","coordinates":[106.34253393651709,10.775252117084063]},"properties":{"OBJECTID":268,"maNhanDang":"","phienBan":0,"ngayPhienBan":1787756708000,"giaTriDoChinhXacMatPhang":0,"nguyenNhanThayDoi":null,"maDoiTuong":"HE03","tenCay":"keo","chieuCao":0}},{"type":"Feature","id":269,"geometry":{"type":"Point","coordinates":[106.34228732096091,10.775348247545468]},"properties":{"OBJECTID":269,"maNhanDang":"","phienBan":0,"ngayPhienBan":1787756708000,"giaTriDoChinhXacMatPhang":0,"nguyenNhanThayDoi":null,"maDoiTuong":"HE03","tenCay":"keo","chieuCao":0}},{"type":"Feature","id":270,"geometry":{"type":"Point","coordinates":[106.34228800700046,10.77510703463409]},"properties":{"OBJECTID":270,"maNhanDang":"","phienBan":0,"ngayPhienBan":1787756708000,"giaTriDoChinhXacMatPhang":0,"nguyenNhanThayDoi":null,"maDoiTuong":"HE03","tenCay":"keo","chieuCao":0}},{"type":"Feature","id":271,"geometry":{"type":"Point","coordinates":[106.34213053623917,10.775128886548233]},"properties":{"OBJECTID":271,"maNhanDang":"","phienBan":0,"ngayPhienBan":1787756708000,"giaTriDoChinhXacMatPhang":0,"nguyenNhanThayDoi":null,"maDoiTuong":"HE03","tenCay":"keo","chieuCao":0}},{"type":"Feature","id":272,"geometry":{"type":"Point","coordinates":[106.34245445669184,10.774836768105414]},"properties":{"OBJECTID":272,"maNhanDang":"","phienBan":0,"ngayPhienBan":1787756708000,"giaTriDoChinhXacMatPhang":0,"nguyenNhanThayDoi":null,"maDoiTuong":"HE03","tenCay":"keo","chieuCao":0}},{"type":"Feature","id":273,"geometry":{"type":"Point","coordinates":[106.34229698517044,10.774858619194053]},"properties":{"OBJECTID":273,"maNhanDang":"","phienBan":0,"ngayPhienBan":1787756708000,"giaTriDoChinhXacMatPhang":0,"nguyenNhanThayDoi":null,"maDoiTuong":"HE03","tenCay":"keo","chieuCao":0}},{"type":"Feature","id":274,"geometry":{"type":"Point","coordinates":[106.34262090426222,10.774566499693748]},"properties":{"OBJECTID":274,"maNhanDang":"","phienBan":0,"ngayPhienBan":1787756708000,"giaTriDoChinhXacMatPhang":0,"nguyenNhanThayDoi":null,"maDoiTuong":"HE03","tenCay":"keo","chieuCao":0}},{"type":"Feature","id":275,"geometry":{"type":"Point","coordinates":[106.34246343472911,10.774588352663953]},"properties":{"OBJECTID":275,"maNhanDang":"","phienBan":0,"ngayPhienBan":1787756708000,"giaTriDoChinhXacMatPhang":0,"nguyenNhanThayDoi":null,"maDoiTuong":"HE03","tenCay":"keo","chieuCao":0}},{"type":"Feature","id":276,"geometry":{"type":"Point","coordinates":[106.34278735337618,10.774296233008483]},"properties":{"OBJECTID":276,"maNhanDang":"","phienBan":0,"ngayPhienBan":1787756708000,"giaTriDoChinhXacMatPhang":0,"nguyenNhanThayDoi":null,"maDoiTuong":"HE03","tenCay":"keo","chieuCao":0}},{"type":"Feature","id":277,"geometry":{"type":"Point","coordinates":[106.34262988216679,10.77431808425086]},"properties":{"OBJECTID":277,"maNhanDang":"","phienBan":0,"ngayPhienBan":1787756708000,"giaTriDoChinhXacMatPhang":0,"nguyenNhanThayDoi":null,"maDoiTuong":"HE03","tenCay":"keo","chieuCao":0}},{"type":"Feature","id":278,"geometry":{"type":"Point","coordinates":[106.34295380128529,10.774025965342618]},"properties":{"OBJECTID":278,"maNhanDang":"","phienBan":0,"ngayPhienBan":1787756708000,"giaTriDoChinhXacMatPhang":0,"nguyenNhanThayDoi":null,"maDoiTuong":"HE03","tenCay":"keo","chieuCao":0}},{"type":"Feature","id":279,"geometry":{"type":"Point","coordinates":[106.34279633114627,10.774047816660088]},"properties":{"OBJECTID":279,"maNhanDang":"","phienBan":0,"ngayPhienBan":1787756708000,"giaTriDoChinhXacMatPhang":0,"nguyenNhanThayDoi":null,"maDoiTuong":"HE03","tenCay":"keo","chieuCao":0}},{"type":"Feature","id":280,"geometry":{"type":"Point","coordinates":[106.34312024890571,10.773755697598475]},"properties":{"OBJECTID":280,"maNhanDang":"","phienBan":0,"ngayPhienBan":1787756708000,"giaTriDoChinhXacMatPhang":0,"nguyenNhanThayDoi":null,"maDoiTuong":"HE03","tenCay":"keo","chieuCao":0}},{"type":"Feature","id":281,"geometry":{"type":"Point","coordinates":[106.34297362533275,10.773752840935616]},"properties":{"OBJECTID":281,"maNhanDang":"","phienBan":0,"ngayPhienBan":1787756708000,"giaTriDoChinhXacMatPhang":0,"nguyenNhanThayDoi":null,"maDoiTuong":"HE03","tenCay":"keo","chieuCao":0}},{"type":"Feature","id":282,"geometry":{"type":"Point","coordinates":[106.34328669715181,10.773485429774343]},"properties":{"OBJECTID":282,"maNhanDang":"","phienBan":0,"ngayPhienBan":1787756708000,"giaTriDoChinhXacMatPhang":0,"nguyenNhanThayDoi":null,"maDoiTuong":"HE03","tenCay":"keo","chieuCao":0}},{"type":"Feature","id":283,"geometry":{"type":"Point","coordinates":[106.34312922641219,10.773507282151327]},"properties":{"OBJECTID":283,"maNhanDang":"","phienBan":0,"ngayPhienBan":1787756708000,"giaTriDoChinhXacMatPhang":0,"nguyenNhanThayDoi":null,"maDoiTuong":"HE03","tenCay":"keo","chieuCao":0}},{"type":"Feature","id":284,"geometry":{"type":"Point","coordinates":[106.3434531432805,10.773215161875457]},"properties":{"OBJECTID":284,"maNhanDang":"","phienBan":0,"ngayPhienBan":1787756708000,"giaTriDoChinhXacMatPhang":0,"nguyenNhanThayDoi":null,"maDoiTuong":"HE03","tenCay":"keo","chieuCao":0}},{"type":"Feature","id":285,"geometry":{"type":"Point","coordinates":[106.34329567452387,10.773237013421694]},"properties":{"OBJECTID":285,"maNhanDang":"","phienBan":0,"ngayPhienBan":1787756708000,"giaTriDoChinhXacMatPhang":0,"nguyenNhanThayDoi":null,"maDoiTuong":"HE03","tenCay":"keo","chieuCao":0}},{"type":"Feature","id":286,"geometry":{"type":"Point","coordinates":[106.34361959094751,10.772944892990751]},"properties":{"OBJECTID":286,"maNhanDang":"","phienBan":0,"ngayPhienBan":1787756708000,"giaTriDoChinhXacMatPhang":0,"nguyenNhanThayDoi":null,"maDoiTuong":"HE03","tenCay":"keo","chieuCao":0}},{"type":"Feature","id":287,"geometry":{"type":"Point","coordinates":[106.34346212143605,10.772966746423744]},"properties":{"OBJECTID":287,"maNhanDang":"","phienBan":0,"ngayPhienBan":1787756708000,"giaTriDoChinhXacMatPhang":0,"nguyenNhanThayDoi":null,"maDoiTuong":"HE03","tenCay":"keo","chieuCao":0}},{"type":"Feature","id":288,"geometry":{"type":"Point","coordinates":[106.34378603741504,10.772674625837732]},"properties":{"OBJECTID":288,"maNhanDang":"","phienBan":0,"ngayPhienBan":1787756708000,"giaTriDoChinhXacMatPhang":0,"nguyenNhanThayDoi":null,"maDoiTuong":"HE03","tenCay":"keo","chieuCao":0}},{"type":"Feature","id":289,"geometry":{"type":"Point","coordinates":[106.34362856805599,10.772696477539359]},"properties":{"OBJECTID":289,"maNhanDang":"","phienBan":0,"ngayPhienBan":1787756708000,"giaTriDoChinhXacMatPhang":0,"nguyenNhanThayDoi":null,"maDoiTuong":"HE03","tenCay":"keo","chieuCao":0}},{"type":"Feature","id":290,"geometry":{"type":"Point","coordinates":[106.34270953094703,10.775224531769405]},"properties":{"OBJECTID":290,"maNhanDang":"","phienBan":0,"ngayPhienBan":1787756708000,"giaTriDoChinhXacMatPhang":0,"nguyenNhanThayDoi":null,"maDoiTuong":"HE03","tenCay":"keo","chieuCao":0}},{"type":"Feature","id":291,"geometry":{"type":"Point","coordinates":[106.34270095546906,10.774982193805572]},"properties":{"OBJECTID":291,"maNhanDang":"","phienBan":0,"ngayPhienBan":1787756708000,"giaTriDoChinhXacMatPhang":0,"nguyenNhanThayDoi":null,"maDoiTuong":"HE03","tenCay":"keo","chieuCao":0}},{"type":"Feature","id":292,"geometry":{"type":"Point","coordinates":[106.34245434018816,10.775078324387067]},"properties":{"OBJECTID":292,"maNhanDang":"","phienBan":0,"ngayPhienBan":1787756708000,"giaTriDoChinhXacMatPhang":0,"nguyenNhanThayDoi":null,"maDoiTuong":"HE03","tenCay":"keo","chieuCao":0}},{"type":"Feature","id":293,"geometry":{"type":"Point","coordinates":[106.34287654972353,10.774954608404927]},"properties":{"OBJECTID":293,"maNhanDang":"","phienBan":0,"ngayPhienBan":1787756708000,"giaTriDoChinhXacMatPhang":0,"nguyenNhanThayDoi":null,"maDoiTuong":"HE03","tenCay":"keo","chieuCao":0}},{"type":"Feature","id":294,"geometry":{"type":"Point","coordinates":[106.34286797413159,10.774712270448234]},"properties":{"OBJECTID":294,"maNhanDang":"","phienBan":0,"ngayPhienBan":1787756708000,"giaTriDoChinhXacMatPhang":0,"nguyenNhanThayDoi":null,"maDoiTuong":"HE03","tenCay":"keo","chieuCao":0}},{"type":"Feature","id":295,"geometry":{"type":"Point","coordinates":[106.34262135912599,10.774808401149809]},"properties":{"OBJECTID":295,"maNhanDang":"","phienBan":0,"ngayPhienBan":1787756708000,"giaTriDoChinhXacMatPhang":0,"nguyenNhanThayDoi":null,"maDoiTuong":"HE03","tenCay":"keo","chieuCao":0}},{"type":"Feature","id":296,"geometry":{"type":"Point","coordinates":[106.34304356729623,10.774684684963361]},"properties":{"OBJECTID":296,"maNhanDang":"","phienBan":0,"ngayPhienBan":1787756708000,"giaTriDoChinhXacMatPhang":0,"nguyenNhanThayDoi":null,"maDoiTuong":"HE03","tenCay":"keo","chieuCao":0}},{"type":"Feature","id":297,"geometry":{"type":"Point","coordinates":[106.34303499250295,10.774442346107968]},"properties":{"OBJECTID":297,"maNhanDang":"","phienBan":0,"ngayPhienBan":1787756708000,"giaTriDoChinhXacMatPhang":0,"nguyenNhanThayDoi":null,"maDoiTuong":"HE03","tenCay":"keo","chieuCao":0}},{"type":"Feature","id":298,"geometry":{"type":"Point","coordinates":[106.34278837777262,10.774538476929605]},"properties":{"OBJECTID":298,"maNhanDang":"","phienBan":0,"ngayPhienBan":1787756708000,"giaTriDoChinhXacMatPhang":0,"nguyenNhanThayDoi":null,"maDoiTuong":"HE03","tenCay":"keo","chieuCao":0}},{"type":"Feature","id":299,"geometry":{"type":"Point","coordinates":[106.34321058640651,10.774414760535356]},"properties":{"OBJECTID":299,"maNhanDang":"","phienBan":0,"ngayPhienBan":1787756708000,"giaTriDoChinhXacMatPhang":0,"nguyenNhanThayDoi":null,"maDoiTuong":"HE03","tenCay":"keo","chieuCao":0}},{"type":"Feature","id":300,"geometry":{"type":"Point","coordinates":[106.34320201058668,10.774172422592963]},"properties":{"OBJECTID":300,"maNhanDang":"","phienBan":0,"ngayPhienBan":1787756708000,"giaTriDoChinhXacMatPhang":0,"nguyenNhanThayDoi":null,"maDoiTuong":"HE03","tenCay":"keo","chieuCao":0}},{"type":"Feature","id":301,"geometry":{"type":"Point","coordinates":[106.3429553961316,10.774268553534668]},"properties":{"OBJECTID":301,"maNhanDang":"","phienBan":0,"ngayPhienBan":1787756708000,"giaTriDoChinhXacMatPhang":0,"nguyenNhanThayDoi":null,"maDoiTuong":"HE03","tenCay":"keo","chieuCao":0}},{"type":"Feature","id":302,"geometry":{"type":"Point","coordinates":[106.34337760340041,10.774144836936122]},"properties":{"OBJECTID":302,"maNhanDang":"","phienBan":0,"ngayPhienBan":1787756708000,"giaTriDoChinhXacMatPhang":0,"nguyenNhanThayDoi":null,"maDoiTuong":"HE03","tenCay":"keo","chieuCao":0}},{"type":"Feature","id":303,"geometry":{"type":"Point","coordinates":[106.34336902746662,10.773902499000881]},"properties":{"OBJECTID":303,"maNhanDang":"","phienBan":0,"ngayPhienBan":1787756708000,"giaTriDoChinhXacMatPhang":0,"nguyenNhanThayDoi":null,"maDoiTuong":"HE03","tenCay":"keo","chieuCao":0}},{"type":"Feature","id":304,"geometry":{"type":"Point","coordinates":[106.34312241420116,10.773998630060882]},"properties":{"OBJECTID":304,"maNhanDang":"","phienBan":0,"ngayPhienBan":1787756708000,"giaTriDoChinhXacMatPhang":0,"nguyenNhanThayDoi":null,"maDoiTuong":"HE03","tenCay":"keo","chieuCao":0}},{"type":"Feature","id":305,"geometry":{"type":"Point","coordinates":[106.3435446210193,10.773874913256332]},"properties":{"OBJECTID":305,"maNhanDang":"","phienBan":0,"ngayPhienBan":1787756708000,"giaTriDoChinhXacMatPhang":0,"nguyenNhanThayDoi":null,"maDoiTuong":"HE03","tenCay":"keo","chieuCao":0}},{"type":"Feature","id":306,"geometry":{"type":"Point","coordinates":[106.34353604496978,10.773632574424136]},"properties":{"OBJECTID":306,"maNhanDang":"","phienBan":0,"ngayPhienBan":1787756708000,"giaTriDoChinhXacMatPhang":0,"nguyenNhanThayDoi":null,"maDoiTuong":"HE03","tenCay":"keo","chieuCao":0}},{"type":"Feature","id":307,"geometry":{"type":"Point","coordinates":[106.34328943198136,10.773728706508289]},"properties":{"OBJECTID":307,"maNhanDang":"","phienBan":0,"ngayPhienBan":1787756708000,"giaTriDoChinhXacMatPhang":0,"nguyenNhanThayDoi":null,"maDoiTuong":"HE03","tenCay":"keo","chieuCao":0}},{"type":"Feature","id":308,"geometry":{"type":"Point","coordinates":[106.34371163834702,10.773604988593611]},"properties":{"OBJECTID":308,"maNhanDang":"","phienBan":0,"ngayPhienBan":1787756708000,"giaTriDoChinhXacMatPhang":0,"nguyenNhanThayDoi":null,"maDoiTuong":"HE03","tenCay":"keo","chieuCao":0}},{"type":"Feature","id":309,"geometry":{"type":"Point","coordinates":[106.34370306218534,10.77336265067267]},"properties":{"OBJECTID":309,"maNhanDang":"","phienBan":0,"ngayPhienBan":1787756708000,"giaTriDoChinhXacMatPhang":0,"nguyenNhanThayDoi":null,"maDoiTuong":"HE03","tenCay":"keo","chieuCao":0}},{"type":"Feature","id":310,"geometry":{"type":"Point","coordinates":[106.34345644947039,10.773458781972769]},"properties":{"OBJECTID":310,"maNhanDang":"","phienBan":0,"ngayPhienBan":1787756708000,"giaTriDoChinhXacMatPhang":0,"nguyenNhanThayDoi":null,"maDoiTuong":"HE03","tenCay":"keo","chieuCao":0}},{"type":"Feature","id":311,"geometry":{"type":"Point","coordinates":[106.34387865447276,10.773335064757939]},"properties":{"OBJECTID":311,"maNhanDang":"","phienBan":0,"ngayPhienBan":1787756708000,"giaTriDoChinhXacMatPhang":0,"nguyenNhanThayDoi":null,"maDoiTuong":"HE03","tenCay":"keo","chieuCao":0}},{"type":"Feature","id":312,"geometry":{"type":"Point","coordinates":[106.34387007819717,10.773092726844165]},"properties":{"OBJECTID":312,"maNhanDang":"","phienBan":0,"ngayPhienBan":1787756708000,"giaTriDoChinhXacMatPhang":0,"nguyenNhanThayDoi":null,"maDoiTuong":"HE03","tenCay":"keo","chieuCao":0}},{"type":"Feature","id":313,"geometry":{"type":"Point","coordinates":[106.34362346575745,10.773188858264287]},"properties":{"OBJECTID":313,"maNhanDang":"","phienBan":0,"ngayPhienBan":1787756708000,"giaTriDoChinhXacMatPhang":0,"nguyenNhanThayDoi":null,"maDoiTuong":"HE03","tenCay":"keo","chieuCao":0}},{"type":"Feature","id":314,"geometry":{"type":"Point","coordinates":[106.34404567122353,10.77306514084172]},"properties":{"OBJECTID":314,"maNhanDang":"","phienBan":0,"ngayPhienBan":1787756708000,"giaTriDoChinhXacMatPhang":0,"nguyenNhanThayDoi":null,"maDoiTuong":"HE03","tenCay":"keo","chieuCao":0}},{"type":"Feature","id":315,"geometry":{"type":"Point","coordinates":[106.34403709483223,10.772822802031]},"properties":{"OBJECTID":315,"maNhanDang":"","phienBan":0,"ngayPhienBan":1787756708000,"giaTriDoChinhXacMatPhang":0,"nguyenNhanThayDoi":null,"maDoiTuong":"HE03","tenCay":"keo","chieuCao":0}},{"type":"Feature","id":316,"geometry":{"type":"Point","coordinates":[106.34379048266953,10.772918934475248]},"properties":{"OBJECTID":316,"maNhanDang":"","phienBan":0,"ngayPhienBan":1787756708000,"giaTriDoChinhXacMatPhang":0,"nguyenNhanThayDoi":null,"maDoiTuong":"HE03","tenCay":"keo","chieuCao":0}},{"type":"Feature","id":317,"geometry":{"type":"Point","coordinates":[106.34308422542711,10.775426634840308]},"properties":{"OBJECTID":317,"maNhanDang":"","phienBan":0,"ngayPhienBan":1787756708000,"giaTriDoChinhXacMatPhang":0,"nguyenNhanThayDoi":null,"maDoiTuong":"HE03","tenCay":"keo","chieuCao":0}},{"type":"Feature","id":318,"geometry":{"type":"Point","coordinates":[106.3430640763973,10.775184319054736]},"properties":{"OBJECTID":318,"maNhanDang":"","phienBan":0,"ngayPhienBan":1787756708000,"giaTriDoChinhXacMatPhang":0,"nguyenNhanThayDoi":null,"maDoiTuong":"HE03","tenCay":"keo","chieuCao":0}},{"type":"Feature","id":319,"geometry":{"type":"Point","coordinates":[106.34288915802736,10.775190081057243]},"properties":{"OBJECTID":319,"maNhanDang":"","phienBan":0,"ngayPhienBan":1787756708000,"giaTriDoChinhXacMatPhang":0,"nguyenNhanThayDoi":null,"maDoiTuong":"HE03","tenCay":"keo","chieuCao":0}},{"type":"Feature","id":320,"geometry":{"type":"Point","coordinates":[106.34325155338546,10.775156897845138]},"properties":{"OBJECTID":320,"maNhanDang":"","phienBan":0,"ngayPhienBan":1787756708000,"giaTriDoChinhXacMatPhang":0,"nguyenNhanThayDoi":null,"maDoiTuong":"HE03","tenCay":"keo","chieuCao":0}},{"type":"Feature","id":321,"geometry":{"type":"Point","coordinates":[106.34323140333768,10.774914582074189]},"properties":{"OBJECTID":321,"maNhanDang":"","phienBan":0,"ngayPhienBan":1787756708000,"giaTriDoChinhXacMatPhang":0,"nguyenNhanThayDoi":null,"maDoiTuong":"HE03","tenCay":"keo","chieuCao":0}},{"type":"Feature","id":322,"geometry":{"type":"Point","coordinates":[106.34305648513151,10.774920344162782]},"properties":{"OBJECTID":322,"maNhanDang":"","phienBan":0,"ngayPhienBan":1787756708000,"giaTriDoChinhXacMatPhang":0,"nguyenNhanThayDoi":null,"maDoiTuong":"HE03","tenCay":"keo","chieuCao":0}},{"type":"Feature","id":323,"geometry":{"type":"Point","coordinates":[106.34341888014136,10.774887161676675]},"properties":{"OBJECTID":323,"maNhanDang":"","phienBan":0,"ngayPhienBan":1787756708000,"giaTriDoChinhXacMatPhang":0,"nguyenNhanThayDoi":null,"maDoiTuong":"HE03","tenCay":"keo","chieuCao":0}},{"type":"Feature","id":324,"geometry":{"type":"Point","coordinates":[106.34339873090441,10.774644845916859]},"properties":{"OBJECTID":324,"maNhanDang":"","phienBan":0,"ngayPhienBan":1787756708000,"giaTriDoChinhXacMatPhang":0,"nguyenNhanThayDoi":null,"maDoiTuong":"HE03","tenCay":"keo","chieuCao":0}},{"type":"Feature","id":325,"geometry":{"type":"Point","coordinates":[106.34322381286024,10.774650607187438]},"properties":{"OBJECTID":325,"maNhanDang":"","phienBan":0,"ngayPhienBan":1787756708000,"giaTriDoChinhXacMatPhang":0,"nguyenNhanThayDoi":null,"maDoiTuong":"HE03","tenCay":"keo","chieuCao":0}},{"type":"Feature","id":326,"geometry":{"type":"Point","coordinates":[106.34358620660571,10.774617424524974]},"properties":{"OBJECTID":326,"maNhanDang":"","phienBan":0,"ngayPhienBan":1787756708000,"giaTriDoChinhXacMatPhang":0,"nguyenNhanThayDoi":null,"maDoiTuong":"HE03","tenCay":"keo","chieuCao":0}},{"type":"Feature","id":327,"geometry":{"type":"Point","coordinates":[106.34356605726522,10.774375108778038]},"properties":{"OBJECTID":327,"maNhanDang":"","phienBan":0,"ngayPhienBan":1787756708000,"giaTriDoChinhXacMatPhang":0,"nguyenNhanThayDoi":null,"maDoiTuong":"HE03","tenCay":"keo","chieuCao":0}},{"type":"Feature","id":328,"geometry":{"type":"Point","coordinates":[106.34339114030098,10.774380871037055]},"properties":{"OBJECTID":328,"maNhanDang":"","phienBan":0,"ngayPhienBan":1787756708000,"giaTriDoChinhXacMatPhang":0,"nguyenNhanThayDoi":null,"maDoiTuong":"HE03","tenCay":"keo","chieuCao":0}},{"type":"Feature","id":329,"geometry":{"type":"Point","coordinates":[106.34375353369643,10.774347688196496]},"properties":{"OBJECTID":329,"maNhanDang":"","phienBan":0,"ngayPhienBan":1787756708000,"giaTriDoChinhXacMatPhang":0,"nguyenNhanThayDoi":null,"maDoiTuong":"HE03","tenCay":"keo","chieuCao":0}},{"type":"Feature","id":330,"geometry":{"type":"Point","coordinates":[106.34373338333801,10.774105372464195]},"properties":{"OBJECTID":330,"maNhanDang":"","phienBan":0,"ngayPhienBan":1787756708000,"giaTriDoChinhXacMatPhang":0,"nguyenNhanThayDoi":null,"maDoiTuong":"HE03","tenCay":"keo","chieuCao":0}},{"type":"Feature","id":331,"geometry":{"type":"Point","coordinates":[106.34355846653575,10.774111133905198]},"properties":{"OBJECTID":331,"maNhanDang":"","phienBan":0,"ngayPhienBan":1787756708000,"giaTriDoChinhXacMatPhang":0,"nguyenNhanThayDoi":null,"maDoiTuong":"HE03","tenCay":"keo","chieuCao":0}},{"type":"Feature","id":332,"geometry":{"type":"Point","coordinates":[106.34392085958123,10.774077950886561]},"properties":{"OBJECTID":332,"maNhanDang":"","phienBan":0,"ngayPhienBan":1787756708000,"giaTriDoChinhXacMatPhang":0,"nguyenNhanThayDoi":null,"maDoiTuong":"HE03","tenCay":"keo","chieuCao":0}},{"type":"Feature","id":333,"geometry":{"type":"Point","coordinates":[106.34390071003364,10.773835635165387]},"properties":{"OBJECTID":333,"maNhanDang":"","phienBan":0,"ngayPhienBan":1787756708000,"giaTriDoChinhXacMatPhang":0,"nguyenNhanThayDoi":null,"maDoiTuong":"HE03","tenCay":"keo","chieuCao":0}},{"type":"Feature","id":334,"geometry":{"type":"Point","coordinates":[106.34372579248077,10.77384139669422]},"properties":{"OBJECTID":334,"maNhanDang":"","phienBan":0,"ngayPhienBan":1787756708000,"giaTriDoChinhXacMatPhang":0,"nguyenNhanThayDoi":null,"maDoiTuong":"HE03","tenCay":"keo","chieuCao":0}},{"type":"Feature","id":335,"geometry":{"type":"Point","coordinates":[106.34408818517804,10.773808214401601]},"properties":{"OBJECTID":335,"maNhanDang":"","phienBan":0,"ngayPhienBan":1787756708000,"giaTriDoChinhXacMatPhang":0,"nguyenNhanThayDoi":null,"maDoiTuong":"HE03","tenCay":"keo","chieuCao":0}},{"type":"Feature","id":336,"geometry":{"type":"Point","coordinates":[106.34406803643951,10.773565897787442]},"properties":{"OBJECTID":336,"maNhanDang":"","phienBan":0,"ngayPhienBan":1787756708000,"giaTriDoChinhXacMatPhang":0,"nguyenNhanThayDoi":null,"maDoiTuong":"HE03","tenCay":"keo","chieuCao":0}},{"type":"Feature","id":337,"geometry":{"type":"Point","coordinates":[106.34389311905217,10.77357166030647]},"properties":{"OBJECTID":337,"maNhanDang":"","phienBan":0,"ngayPhienBan":1787756708000,"giaTriDoChinhXacMatPhang":0,"nguyenNhanThayDoi":null,"maDoiTuong":"HE03","tenCay":"keo","chieuCao":0}},{"type":"Feature","id":338,"geometry":{"type":"Point","coordinates":[106.34424157101618,10.7735544040316]},"properties":{"OBJECTID":338,"maNhanDang":"","phienBan":0,"ngayPhienBan":1787756708000,"giaTriDoChinhXacMatPhang":0,"nguyenNhanThayDoi":null,"maDoiTuong":"HE03","tenCay":"keo","chieuCao":0}},{"type":"Feature","id":339,"geometry":{"type":"Point","coordinates":[106.34423536164304,10.773296161236265]},"properties":{"OBJECTID":339,"maNhanDang":"","phienBan":0,"ngayPhienBan":1787756708000,"giaTriDoChinhXacMatPhang":0,"nguyenNhanThayDoi":null,"maDoiTuong":"HE03","tenCay":"keo","chieuCao":0}},{"type":"Feature","id":340,"geometry":{"type":"Point","coordinates":[106.34406044441768,10.773301922937259]},"properties":{"OBJECTID":340,"maNhanDang":"","phienBan":0,"ngayPhienBan":1787756708000,"giaTriDoChinhXacMatPhang":0,"nguyenNhanThayDoi":null,"maDoiTuong":"HE03","tenCay":"keo","chieuCao":0}},{"type":"Feature","id":341,"geometry":{"type":"Point","coordinates":[106.34442283732758,10.773268739382678]},"properties":{"OBJECTID":341,"maNhanDang":"","phienBan":0,"ngayPhienBan":1787756708000,"giaTriDoChinhXacMatPhang":0,"nguyenNhanThayDoi":null,"maDoiTuong":"HE03","tenCay":"keo","chieuCao":0}},{"type":"Feature","id":342,"geometry":{"type":"Point","coordinates":[106.34440268655507,10.773026423701895]},"properties":{"OBJECTID":342,"maNhanDang":"","phienBan":0,"ngayPhienBan":1787756708000,"giaTriDoChinhXacMatPhang":0,"nguyenNhanThayDoi":null,"maDoiTuong":"HE03","tenCay":"keo","chieuCao":0}},{"type":"Feature","id":343,"geometry":{"type":"Point","coordinates":[106.34423663399916,10.773003577297219]},"properties":{"OBJECTID":343,"maNhanDang":"","phienBan":0,"ngayPhienBan":1787756708000,"giaTriDoChinhXacMatPhang":0,"nguyenNhanThayDoi":null,"maDoiTuong":"HE03","tenCay":"keo","chieuCao":0}},{"type":"Feature","id":344,"geometry":{"type":"Point","coordinates":[106.34459016205518,10.772999002660402]},"properties":{"OBJECTID":344,"maNhanDang":"","phienBan":0,"ngayPhienBan":1787756708000,"giaTriDoChinhXacMatPhang":0,"nguyenNhanThayDoi":null,"maDoiTuong":"HE03","tenCay":"keo","chieuCao":0}},{"type":"Feature","id":345,"geometry":{"type":"Point","coordinates":[106.34353777027474,10.775482767155538]},"properties":{"OBJECTID":345,"maNhanDang":"","phienBan":0,"ngayPhienBan":1787756708000,"giaTriDoChinhXacMatPhang":0,"nguyenNhanThayDoi":null,"maDoiTuong":"HE03","tenCay":"keo","chieuCao":0}},{"type":"Feature","id":346,"geometry":{"type":"Point","coordinates":[106.34338267064682,10.775473919232384]},"properties":{"OBJECTID":346,"maNhanDang":"","phienBan":0,"ngayPhienBan":1787756708000,"giaTriDoChinhXacMatPhang":0,"nguyenNhanThayDoi":null,"maDoiTuong":"HE03","tenCay":"keo","chieuCao":0}},{"type":"Feature","id":347,"geometry":{"type":"Point","coordinates":[106.34329189808666,10.775329928267434]},"properties":{"OBJECTID":347,"maNhanDang":"","phienBan":0,"ngayPhienBan":1787756708000,"giaTriDoChinhXacMatPhang":0,"nguyenNhanThayDoi":null,"maDoiTuong":"HE03","tenCay":"keo","chieuCao":0}},{"type":"Feature","id":348,"geometry":{"type":"Point","coordinates":[106.34370446434588,10.775212647812371]},"properties":{"OBJECTID":348,"maNhanDang":"","phienBan":0,"ngayPhienBan":1787756708000,"giaTriDoChinhXacMatPhang":0,"nguyenNhanThayDoi":null,"maDoiTuong":"HE03","tenCay":"keo","chieuCao":0}},{"type":"Feature","id":349,"geometry":{"type":"Point","coordinates":[106.34354936485455,10.775203799061307]},"properties":{"OBJECTID":349,"maNhanDang":"","phienBan":0,"ngayPhienBan":1787756708000,"giaTriDoChinhXacMatPhang":0,"nguyenNhanThayDoi":null,"maDoiTuong":"HE03","tenCay":"keo","chieuCao":0}},{"type":"Feature","id":350,"geometry":{"type":"Point","coordinates":[106.34345859230751,10.775059809046713]},"properties":{"OBJECTID":350,"maNhanDang":"","phienBan":0,"ngayPhienBan":1787756708000,"giaTriDoChinhXacMatPhang":0,"nguyenNhanThayDoi":null,"maDoiTuong":"HE03","tenCay":"keo","chieuCao":0}},{"type":"Feature","id":351,"geometry":{"type":"Point","coordinates":[106.34387115812798,10.774942528390739]},"properties":{"OBJECTID":351,"maNhanDang":"","phienBan":0,"ngayPhienBan":1787756708000,"giaTriDoChinhXacMatPhang":0,"nguyenNhanThayDoi":null,"maDoiTuong":"HE03","tenCay":"keo","chieuCao":0}},{"type":"Feature","id":352,"geometry":{"type":"Point","coordinates":[106.34371605877504,10.77493367971582]},"properties":{"OBJECTID":352,"maNhanDang":"","phienBan":0,"ngayPhienBan":1787756708000,"giaTriDoChinhXacMatPhang":0,"nguyenNhanThayDoi":null,"maDoiTuong":"HE03","tenCay":"keo","chieuCao":0}},{"type":"Feature","id":353,"geometry":{"type":"Point","coordinates":[106.3436252862376,10.774789688843407]},"properties":{"OBJECTID":353,"maNhanDang":"","phienBan":0,"ngayPhienBan":1787756708000,"giaTriDoChinhXacMatPhang":0,"nguyenNhanThayDoi":null,"maDoiTuong":"HE03","tenCay":"keo","chieuCao":0}},{"type":"Feature","id":354,"geometry":{"type":"Point","coordinates":[106.34403785162108,10.774672408890577]},"properties":{"OBJECTID":354,"maNhanDang":"","phienBan":0,"ngayPhienBan":1787756708000,"giaTriDoChinhXacMatPhang":0,"nguyenNhanThayDoi":null,"maDoiTuong":"HE03","tenCay":"keo","chieuCao":0}},{"type":"Feature","id":355,"geometry":{"type":"Point","coordinates":[106.34388275240653,10.774663560291849]},"properties":{"OBJECTID":355,"maNhanDang":"","phienBan":0,"ngayPhienBan":1787756708000,"giaTriDoChinhXacMatPhang":0,"nguyenNhanThayDoi":null,"maDoiTuong":"HE03","tenCay":"keo","chieuCao":0}},{"type":"Feature","id":356,"geometry":{"type":"Point","coordinates":[106.34379197988042,10.774519569465681]},"properties":{"OBJECTID":356,"maNhanDang":"","phienBan":0,"ngayPhienBan":1787756708000,"giaTriDoChinhXacMatPhang":0,"nguyenNhanThayDoi":null,"maDoiTuong":"HE03","tenCay":"keo","chieuCao":0}},{"type":"Feature","id":357,"geometry":{"type":"Point","coordinates":[106.34420454573777,10.774402288406096]},"properties":{"OBJECTID":357,"maNhanDang":"","phienBan":0,"ngayPhienBan":1787756708000,"giaTriDoChinhXacMatPhang":0,"nguyenNhanThayDoi":null,"maDoiTuong":"HE03","tenCay":"keo","chieuCao":0}},{"type":"Feature","id":358,"geometry":{"type":"Point","coordinates":[106.34404944574725,10.774393439885284]},"properties":{"OBJECTID":358,"maNhanDang":"","phienBan":0,"ngayPhienBan":1787756708000,"giaTriDoChinhXacMatPhang":0,"nguyenNhanThayDoi":null,"maDoiTuong":"HE03","tenCay":"keo","chieuCao":0}},{"type":"Feature","id":359,"geometry":{"type":"Point","coordinates":[106.34395867323427,10.774249450009471]},"properties":{"OBJECTID":359,"maNhanDang":"","phienBan":0,"ngayPhienBan":1787756708000,"giaTriDoChinhXacMatPhang":0,"nguyenNhanThayDoi":null,"maDoiTuong":"HE03","tenCay":"keo","chieuCao":0}},{"type":"Feature","id":360,"geometry":{"type":"Point","coordinates":[106.34437123865288,10.77413216874899]},"properties":{"OBJECTID":360,"maNhanDang":"","phienBan":0,"ngayPhienBan":1787756708000,"giaTriDoChinhXacMatPhang":0,"nguyenNhanThayDoi":null,"maDoiTuong":"HE03","tenCay":"keo","chieuCao":0}},{"type":"Feature","id":361,"geometry":{"type":"Point","coordinates":[106.34421613880073,10.774123320304351]},"properties":{"OBJECTID":361,"maNhanDang":"","phienBan":0,"ngayPhienBan":1787756708000,"giaTriDoChinhXacMatPhang":0,"nguyenNhanThayDoi":null,"maDoiTuong":"HE03","tenCay":"keo","chieuCao":0}},{"type":"Feature","id":362,"geometry":{"type":"Point","coordinates":[106.34412536721349,10.773979330473031]},"properties":{"OBJECTID":362,"maNhanDang":"","phienBan":0,"ngayPhienBan":1787756708000,"giaTriDoChinhXacMatPhang":0,"nguyenNhanThayDoi":null,"maDoiTuong":"HE03","tenCay":"keo","chieuCao":0}},{"type":"Feature","id":363,"geometry":{"type":"Point","coordinates":[106.34453793127901,10.773862049013397]},"properties":{"OBJECTID":363,"maNhanDang":"","phienBan":0,"ngayPhienBan":1787756708000,"giaTriDoChinhXacMatPhang":0,"nguyenNhanThayDoi":null,"maDoiTuong":"HE03","tenCay":"keo","chieuCao":0}},{"type":"Feature","id":364,"geometry":{"type":"Point","coordinates":[106.34438283247961,10.773853200643178]},"properties":{"OBJECTID":364,"maNhanDang":"","phienBan":0,"ngayPhienBan":1787756708000,"giaTriDoChinhXacMatPhang":0,"nguyenNhanThayDoi":null,"maDoiTuong":"HE03","tenCay":"keo","chieuCao":0}},{"type":"Feature","id":365,"geometry":{"type":"Point","coordinates":[106.34429205998759,10.773709209955753]},"properties":{"OBJECTID":365,"maNhanDang":"","phienBan":0,"ngayPhienBan":1787756708000,"giaTriDoChinhXacMatPhang":0,"nguyenNhanThayDoi":null,"maDoiTuong":"HE03","tenCay":"keo","chieuCao":0}},{"type":"Feature","id":366,"geometry":{"type":"Point","coordinates":[106.34470462452877,10.773591928293511]},"properties":{"OBJECTID":366,"maNhanDang":"","phienBan":0,"ngayPhienBan":1787756708000,"giaTriDoChinhXacMatPhang":0,"nguyenNhanThayDoi":null,"maDoiTuong":"HE03","tenCay":"keo","chieuCao":0}},{"type":"Feature","id":367,"geometry":{"type":"Point","coordinates":[106.34454952495517,10.773583080905285]},"properties":{"OBJECTID":367,"maNhanDang":"","phienBan":0,"ngayPhienBan":1787756708000,"giaTriDoChinhXacMatPhang":0,"nguyenNhanThayDoi":null,"maDoiTuong":"HE03","tenCay":"keo","chieuCao":0}},{"type":"Feature","id":368,"geometry":{"type":"Point","coordinates":[106.34445875338888,10.77343909026237]},"properties":{"OBJECTID":368,"maNhanDang":"","phienBan":0,"ngayPhienBan":1787756708000,"giaTriDoChinhXacMatPhang":0,"nguyenNhanThayDoi":null,"maDoiTuong":"HE03","tenCay":"keo","chieuCao":0}},{"type":"Feature","id":369,"geometry":{"type":"Point","coordinates":[106.34487131657698,10.773321808401032]},"properties":{"OBJECTID":369,"maNhanDang":"","phienBan":0,"ngayPhienBan":1787756708000,"giaTriDoChinhXacMatPhang":0,"nguyenNhanThayDoi":null,"maDoiTuong":"HE03","tenCay":"keo","chieuCao":0}},{"type":"Feature","id":370,"geometry":{"type":"Point","coordinates":[106.34471621805432,10.773312960183095]},"properties":{"OBJECTID":370,"maNhanDang":"","phienBan":0,"ngayPhienBan":1787756708000,"giaTriDoChinhXacMatPhang":0,"nguyenNhanThayDoi":null,"maDoiTuong":"HE03","tenCay":"keo","chieuCao":0}},{"type":"Feature","id":371,"geometry":{"type":"Point","coordinates":[106.34462544558683,10.773168970492291]},"properties":{"OBJECTID":371,"maNhanDang":"","phienBan":0,"ngayPhienBan":1787756708000,"giaTriDoChinhXacMatPhang":0,"nguyenNhanThayDoi":null,"maDoiTuong":"HE03","tenCay":"keo","chieuCao":0}},{"type":"Feature","id":372,"geometry":{"type":"Point","coordinates":[106.3448671506851,10.773060033929745]},"properties":{"OBJECTID":372,"maNhanDang":"","phienBan":0,"ngayPhienBan":1787756708000,"giaTriDoChinhXacMatPhang":0,"nguyenNhanThayDoi":null,"maDoiTuong":"HE03","tenCay":"keo","chieuCao":0}},{"type":"Feature","id":373,"geometry":{"type":"Point","coordinates":[106.34389370978795,10.775715630890781]},"properties":{"OBJECTID":373,"maNhanDang":"","phienBan":0,"ngayPhienBan":1787756708000,"giaTriDoChinhXacMatPhang":0,"nguyenNhanThayDoi":null,"maDoiTuong":"HE03","tenCay":"keo","chieuCao":0}},{"type":"Feature","id":374,"geometry":{"type":"Point","coordinates":[106.34386314800079,10.775475621615236]},"properties":{"OBJECTID":374,"maNhanDang":"","phienBan":0,"ngayPhienBan":1787756708000,"giaTriDoChinhXacMatPhang":0,"nguyenNhanThayDoi":null,"maDoiTuong":"HE03","tenCay":"keo","chieuCao":0}},{"type":"Feature","id":375,"geometry":{"type":"Point","coordinates":[106.34360519695447,10.775636966630184]},"properties":{"OBJECTID":375,"maNhanDang":"","phienBan":0,"ngayPhienBan":1787756708000,"giaTriDoChinhXacMatPhang":0,"nguyenNhanThayDoi":null,"maDoiTuong":"HE03","tenCay":"keo","chieuCao":0}},{"type":"Feature","id":376,"geometry":{"type":"Point","coordinates":[106.34406040181759,10.77544551046965]},"properties":{"OBJECTID":376,"maNhanDang":"","phienBan":0,"ngayPhienBan":1787756708000,"giaTriDoChinhXacMatPhang":0,"nguyenNhanThayDoi":null,"maDoiTuong":"HE03","tenCay":"keo","chieuCao":0}},{"type":"Feature","id":377,"geometry":{"type":"Point","coordinates":[106.34402984085257,10.775205501210239]},"properties":{"OBJECTID":377,"maNhanDang":"","phienBan":0,"ngayPhienBan":1787756708000,"giaTriDoChinhXacMatPhang":0,"nguyenNhanThayDoi":null,"maDoiTuong":"HE03","tenCay":"keo","chieuCao":0}},{"type":"Feature","id":378,"geometry":{"type":"Point","coordinates":[106.34377189012648,10.775366847253846]},"properties":{"OBJECTID":378,"maNhanDang":"","phienBan":0,"ngayPhienBan":1787756708000,"giaTriDoChinhXacMatPhang":0,"nguyenNhanThayDoi":null,"maDoiTuong":"HE03","tenCay":"keo","chieuCao":0}},{"type":"Feature","id":379,"geometry":{"type":"Point","coordinates":[106.34422709538696,10.77517538996651]},"properties":{"OBJECTID":379,"maNhanDang":"","phienBan":0,"ngayPhienBan":1787756708000,"giaTriDoChinhXacMatPhang":0,"nguyenNhanThayDoi":null,"maDoiTuong":"HE03","tenCay":"keo","chieuCao":0}},{"type":"Feature","id":380,"geometry":{"type":"Point","coordinates":[106.34419653432967,10.774935380725005]},"properties":{"OBJECTID":380,"maNhanDang":"","phienBan":0,"ngayPhienBan":1787756708000,"giaTriDoChinhXacMatPhang":0,"nguyenNhanThayDoi":null,"maDoiTuong":"HE03","tenCay":"keo","chieuCao":0}},{"type":"Feature","id":381,"geometry":{"type":"Point","coordinates":[106.34393858300771,10.775096726894905]},"properties":{"OBJECTID":381,"maNhanDang":"","phienBan":0,"ngayPhienBan":1787756708000,"giaTriDoChinhXacMatPhang":0,"nguyenNhanThayDoi":null,"maDoiTuong":"HE03","tenCay":"keo","chieuCao":0}},{"type":"Feature","id":382,"geometry":{"type":"Point","coordinates":[106.34439378775471,10.774905270290747]},"properties":{"OBJECTID":382,"maNhanDang":"","phienBan":0,"ngayPhienBan":1787756708000,"giaTriDoChinhXacMatPhang":0,"nguyenNhanThayDoi":null,"maDoiTuong":"HE03","tenCay":"keo","chieuCao":0}},{"type":"Feature","id":383,"geometry":{"type":"Point","coordinates":[106.34436322660341,10.774665260163038]},"properties":{"OBJECTID":383,"maNhanDang":"","phienBan":0,"ngayPhienBan":1787756708000,"giaTriDoChinhXacMatPhang":0,"nguyenNhanThayDoi":null,"maDoiTuong":"HE03","tenCay":"keo","chieuCao":0}},{"type":"Feature","id":384,"geometry":{"type":"Point","coordinates":[106.34410527651428,10.774826606455733]},"properties":{"OBJECTID":384,"maNhanDang":"","phienBan":0,"ngayPhienBan":1787756708000,"giaTriDoChinhXacMatPhang":0,"nguyenNhanThayDoi":null,"maDoiTuong":"HE03","tenCay":"keo","chieuCao":0}},{"type":"Feature","id":385,"geometry":{"type":"Point","coordinates":[106.34456047983169,10.774635149632408]},"properties":{"OBJECTID":385,"maNhanDang":"","phienBan":0,"ngayPhienBan":1787756708000,"giaTriDoChinhXacMatPhang":0,"nguyenNhanThayDoi":null,"maDoiTuong":"HE03","tenCay":"keo","chieuCao":0}},{"type":"Feature","id":386,"geometry":{"type":"Point","coordinates":[106.34452991858993,10.774395140426678]},"properties":{"OBJECTID":386,"maNhanDang":"","phienBan":0,"ngayPhienBan":1787756708000,"giaTriDoChinhXacMatPhang":0,"nguyenNhanThayDoi":null,"maDoiTuong":"HE03","tenCay":"keo","chieuCao":0}},{"type":"Feature","id":387,"geometry":{"type":"Point","coordinates":[106.34427196790313,10.774556485941577]},"properties":{"OBJECTID":387,"maNhanDang":"","phienBan":0,"ngayPhienBan":1787756708000,"giaTriDoChinhXacMatPhang":0,"nguyenNhanThayDoi":null,"maDoiTuong":"HE03","tenCay":"keo","chieuCao":0}},{"type":"Feature","id":388,"geometry":{"type":"Point","coordinates":[106.34472717253405,10.774365028893859]},"properties":{"OBJECTID":388,"maNhanDang":"","phienBan":0,"ngayPhienBan":1787756708000,"giaTriDoChinhXacMatPhang":0,"nguyenNhanThayDoi":null,"maDoiTuong":"HE03","tenCay":"keo","chieuCao":0}},{"type":"Feature","id":389,"geometry":{"type":"Point","coordinates":[106.34469661119827,10.774125018801922]},"properties":{"OBJECTID":389,"maNhanDang":"","phienBan":0,"ngayPhienBan":1787756708000,"giaTriDoChinhXacMatPhang":0,"nguyenNhanThayDoi":null,"maDoiTuong":"HE03","tenCay":"keo","chieuCao":0}},{"type":"Feature","id":390,"geometry":{"type":"Point","coordinates":[106.34443866083171,10.774286365345468]},"properties":{"OBJECTID":390,"maNhanDang":"","phienBan":0,"ngayPhienBan":1787756708000,"giaTriDoChinhXacMatPhang":0,"nguyenNhanThayDoi":null,"maDoiTuong":"HE03","tenCay":"keo","chieuCao":0}},{"type":"Feature","id":391,"geometry":{"type":"Point","coordinates":[106.34489386403308,10.774094908078592]},"properties":{"OBJECTID":391,"maNhanDang":"","phienBan":0,"ngayPhienBan":1787756708000,"giaTriDoChinhXacMatPhang":0,"nguyenNhanThayDoi":null,"maDoiTuong":"HE03","tenCay":"keo","chieuCao":0}},{"type":"Feature","id":392,"geometry":{"type":"Point","coordinates":[106.34486330169072,10.773854898006309]},"properties":{"OBJECTID":392,"maNhanDang":"","phienBan":0,"ngayPhienBan":1787756708000,"giaTriDoChinhXacMatPhang":0,"nguyenNhanThayDoi":null,"maDoiTuong":"HE03","tenCay":"keo","chieuCao":0}},{"type":"Feature","id":393,"geometry":{"type":"Point","coordinates":[106.34460535255695,10.774016244672625]},"properties":{"OBJECTID":393,"maNhanDang":"","phienBan":0,"ngayPhienBan":1787756708000,"giaTriDoChinhXacMatPhang":0,"nguyenNhanThayDoi":null,"maDoiTuong":"HE03","tenCay":"keo","chieuCao":0}},{"type":"Feature","id":394,"geometry":{"type":"Point","coordinates":[106.34506055524312,10.773824787184877]},"properties":{"OBJECTID":394,"maNhanDang":"","phienBan":0,"ngayPhienBan":1787756708000,"giaTriDoChinhXacMatPhang":0,"nguyenNhanThayDoi":null,"maDoiTuong":"HE03","tenCay":"keo","chieuCao":0}},{"type":"Feature","id":395,"geometry":{"type":"Point","coordinates":[106.34501409051255,10.773616683439659]},"properties":{"OBJECTID":395,"maNhanDang":"","phienBan":0,"ngayPhienBan":1787756708000,"giaTriDoChinhXacMatPhang":0,"nguyenNhanThayDoi":null,"maDoiTuong":"HE03","tenCay":"keo","chieuCao":0}},{"type":"Feature","id":396,"geometry":{"type":"Point","coordinates":[106.34477204399323,10.773746123921306]},"properties":{"OBJECTID":396,"maNhanDang":"","phienBan":0,"ngayPhienBan":1787756708000,"giaTriDoChinhXacMatPhang":0,"nguyenNhanThayDoi":null,"maDoiTuong":"HE03","tenCay":"keo","chieuCao":0}},{"type":"Feature","id":397,"geometry":{"type":"Point","coordinates":[106.3452272470786,10.773554666210954]},"properties":{"OBJECTID":397,"maNhanDang":"","phienBan":0,"ngayPhienBan":1787756708000,"giaTriDoChinhXacMatPhang":0,"nguyenNhanThayDoi":null,"maDoiTuong":"HE03","tenCay":"keo","chieuCao":0}},{"type":"Feature","id":398,"geometry":{"type":"Point","coordinates":[106.34519668455354,10.773314657078547]},"properties":{"OBJECTID":398,"maNhanDang":"","phienBan":0,"ngayPhienBan":1787756708000,"giaTriDoChinhXacMatPhang":0,"nguyenNhanThayDoi":null,"maDoiTuong":"HE03","tenCay":"keo","chieuCao":0}},{"type":"Feature","id":399,"geometry":{"type":"Point","coordinates":[106.34493873605491,10.773476003089792]},"properties":{"OBJECTID":399,"maNhanDang":"","phienBan":0,"ngayPhienBan":1787756708000,"giaTriDoChinhXacMatPhang":0,"nguyenNhanThayDoi":null,"maDoiTuong":"HE03","tenCay":"keo","chieuCao":0}},{"type":"Feature","id":400,"geometry":{"type":"Point","coordinates":[106.34510542691325,10.773205882181577]},"properties":{"OBJECTID":400,"maNhanDang":"","phienBan":0,"ngayPhienBan":1787756708000,"giaTriDoChinhXacMatPhang":0,"nguyenNhanThayDoi":null,"maDoiTuong":"HE03","tenCay":"keo","chieuCao":0}},{"type":"Feature","id":401,"geometry":{"type":"Point","coordinates":[106.34427670702622,10.775889645193507]},"properties":{"OBJECTID":401,"maNhanDang":"","phienBan":0,"ngayPhienBan":1787756708000,"giaTriDoChinhXacMatPhang":0,"nguyenNhanThayDoi":null,"maDoiTuong":"HE03","tenCay":"keo","chieuCao":0}},{"type":"Feature","id":402,"geometry":{"type":"Point","coordinates":[106.34408296241428,10.775943107131692]},"properties":{"OBJECTID":402,"maNhanDang":"","phienBan":0,"ngayPhienBan":1787756708000,"giaTriDoChinhXacMatPhang":0,"nguyenNhanThayDoi":null,"maDoiTuong":"HE03","tenCay":"keo","chieuCao":0}},{"type":"Feature","id":403,"geometry":{"type":"Point","coordinates":[106.34408818590111,10.775656159038665]},"properties":{"OBJECTID":403,"maNhanDang":"","phienBan":0,"ngayPhienBan":1787756708000,"giaTriDoChinhXacMatPhang":0,"nguyenNhanThayDoi":null,"maDoiTuong":"HE03","tenCay":"keo","chieuCao":0}},{"type":"Feature","id":404,"geometry":{"type":"Point","coordinates":[106.3444434839267,10.775619575048596]},"properties":{"OBJECTID":404,"maNhanDang":"","phienBan":0,"ngayPhienBan":1787756708000,"giaTriDoChinhXacMatPhang":0,"nguyenNhanThayDoi":null,"maDoiTuong":"HE03","tenCay":"keo","chieuCao":0}},{"type":"Feature","id":405,"geometry":{"type":"Point","coordinates":[106.3442497386056,10.775673037082957]},"properties":{"OBJECTID":405,"maNhanDang":"","phienBan":0,"ngayPhienBan":1787756708000,"giaTriDoChinhXacMatPhang":0,"nguyenNhanThayDoi":null,"maDoiTuong":"HE03","tenCay":"keo","chieuCao":0}},{"type":"Feature","id":406,"geometry":{"type":"Point","coordinates":[106.34425496285621,10.775386088085012]},"properties":{"OBJECTID":406,"maNhanDang":"","phienBan":0,"ngayPhienBan":1787756708000,"giaTriDoChinhXacMatPhang":0,"nguyenNhanThayDoi":null,"maDoiTuong":"HE03","tenCay":"keo","chieuCao":0}},{"type":"Feature","id":407,"geometry":{"type":"Point","coordinates":[106.34461025962371,10.775349504826872]},"properties":{"OBJECTID":407,"maNhanDang":"","phienBan":0,"ngayPhienBan":1787756708000,"giaTriDoChinhXacMatPhang":0,"nguyenNhanThayDoi":null,"maDoiTuong":"HE03","tenCay":"keo","chieuCao":0}},{"type":"Feature","id":408,"geometry":{"type":"Point","coordinates":[106.34441651542222,10.775402966953896]},"properties":{"OBJECTID":408,"maNhanDang":"","phienBan":0,"ngayPhienBan":1787756708000,"giaTriDoChinhXacMatPhang":0,"nguyenNhanThayDoi":null,"maDoiTuong":"HE03","tenCay":"keo","chieuCao":0}},{"type":"Feature","id":409,"geometry":{"type":"Point","coordinates":[106.34442173861139,10.775116018862716]},"properties":{"OBJECTID":409,"maNhanDang":"","phienBan":0,"ngayPhienBan":1787756708000,"giaTriDoChinhXacMatPhang":0,"nguyenNhanThayDoi":null,"maDoiTuong":"HE03","tenCay":"keo","chieuCao":0}},{"type":"Feature","id":410,"geometry":{"type":"Point","coordinates":[106.34477703503158,10.775079434526592]},"properties":{"OBJECTID":410,"maNhanDang":"","phienBan":0,"ngayPhienBan":1787756708000,"giaTriDoChinhXacMatPhang":0,"nguyenNhanThayDoi":null,"maDoiTuong":"HE03","tenCay":"keo","chieuCao":0}},{"type":"Feature","id":411,"geometry":{"type":"Point","coordinates":[106.34458329194969,10.775132896746298]},"properties":{"OBJECTID":411,"maNhanDang":"","phienBan":0,"ngayPhienBan":1787756708000,"giaTriDoChinhXacMatPhang":0,"nguyenNhanThayDoi":null,"maDoiTuong":"HE03","tenCay":"keo","chieuCao":0}},{"type":"Feature","id":412,"geometry":{"type":"Point","coordinates":[106.34458851499004,10.77484594865601]},"properties":{"OBJECTID":412,"maNhanDang":"","phienBan":0,"ngayPhienBan":1787756708000,"giaTriDoChinhXacMatPhang":0,"nguyenNhanThayDoi":null,"maDoiTuong":"HE03","tenCay":"keo","chieuCao":0}},{"type":"Feature","id":413,"geometry":{"type":"Point","coordinates":[106.34494381106471,10.774809364146012]},"properties":{"OBJECTID":413,"maNhanDang":"","phienBan":0,"ngayPhienBan":1787756708000,"giaTriDoChinhXacMatPhang":0,"nguyenNhanThayDoi":null,"maDoiTuong":"HE03","tenCay":"keo","chieuCao":0}},{"type":"Feature","id":414,"geometry":{"type":"Point","coordinates":[106.34475006727369,10.774862826461872]},"properties":{"OBJECTID":414,"maNhanDang":"","phienBan":0,"ngayPhienBan":1787756708000,"giaTriDoChinhXacMatPhang":0,"nguyenNhanThayDoi":null,"maDoiTuong":"HE03","tenCay":"keo","chieuCao":0}},{"type":"Feature","id":415,"geometry":{"type":"Point","coordinates":[106.34475529016345,10.774575877468413]},"properties":{"OBJECTID":415,"maNhanDang":"","phienBan":0,"ngayPhienBan":1787756708000,"giaTriDoChinhXacMatPhang":0,"nguyenNhanThayDoi":null,"maDoiTuong":"HE03","tenCay":"keo","chieuCao":0}},{"type":"Feature","id":416,"geometry":{"type":"Point","coordinates":[106.34511058680879,10.774539293686896]},"properties":{"OBJECTID":416,"maNhanDang":"","phienBan":0,"ngayPhienBan":1787756708000,"giaTriDoChinhXacMatPhang":0,"nguyenNhanThayDoi":null,"maDoiTuong":"HE03","tenCay":"keo","chieuCao":0}},{"type":"Feature","id":417,"geometry":{"type":"Point","coordinates":[106.34491684230859,10.77459275609891]},"properties":{"OBJECTID":417,"maNhanDang":"","phienBan":0,"ngayPhienBan":1787756708000,"giaTriDoChinhXacMatPhang":0,"nguyenNhanThayDoi":null,"maDoiTuong":"HE03","tenCay":"keo","chieuCao":0}},{"type":"Feature","id":418,"geometry":{"type":"Point","coordinates":[106.34492206596569,10.774305808008705]},"properties":{"OBJECTID":418,"maNhanDang":"","phienBan":0,"ngayPhienBan":1787756708000,"giaTriDoChinhXacMatPhang":0,"nguyenNhanThayDoi":null,"maDoiTuong":"HE03","tenCay":"keo","chieuCao":0}},{"type":"Feature","id":419,"geometry":{"type":"Point","coordinates":[106.34527736134939,10.774269223150981]},"properties":{"OBJECTID":419,"maNhanDang":"","phienBan":0,"ngayPhienBan":1787756708000,"giaTriDoChinhXacMatPhang":0,"nguyenNhanThayDoi":null,"maDoiTuong":"HE03","tenCay":"keo","chieuCao":0}},{"type":"Feature","id":420,"geometry":{"type":"Point","coordinates":[106.3450836179688,10.774322685655635]},"properties":{"OBJECTID":420,"maNhanDang":"","phienBan":0,"ngayPhienBan":1787756708000,"giaTriDoChinhXacMatPhang":0,"nguyenNhanThayDoi":null,"maDoiTuong":"HE03","tenCay":"keo","chieuCao":0}},{"type":"Feature","id":421,"geometry":{"type":"Point","coordinates":[106.34508884147708,10.774035737566379]},"properties":{"OBJECTID":421,"maNhanDang":"","phienBan":0,"ngayPhienBan":1787756708000,"giaTriDoChinhXacMatPhang":0,"nguyenNhanThayDoi":null,"maDoiTuong":"HE03","tenCay":"keo","chieuCao":0}},{"type":"Feature","id":422,"geometry":{"type":"Point","coordinates":[106.34544413560093,10.773999152536556]},"properties":{"OBJECTID":422,"maNhanDang":"","phienBan":0,"ngayPhienBan":1787756708000,"giaTriDoChinhXacMatPhang":0,"nguyenNhanThayDoi":null,"maDoiTuong":"HE03","tenCay":"keo","chieuCao":0}},{"type":"Feature","id":423,"geometry":{"type":"Point","coordinates":[106.34525039333991,10.774052615133842]},"properties":{"OBJECTID":423,"maNhanDang":"","phienBan":0,"ngayPhienBan":1787756708000,"giaTriDoChinhXacMatPhang":0,"nguyenNhanThayDoi":null,"maDoiTuong":"HE03","tenCay":"keo","chieuCao":0}},{"type":"Feature","id":424,"geometry":{"type":"Point","coordinates":[106.34525561578502,10.773765667047268]},"properties":{"OBJECTID":424,"maNhanDang":"","phienBan":0,"ngayPhienBan":1787756708000,"giaTriDoChinhXacMatPhang":0,"nguyenNhanThayDoi":null,"maDoiTuong":"HE03","tenCay":"keo","chieuCao":0}},{"type":"Feature","id":425,"geometry":{"type":"Point","coordinates":[106.34558936724513,10.773755757058714]},"properties":{"OBJECTID":425,"maNhanDang":"","phienBan":0,"ngayPhienBan":1787756708000,"giaTriDoChinhXacMatPhang":0,"nguyenNhanThayDoi":null,"maDoiTuong":"HE03","tenCay":"keo","chieuCao":0}},{"type":"Feature","id":426,"geometry":{"type":"Point","coordinates":[106.34541716750758,10.77378254453529]},"properties":{"OBJECTID":426,"maNhanDang":"","phienBan":0,"ngayPhienBan":1787756708000,"giaTriDoChinhXacMatPhang":0,"nguyenNhanThayDoi":null,"maDoiTuong":"HE03","tenCay":"keo","chieuCao":0}},{"type":"Feature","id":427,"geometry":{"type":"Point","coordinates":[106.34542238980393,10.773495596449632]},"properties":{"OBJECTID":427,"maNhanDang":"","phienBan":0,"ngayPhienBan":1787756708000,"giaTriDoChinhXacMatPhang":0,"nguyenNhanThayDoi":null,"maDoiTuong":"HE03","tenCay":"keo","chieuCao":0}},{"type":"Feature","id":428,"geometry":{"type":"Point","coordinates":[106.34558394138621,10.773512473858203]},"properties":{"OBJECTID":428,"maNhanDang":"","phienBan":0,"ngayPhienBan":1787756708000,"giaTriDoChinhXacMatPhang":0,"nguyenNhanThayDoi":null,"maDoiTuong":"HE03","tenCay":"keo","chieuCao":0}},{"type":"Feature","id":429,"geometry":{"type":"Point","coordinates":[106.34454785528776,10.776251596879783]},"properties":{"OBJECTID":429,"maNhanDang":"","phienBan":0,"ngayPhienBan":1787756708000,"giaTriDoChinhXacMatPhang":0,"nguyenNhanThayDoi":null,"maDoiTuong":"HE03","tenCay":"keo","chieuCao":0}},{"type":"Feature","id":430,"geometry":{"type":"Point","coordinates":[106.34451917336445,10.776030008709617]},"properties":{"OBJECTID":430,"maNhanDang":"","phienBan":0,"ngayPhienBan":1787756708000,"giaTriDoChinhXacMatPhang":0,"nguyenNhanThayDoi":null,"maDoiTuong":"HE03","tenCay":"keo","chieuCao":0}},{"type":"Feature","id":431,"geometry":{"type":"Point","coordinates":[106.3443131530188,10.776118822874151]},"properties":{"OBJECTID":431,"maNhanDang":"","phienBan":0,"ngayPhienBan":1787756708000,"giaTriDoChinhXacMatPhang":0,"nguyenNhanThayDoi":null,"maDoiTuong":"HE03","tenCay":"keo","chieuCao":0}},{"type":"Feature","id":432,"geometry":{"type":"Point","coordinates":[106.34471446184388,10.775981423857065]},"properties":{"OBJECTID":432,"maNhanDang":"","phienBan":0,"ngayPhienBan":1787756708000,"giaTriDoChinhXacMatPhang":0,"nguyenNhanThayDoi":null,"maDoiTuong":"HE03","tenCay":"keo","chieuCao":0}},{"type":"Feature","id":433,"geometry":{"type":"Point","coordinates":[106.34468577892149,10.775759835705379]},"properties":{"OBJECTID":433,"maNhanDang":"","phienBan":0,"ngayPhienBan":1787756708000,"giaTriDoChinhXacMatPhang":0,"nguyenNhanThayDoi":null,"maDoiTuong":"HE03","tenCay":"keo","chieuCao":0}},{"type":"Feature","id":434,"geometry":{"type":"Point","coordinates":[106.34447975972631,10.775848650872167]},"properties":{"OBJECTID":434,"maNhanDang":"","phienBan":0,"ngayPhienBan":1787756708000,"giaTriDoChinhXacMatPhang":0,"nguyenNhanThayDoi":null,"maDoiTuong":"HE03","tenCay":"keo","chieuCao":0}},{"type":"Feature","id":435,"geometry":{"type":"Point","coordinates":[106.34488106811104,10.775711250755958]},"properties":{"OBJECTID":435,"maNhanDang":"","phienBan":0,"ngayPhienBan":1787756708000,"giaTriDoChinhXacMatPhang":0,"nguyenNhanThayDoi":null,"maDoiTuong":"HE03","tenCay":"keo","chieuCao":0}},{"type":"Feature","id":436,"geometry":{"type":"Point","coordinates":[106.34485238601837,10.775489662619281]},"properties":{"OBJECTID":436,"maNhanDang":"","phienBan":0,"ngayPhienBan":1787756708000,"giaTriDoChinhXacMatPhang":0,"nguyenNhanThayDoi":null,"maDoiTuong":"HE03","tenCay":"keo","chieuCao":0}},{"type":"Feature","id":437,"geometry":{"type":"Point","coordinates":[106.34464636614311,10.775578477887697]},"properties":{"OBJECTID":437,"maNhanDang":"","phienBan":0,"ngayPhienBan":1787756708000,"giaTriDoChinhXacMatPhang":0,"nguyenNhanThayDoi":null,"maDoiTuong":"HE03","tenCay":"keo","chieuCao":0}},{"type":"Feature","id":438,"geometry":{"type":"Point","coordinates":[106.34504767408933,10.775441077576488]},"properties":{"OBJECTID":438,"maNhanDang":"","phienBan":0,"ngayPhienBan":1787756708000,"giaTriDoChinhXacMatPhang":0,"nguyenNhanThayDoi":null,"maDoiTuong":"HE03","tenCay":"keo","chieuCao":0}},{"type":"Feature","id":439,"geometry":{"type":"Point","coordinates":[106.34501899099762,10.775219489458296]},"properties":{"OBJECTID":439,"maNhanDang":"","phienBan":0,"ngayPhienBan":1787756708000,"giaTriDoChinhXacMatPhang":0,"nguyenNhanThayDoi":null,"maDoiTuong":"HE03","tenCay":"keo","chieuCao":0}},{"type":"Feature","id":440,"geometry":{"type":"Point","coordinates":[106.34481297135662,10.775308304826607]},"properties":{"OBJECTID":440,"maNhanDang":"","phienBan":0,"ngayPhienBan":1787756708000,"giaTriDoChinhXacMatPhang":0,"nguyenNhanThayDoi":null,"maDoiTuong":"HE03","tenCay":"keo","chieuCao":0}},{"type":"Feature","id":441,"geometry":{"type":"Point","coordinates":[106.34521427977869,10.775170904318628]},"properties":{"OBJECTID":441,"maNhanDang":"","phienBan":0,"ngayPhienBan":1787756708000,"giaTriDoChinhXacMatPhang":0,"nguyenNhanThayDoi":null,"maDoiTuong":"HE03","tenCay":"keo","chieuCao":0}},{"type":"Feature","id":442,"geometry":{"type":"Point","coordinates":[106.34518559660408,10.774949317121274]},"properties":{"OBJECTID":442,"maNhanDang":"","phienBan":0,"ngayPhienBan":1787756708000,"giaTriDoChinhXacMatPhang":0,"nguyenNhanThayDoi":null,"maDoiTuong":"HE03","tenCay":"keo","chieuCao":0}},{"type":"Feature","id":443,"geometry":{"type":"Point","coordinates":[106.34497957811001,10.775038131683619]},"properties":{"OBJECTID":443,"maNhanDang":"","phienBan":0,"ngayPhienBan":1787756708000,"giaTriDoChinhXacMatPhang":0,"nguyenNhanThayDoi":null,"maDoiTuong":"HE03","tenCay":"keo","chieuCao":0}},{"type":"Feature","id":444,"geometry":{"type":"Point","coordinates":[106.34538088426477,10.774900730984164]},"properties":{"OBJECTID":444,"maNhanDang":"","phienBan":0,"ngayPhienBan":1787756708000,"giaTriDoChinhXacMatPhang":0,"nguyenNhanThayDoi":null,"maDoiTuong":"HE03","tenCay":"keo","chieuCao":0}},{"type":"Feature","id":445,"geometry":{"type":"Point","coordinates":[106.34535220191992,10.774679143801791]},"properties":{"OBJECTID":445,"maNhanDang":"","phienBan":0,"ngayPhienBan":1787756708000,"giaTriDoChinhXacMatPhang":0,"nguyenNhanThayDoi":null,"maDoiTuong":"HE03","tenCay":"keo","chieuCao":0}},{"type":"Feature","id":446,"geometry":{"type":"Point","coordinates":[106.34514618274574,10.774767958465775]},"properties":{"OBJECTID":446,"maNhanDang":"","phienBan":0,"ngayPhienBan":1787756708000,"giaTriDoChinhXacMatPhang":0,"nguyenNhanThayDoi":null,"maDoiTuong":"HE03","tenCay":"keo","chieuCao":0}},{"type":"Feature","id":447,"geometry":{"type":"Point","coordinates":[106.34554748937816,10.774630558473651]},"properties":{"OBJECTID":447,"maNhanDang":"","phienBan":0,"ngayPhienBan":1787756708000,"giaTriDoChinhXacMatPhang":0,"nguyenNhanThayDoi":null,"maDoiTuong":"HE03","tenCay":"keo","chieuCao":0}},{"type":"Feature","id":448,"geometry":{"type":"Point","coordinates":[106.34551880603253,10.774408970405688]},"properties":{"OBJECTID":448,"maNhanDang":"","phienBan":0,"ngayPhienBan":1787756708000,"giaTriDoChinhXacMatPhang":0,"nguyenNhanThayDoi":null,"maDoiTuong":"HE03","tenCay":"keo","chieuCao":0}},{"type":"Feature","id":449,"geometry":{"type":"Point","coordinates":[106.34531278800874,10.774497786071905]},"properties":{"OBJECTID":449,"maNhanDang":"","phienBan":0,"ngayPhienBan":1787756708000,"giaTriDoChinhXacMatPhang":0,"nguyenNhanThayDoi":null,"maDoiTuong":"HE03","tenCay":"keo","chieuCao":0}},{"type":"Feature","id":450,"geometry":{"type":"Point","coordinates":[106.34571721618434,10.774380073845254]},"properties":{"OBJECTID":450,"maNhanDang":"","phienBan":0,"ngayPhienBan":1787756708000,"giaTriDoChinhXacMatPhang":0,"nguyenNhanThayDoi":null,"maDoiTuong":"HE03","tenCay":"keo","chieuCao":0}},{"type":"Feature","id":451,"geometry":{"type":"Point","coordinates":[106.34568541077061,10.77413879692949]},"properties":{"OBJECTID":451,"maNhanDang":"","phienBan":0,"ngayPhienBan":1787756708000,"giaTriDoChinhXacMatPhang":0,"nguyenNhanThayDoi":null,"maDoiTuong":"HE03","tenCay":"keo","chieuCao":0}},{"type":"Feature","id":452,"geometry":{"type":"Point","coordinates":[106.3454793929811,10.774227612695574]},"properties":{"OBJECTID":452,"maNhanDang":"","phienBan":0,"ngayPhienBan":1787756708000,"giaTriDoChinhXacMatPhang":0,"nguyenNhanThayDoi":null,"maDoiTuong":"HE03","tenCay":"keo","chieuCao":0}},{"type":"Feature","id":453,"geometry":{"type":"Point","coordinates":[106.34587185064419,10.774109431457306]},"properties":{"OBJECTID":453,"maNhanDang":"","phienBan":0,"ngayPhienBan":1787756708000,"giaTriDoChinhXacMatPhang":0,"nguyenNhanThayDoi":null,"maDoiTuong":"HE03","tenCay":"keo","chieuCao":0}},{"type":"Feature","id":454,"geometry":{"type":"Point","coordinates":[106.34583790375345,10.773892368605106]},"properties":{"OBJECTID":454,"maNhanDang":"","phienBan":0,"ngayPhienBan":1787756708000,"giaTriDoChinhXacMatPhang":0,"nguyenNhanThayDoi":null,"maDoiTuong":"HE03","tenCay":"keo","chieuCao":0}},{"type":"Feature","id":455,"geometry":{"type":"Point","coordinates":[106.34564599675025,10.773957439242634]},"properties":{"OBJECTID":455,"maNhanDang":"","phienBan":0,"ngayPhienBan":1787756708000,"giaTriDoChinhXacMatPhang":0,"nguyenNhanThayDoi":null,"maDoiTuong":"HE03","tenCay":"keo","chieuCao":0}},{"type":"Feature","id":456,"geometry":{"type":"Point","coordinates":[106.34604730206721,10.773820038665646]},"properties":{"OBJECTID":456,"maNhanDang":"","phienBan":0,"ngayPhienBan":1787756708000,"giaTriDoChinhXacMatPhang":0,"nguyenNhanThayDoi":null,"maDoiTuong":"HE03","tenCay":"keo","chieuCao":0}},{"type":"Feature","id":457,"geometry":{"type":"Point","coordinates":[106.34579304905245,10.773714674855702]},"properties":{"OBJECTID":457,"maNhanDang":"","phienBan":0,"ngayPhienBan":1787756708000,"giaTriDoChinhXacMatPhang":0,"nguyenNhanThayDoi":null,"maDoiTuong":"HE03","tenCay":"keo","chieuCao":0}},{"type":"Feature","id":458,"geometry":{"type":"Point","coordinates":[106.34170348526959,10.774958051932858]},"properties":{"OBJECTID":458,"maNhanDang":"","phienBan":0,"ngayPhienBan":1787756708000,"giaTriDoChinhXacMatPhang":0,"nguyenNhanThayDoi":null,"maDoiTuong":"HE03","tenCay":"keo","chieuCao":0}},{"type":"Feature","id":459,"geometry":{"type":"Point","coordinates":[106.34170417179179,10.774716839896239]},"properties":{"OBJECTID":459,"maNhanDang":"","phienBan":0,"ngayPhienBan":1787756708000,"giaTriDoChinhXacMatPhang":0,"nguyenNhanThayDoi":null,"maDoiTuong":"HE03","tenCay":"keo","chieuCao":0}},{"type":"Feature","id":460,"geometry":{"type":"Point","coordinates":[106.34151023502257,10.774817432133885]},"properties":{"OBJECTID":460,"maNhanDang":"","phienBan":0,"ngayPhienBan":1787756708000,"giaTriDoChinhXacMatPhang":0,"nguyenNhanThayDoi":null,"maDoiTuong":"HE03","tenCay":"keo","chieuCao":0}},{"type":"Feature","id":461,"geometry":{"type":"Point","coordinates":[106.34186963790205,10.774687606344857]},"properties":{"OBJECTID":461,"maNhanDang":"","phienBan":0,"ngayPhienBan":1787756708000,"giaTriDoChinhXacMatPhang":0,"nguyenNhanThayDoi":null,"maDoiTuong":"HE03","tenCay":"keo","chieuCao":0}},{"type":"Feature","id":462,"geometry":{"type":"Point","coordinates":[106.34187032430124,10.774446393406684]},"properties":{"OBJECTID":462,"maNhanDang":"","phienBan":0,"ngayPhienBan":1787756708000,"giaTriDoChinhXacMatPhang":0,"nguyenNhanThayDoi":null,"maDoiTuong":"HE03","tenCay":"keo","chieuCao":0}},{"type":"Feature","id":463,"geometry":{"type":"Point","coordinates":[106.34167638684849,10.774546986643763]},"properties":{"OBJECTID":463,"maNhanDang":"","phienBan":0,"ngayPhienBan":1787756708000,"giaTriDoChinhXacMatPhang":0,"nguyenNhanThayDoi":null,"maDoiTuong":"HE03","tenCay":"keo","chieuCao":0}},{"type":"Feature","id":464,"geometry":{"type":"Point","coordinates":[106.34203579024617,10.774417160678874]},"properties":{"OBJECTID":464,"maNhanDang":"","phienBan":0,"ngayPhienBan":1787756708000,"giaTriDoChinhXacMatPhang":0,"nguyenNhanThayDoi":null,"maDoiTuong":"HE03","tenCay":"keo","chieuCao":0}},{"type":"Feature","id":465,"geometry":{"type":"Point","coordinates":[106.34203647652413,10.774175947743215]},"properties":{"OBJECTID":465,"maNhanDang":"","phienBan":0,"ngayPhienBan":1787756708000,"giaTriDoChinhXacMatPhang":0,"nguyenNhanThayDoi":null,"maDoiTuong":"HE03","tenCay":"keo","chieuCao":0}},{"type":"Feature","id":466,"geometry":{"type":"Point","coordinates":[106.3418425393004,10.774276541073897]},"properties":{"OBJECTID":466,"maNhanDang":"","phienBan":0,"ngayPhienBan":1787756708000,"giaTriDoChinhXacMatPhang":0,"nguyenNhanThayDoi":null,"maDoiTuong":"HE03","tenCay":"keo","chieuCao":0}},{"type":"Feature","id":467,"geometry":{"type":"Point","coordinates":[106.34220194138578,10.774146714032534]},"properties":{"OBJECTID":467,"maNhanDang":"","phienBan":0,"ngayPhienBan":1787756708000,"giaTriDoChinhXacMatPhang":0,"nguyenNhanThayDoi":null,"maDoiTuong":"HE03","tenCay":"keo","chieuCao":0}},{"type":"Feature","id":468,"geometry":{"type":"Point","coordinates":[106.34220262754253,10.773905501099403]},"properties":{"OBJECTID":468,"maNhanDang":"","phienBan":0,"ngayPhienBan":1787756708000,"giaTriDoChinhXacMatPhang":0,"nguyenNhanThayDoi":null,"maDoiTuong":"HE03","tenCay":"keo","chieuCao":0}},{"type":"Feature","id":469,"geometry":{"type":"Point","coordinates":[106.34200869054786,10.774006094523674]},"properties":{"OBJECTID":469,"maNhanDang":"","phienBan":0,"ngayPhienBan":1787756708000,"giaTriDoChinhXacMatPhang":0,"nguyenNhanThayDoi":null,"maDoiTuong":"HE03","tenCay":"keo","chieuCao":0}},{"type":"Feature","id":470,"geometry":{"type":"Point","coordinates":[106.34236809223884,10.773876268212318]},"properties":{"OBJECTID":470,"maNhanDang":"","phienBan":0,"ngayPhienBan":1787756708000,"giaTriDoChinhXacMatPhang":0,"nguyenNhanThayDoi":null,"maDoiTuong":"HE03","tenCay":"keo","chieuCao":0}},{"type":"Feature","id":471,"geometry":{"type":"Point","coordinates":[106.34236877827438,10.773635055281726]},"properties":{"OBJECTID":471,"maNhanDang":"","phienBan":0,"ngayPhienBan":1787756708000,"giaTriDoChinhXacMatPhang":0,"nguyenNhanThayDoi":null,"maDoiTuong":"HE03","tenCay":"keo","chieuCao":0}},{"type":"Feature","id":472,"geometry":{"type":"Point","coordinates":[106.34217484242311,10.773735648797814]},"properties":{"OBJECTID":472,"maNhanDang":"","phienBan":0,"ngayPhienBan":1787756708000,"giaTriDoChinhXacMatPhang":0,"nguyenNhanThayDoi":null,"maDoiTuong":"HE03","tenCay":"keo","chieuCao":0}},{"type":"Feature","id":473,"geometry":{"type":"Point","coordinates":[106.34253424371617,10.773605821408268]},"properties":{"OBJECTID":473,"maNhanDang":"","phienBan":0,"ngayPhienBan":1787756708000,"giaTriDoChinhXacMatPhang":0,"nguyenNhanThayDoi":null,"maDoiTuong":"HE03","tenCay":"keo","chieuCao":0}},{"type":"Feature","id":474,"geometry":{"type":"Point","coordinates":[106.34253492963228,10.7733646093843]},"properties":{"OBJECTID":474,"maNhanDang":"","phienBan":0,"ngayPhienBan":1787756708000,"giaTriDoChinhXacMatPhang":0,"nguyenNhanThayDoi":null,"maDoiTuong":"HE03","tenCay":"keo","chieuCao":0}},{"type":"Feature","id":475,"geometry":{"type":"Point","coordinates":[106.34234099309565,10.773465202995725]},"properties":{"OBJECTID":475,"maNhanDang":"","phienBan":0,"ngayPhienBan":1787756708000,"giaTriDoChinhXacMatPhang":0,"nguyenNhanThayDoi":null,"maDoiTuong":"HE03","tenCay":"keo","chieuCao":0}},{"type":"Feature","id":476,"geometry":{"type":"Point","coordinates":[106.34270039490696,10.773335375430319]},"properties":{"OBJECTID":476,"maNhanDang":"","phienBan":0,"ngayPhienBan":1787756708000,"giaTriDoChinhXacMatPhang":0,"nguyenNhanThayDoi":null,"maDoiTuong":"HE03","tenCay":"keo","chieuCao":0}},{"type":"Feature","id":477,"geometry":{"type":"Point","coordinates":[106.3427010807001,10.773094162504796]},"properties":{"OBJECTID":477,"maNhanDang":"","phienBan":0,"ngayPhienBan":1787756708000,"giaTriDoChinhXacMatPhang":0,"nguyenNhanThayDoi":null,"maDoiTuong":"HE03","tenCay":"keo","chieuCao":0}},{"type":"Feature","id":478,"geometry":{"type":"Point","coordinates":[106.34250714439251,10.773194756209806]},"properties":{"OBJECTID":478,"maNhanDang":"","phienBan":0,"ngayPhienBan":1787756708000,"giaTriDoChinhXacMatPhang":0,"nguyenNhanThayDoi":null,"maDoiTuong":"HE03","tenCay":"keo","chieuCao":0}},{"type":"Feature","id":479,"geometry":{"type":"Point","coordinates":[106.34286654489507,10.773064929376162]},"properties":{"OBJECTID":479,"maNhanDang":"","phienBan":0,"ngayPhienBan":1787756708000,"giaTriDoChinhXacMatPhang":0,"nguyenNhanThayDoi":null,"maDoiTuong":"HE03","tenCay":"keo","chieuCao":0}},{"type":"Feature","id":480,"geometry":{"type":"Point","coordinates":[106.34286723056702,10.772823716453177]},"properties":{"OBJECTID":480,"maNhanDang":"","phienBan":0,"ngayPhienBan":1787756708000,"giaTriDoChinhXacMatPhang":0,"nguyenNhanThayDoi":null,"maDoiTuong":"HE03","tenCay":"keo","chieuCao":0}},{"type":"Feature","id":481,"geometry":{"type":"Point","coordinates":[106.34267329540279,10.772924310249996]},"properties":{"OBJECTID":481,"maNhanDang":"","phienBan":0,"ngayPhienBan":1787756708000,"giaTriDoChinhXacMatPhang":0,"nguyenNhanThayDoi":null,"maDoiTuong":"HE03","tenCay":"keo","chieuCao":0}},{"type":"Feature","id":482,"geometry":{"type":"Point","coordinates":[106.34303269550925,10.772794483242301]},"properties":{"OBJECTID":482,"maNhanDang":"","phienBan":0,"ngayPhienBan":1787756708000,"giaTriDoChinhXacMatPhang":0,"nguyenNhanThayDoi":null,"maDoiTuong":"HE03","tenCay":"keo","chieuCao":0}},{"type":"Feature","id":483,"geometry":{"type":"Point","coordinates":[106.34303338106001,10.772553270321849]},"properties":{"OBJECTID":483,"maNhanDang":"","phienBan":0,"ngayPhienBan":1787756708000,"giaTriDoChinhXacMatPhang":0,"nguyenNhanThayDoi":null,"maDoiTuong":"HE03","tenCay":"keo","chieuCao":0}},{"type":"Feature","id":484,"geometry":{"type":"Point","coordinates":[106.34283944521042,10.772653864213972]},"properties":{"OBJECTID":484,"maNhanDang":"","phienBan":0,"ngayPhienBan":1787756708000,"giaTriDoChinhXacMatPhang":0,"nguyenNhanThayDoi":null,"maDoiTuong":"HE03","tenCay":"keo","chieuCao":0}},{"type":"Feature","id":485,"geometry":{"type":"Point","coordinates":[106.34319884491899,10.772524036128129]},"properties":{"OBJECTID":485,"maNhanDang":"","phienBan":0,"ngayPhienBan":1787756708000,"giaTriDoChinhXacMatPhang":0,"nguyenNhanThayDoi":null,"maDoiTuong":"HE03","tenCay":"keo","chieuCao":0}},{"type":"Feature","id":486,"geometry":{"type":"Point","coordinates":[106.34319953034858,10.772282823210222]},"properties":{"OBJECTID":486,"maNhanDang":"","phienBan":0,"ngayPhienBan":1787756708000,"giaTriDoChinhXacMatPhang":0,"nguyenNhanThayDoi":null,"maDoiTuong":"HE03","tenCay":"keo","chieuCao":0}},{"type":"Feature","id":487,"geometry":{"type":"Point","coordinates":[106.34300559472801,10.772383417195902]},"properties":{"OBJECTID":487,"maNhanDang":"","phienBan":0,"ngayPhienBan":1787756708000,"giaTriDoChinhXacMatPhang":0,"nguyenNhanThayDoi":null,"maDoiTuong":"HE03","tenCay":"keo","chieuCao":0}},{"type":"Feature","id":488,"geometry":{"type":"Point","coordinates":[106.3414328649848,10.774689074869944]},"properties":{"OBJECTID":488,"maNhanDang":"","phienBan":0,"ngayPhienBan":1787756708000,"giaTriDoChinhXacMatPhang":0,"nguyenNhanThayDoi":null,"maDoiTuong":"HE03","tenCay":"keo","chieuCao":0}},{"type":"Feature","id":489,"geometry":{"type":"Point","coordinates":[106.34123892722097,10.774789667847653]},"properties":{"OBJECTID":489,"maNhanDang":"","phienBan":0,"ngayPhienBan":1787756708000,"giaTriDoChinhXacMatPhang":0,"nguyenNhanThayDoi":null,"maDoiTuong":"HE03","tenCay":"keo","chieuCao":0}},{"type":"Feature","id":490,"geometry":{"type":"Point","coordinates":[106.34122439013157,10.774547711829058]},"properties":{"OBJECTID":490,"maNhanDang":"","phienBan":0,"ngayPhienBan":1787756708000,"giaTriDoChinhXacMatPhang":0,"nguyenNhanThayDoi":null,"maDoiTuong":"HE03","tenCay":"keo","chieuCao":0}},{"type":"Feature","id":491,"geometry":{"type":"Point","coordinates":[106.34103091766595,10.774643550039048]},"properties":{"OBJECTID":491,"maNhanDang":"","phienBan":0,"ngayPhienBan":1787756708000,"giaTriDoChinhXacMatPhang":0,"nguyenNhanThayDoi":null,"maDoiTuong":"HE03","tenCay":"keo","chieuCao":0}},{"type":"Feature","id":492,"geometry":{"type":"Point","coordinates":[106.34160006501175,10.774419261191237]},"properties":{"OBJECTID":492,"maNhanDang":"","phienBan":0,"ngayPhienBan":1787756708000,"giaTriDoChinhXacMatPhang":0,"nguyenNhanThayDoi":null,"maDoiTuong":"HE03","tenCay":"keo","chieuCao":0}},{"type":"Feature","id":493,"geometry":{"type":"Point","coordinates":[106.34140612747697,10.774519854263206]},"properties":{"OBJECTID":493,"maNhanDang":"","phienBan":0,"ngayPhienBan":1787756708000,"giaTriDoChinhXacMatPhang":0,"nguyenNhanThayDoi":null,"maDoiTuong":"HE03","tenCay":"keo","chieuCao":0}},{"type":"Feature","id":494,"geometry":{"type":"Point","coordinates":[106.34139158936475,10.774277898256431]},"properties":{"OBJECTID":494,"maNhanDang":"","phienBan":0,"ngayPhienBan":1787756708000,"giaTriDoChinhXacMatPhang":0,"nguyenNhanThayDoi":null,"maDoiTuong":"HE03","tenCay":"keo","chieuCao":0}},{"type":"Feature","id":495,"geometry":{"type":"Point","coordinates":[106.34119811803795,10.77437373565469]},"properties":{"OBJECTID":495,"maNhanDang":"","phienBan":0,"ngayPhienBan":1787756708000,"giaTriDoChinhXacMatPhang":0,"nguyenNhanThayDoi":null,"maDoiTuong":"HE03","tenCay":"keo","chieuCao":0}},{"type":"Feature","id":496,"geometry":{"type":"Point","coordinates":[106.3417672638347,10.77414944743523]},"properties":{"OBJECTID":496,"maNhanDang":"","phienBan":0,"ngayPhienBan":1787756708000,"giaTriDoChinhXacMatPhang":0,"nguyenNhanThayDoi":null,"maDoiTuong":"HE03","tenCay":"keo","chieuCao":0}},{"type":"Feature","id":497,"geometry":{"type":"Point","coordinates":[106.3415733274433,10.774250040599702]},"properties":{"OBJECTID":497,"maNhanDang":"","phienBan":0,"ngayPhienBan":1787756708000,"giaTriDoChinhXacMatPhang":0,"nguyenNhanThayDoi":null,"maDoiTuong":"HE03","tenCay":"keo","chieuCao":0}},{"type":"Feature","id":498,"geometry":{"type":"Point","coordinates":[106.34155878830825,10.774008084604754]},"properties":{"OBJECTID":498,"maNhanDang":"","phienBan":0,"ngayPhienBan":1787756708000,"giaTriDoChinhXacMatPhang":0,"nguyenNhanThayDoi":null,"maDoiTuong":"HE03","tenCay":"keo","chieuCao":0}},{"type":"Feature","id":499,"geometry":{"type":"Point","coordinates":[106.34136531812202,10.774103922095346]},"properties":{"OBJECTID":499,"maNhanDang":"","phienBan":0,"ngayPhienBan":1787756708000,"giaTriDoChinhXacMatPhang":0,"nguyenNhanThayDoi":null,"maDoiTuong":"HE03","tenCay":"keo","chieuCao":0}},{"type":"Feature","id":500,"geometry":{"type":"Point","coordinates":[106.34193446236623,10.773879632696072]},"properties":{"OBJECTID":500,"maNhanDang":"","phienBan":0,"ngayPhienBan":1787756708000,"giaTriDoChinhXacMatPhang":0,"nguyenNhanThayDoi":null,"maDoiTuong":"HE03","tenCay":"keo","chieuCao":0}},{"type":"Feature","id":501,"geometry":{"type":"Point","coordinates":[106.34174052620389,10.773980225954809]},"properties":{"OBJECTID":501,"maNhanDang":"","phienBan":0,"ngayPhienBan":1787756708000,"giaTriDoChinhXacMatPhang":0,"nguyenNhanThayDoi":null,"maDoiTuong":"HE03","tenCay":"keo","chieuCao":0}},{"type":"Feature","id":502,"geometry":{"type":"Point","coordinates":[106.34172598787475,10.773738269968186]},"properties":{"OBJECTID":502,"maNhanDang":"","phienBan":0,"ngayPhienBan":1787756708000,"giaTriDoChinhXacMatPhang":0,"nguyenNhanThayDoi":null,"maDoiTuong":"HE03","tenCay":"keo","chieuCao":0}},{"type":"Feature","id":503,"geometry":{"type":"Point","coordinates":[106.34153251700211,10.773834108458699]},"properties":{"OBJECTID":503,"maNhanDang":"","phienBan":0,"ngayPhienBan":1787756708000,"giaTriDoChinhXacMatPhang":0,"nguyenNhanThayDoi":null,"maDoiTuong":"HE03","tenCay":"keo","chieuCao":0}},{"type":"Feature","id":504,"geometry":{"type":"Point","coordinates":[106.34210166152428,10.773609818780244]},"properties":{"OBJECTID":504,"maNhanDang":"","phienBan":0,"ngayPhienBan":1787756708000,"giaTriDoChinhXacMatPhang":0,"nguyenNhanThayDoi":null,"maDoiTuong":"HE03","tenCay":"keo","chieuCao":0}},{"type":"Feature","id":505,"geometry":{"type":"Point","coordinates":[106.34190772467657,10.77371041213496]},"properties":{"OBJECTID":505,"maNhanDang":"","phienBan":0,"ngayPhienBan":1787756708000,"giaTriDoChinhXacMatPhang":0,"nguyenNhanThayDoi":null,"maDoiTuong":"HE03","tenCay":"keo","chieuCao":0}},{"type":"Feature","id":506,"geometry":{"type":"Point","coordinates":[106.34189318715336,10.773468456156676]},"properties":{"OBJECTID":506,"maNhanDang":"","phienBan":0,"ngayPhienBan":1787756708000,"giaTriDoChinhXacMatPhang":0,"nguyenNhanThayDoi":null,"maDoiTuong":"HE03","tenCay":"keo","chieuCao":0}},{"type":"Feature","id":507,"geometry":{"type":"Point","coordinates":[106.34169971650516,10.773564293837161]},"properties":{"OBJECTID":507,"maNhanDang":"","phienBan":0,"ngayPhienBan":1787756708000,"giaTriDoChinhXacMatPhang":0,"nguyenNhanThayDoi":null,"maDoiTuong":"HE03","tenCay":"keo","chieuCao":0}},{"type":"Feature","id":508,"geometry":{"type":"Point","coordinates":[106.34226886039096,10.77334000388128]},"properties":{"OBJECTID":508,"maNhanDang":"","phienBan":0,"ngayPhienBan":1787756708000,"giaTriDoChinhXacMatPhang":0,"nguyenNhanThayDoi":null,"maDoiTuong":"HE03","tenCay":"keo","chieuCao":0}},{"type":"Feature","id":509,"geometry":{"type":"Point","coordinates":[106.34207492377227,10.773440597330236]},"properties":{"OBJECTID":509,"maNhanDang":"","phienBan":0,"ngayPhienBan":1787756708000,"giaTriDoChinhXacMatPhang":0,"nguyenNhanThayDoi":null,"maDoiTuong":"HE03","tenCay":"keo","chieuCao":0}},{"type":"Feature","id":510,"geometry":{"type":"Point","coordinates":[106.34206038522798,10.773198642267863]},"properties":{"OBJECTID":510,"maNhanDang":"","phienBan":0,"ngayPhienBan":1787756708000,"giaTriDoChinhXacMatPhang":0,"nguyenNhanThayDoi":null,"maDoiTuong":"HE03","tenCay":"keo","chieuCao":0}},{"type":"Feature","id":511,"geometry":{"type":"Point","coordinates":[106.34186691480598,10.773294480042436]},"properties":{"OBJECTID":511,"maNhanDang":"","phienBan":0,"ngayPhienBan":1787756708000,"giaTriDoChinhXacMatPhang":0,"nguyenNhanThayDoi":null,"maDoiTuong":"HE03","tenCay":"keo","chieuCao":0}},{"type":"Feature","id":512,"geometry":{"type":"Point","coordinates":[106.34243605805538,10.773070189809133]},"properties":{"OBJECTID":512,"maNhanDang":"","phienBan":0,"ngayPhienBan":1787756708000,"giaTriDoChinhXacMatPhang":0,"nguyenNhanThayDoi":null,"maDoiTuong":"HE03","tenCay":"keo","chieuCao":0}},{"type":"Feature","id":513,"geometry":{"type":"Point","coordinates":[106.34224212258012,10.773170783350574]},"properties":{"OBJECTID":513,"maNhanDang":"","phienBan":0,"ngayPhienBan":1787756708000,"giaTriDoChinhXacMatPhang":0,"nguyenNhanThayDoi":null,"maDoiTuong":"HE03","tenCay":"keo","chieuCao":0}},{"type":"Feature","id":514,"geometry":{"type":"Point","coordinates":[106.34222758392738,10.772928828298292]},"properties":{"OBJECTID":514,"maNhanDang":"","phienBan":0,"ngayPhienBan":1787756708000,"giaTriDoChinhXacMatPhang":0,"nguyenNhanThayDoi":null,"maDoiTuong":"HE03","tenCay":"keo","chieuCao":0}},{"type":"Feature","id":515,"geometry":{"type":"Point","coordinates":[106.34203411373156,10.773024666166915]},"properties":{"OBJECTID":515,"maNhanDang":"","phienBan":0,"ngayPhienBan":1787756708000,"giaTriDoChinhXacMatPhang":0,"nguyenNhanThayDoi":null,"maDoiTuong":"HE03","tenCay":"keo","chieuCao":0}},{"type":"Feature","id":516,"geometry":{"type":"Point","coordinates":[106.34260325634463,10.772800375656223]},"properties":{"OBJECTID":516,"maNhanDang":"","phienBan":0,"ngayPhienBan":1787756708000,"giaTriDoChinhXacMatPhang":0,"nguyenNhanThayDoi":null,"maDoiTuong":"HE03","tenCay":"keo","chieuCao":0}},{"type":"Feature","id":517,"geometry":{"type":"Point","coordinates":[106.34240932018396,10.772900969293637]},"properties":{"OBJECTID":517,"maNhanDang":"","phienBan":0,"ngayPhienBan":1787756708000,"giaTriDoChinhXacMatPhang":0,"nguyenNhanThayDoi":null,"maDoiTuong":"HE03","tenCay":"keo","chieuCao":0}},{"type":"Feature","id":518,"geometry":{"type":"Point","coordinates":[106.3423947823354,10.772659013345592]},"properties":{"OBJECTID":518,"maNhanDang":"","phienBan":0,"ngayPhienBan":1787756708000,"giaTriDoChinhXacMatPhang":0,"nguyenNhanThayDoi":null,"maDoiTuong":"HE03","tenCay":"keo","chieuCao":0}},{"type":"Feature","id":519,"geometry":{"type":"Point","coordinates":[106.3422013114514,10.772754851310021]},"properties":{"OBJECTID":519,"maNhanDang":"","phienBan":0,"ngayPhienBan":1787756708000,"giaTriDoChinhXacMatPhang":0,"nguyenNhanThayDoi":null,"maDoiTuong":"HE03","tenCay":"keo","chieuCao":0}},{"type":"Feature","id":520,"geometry":{"type":"Point","coordinates":[106.34277045434428,10.772530561424306]},"properties":{"OBJECTID":520,"maNhanDang":"","phienBan":0,"ngayPhienBan":1787756708000,"giaTriDoChinhXacMatPhang":0,"nguyenNhanThayDoi":null,"maDoiTuong":"HE03","tenCay":"keo","chieuCao":0}},{"type":"Feature","id":521,"geometry":{"type":"Point","coordinates":[106.3425765184126,10.772631155155933]},"properties":{"OBJECTID":521,"maNhanDang":"","phienBan":0,"ngayPhienBan":1787756708000,"giaTriDoChinhXacMatPhang":0,"nguyenNhanThayDoi":null,"maDoiTuong":"HE03","tenCay":"keo","chieuCao":0}},{"type":"Feature","id":522,"geometry":{"type":"Point","coordinates":[106.34256197954126,10.772389199219731]},"properties":{"OBJECTID":522,"maNhanDang":"","phienBan":0,"ngayPhienBan":1787756708000,"giaTriDoChinhXacMatPhang":0,"nguyenNhanThayDoi":null,"maDoiTuong":"HE03","tenCay":"keo","chieuCao":0}},{"type":"Feature","id":523,"geometry":{"type":"Point","coordinates":[106.34236850979779,10.772485037276462]},"properties":{"OBJECTID":523,"maNhanDang":"","phienBan":0,"ngayPhienBan":1787756708000,"giaTriDoChinhXacMatPhang":0,"nguyenNhanThayDoi":null,"maDoiTuong":"HE03","tenCay":"keo","chieuCao":0}},{"type":"Feature","id":524,"geometry":{"type":"Point","coordinates":[106.3429376511382,10.772260746211034]},"properties":{"OBJECTID":524,"maNhanDang":"","phienBan":0,"ngayPhienBan":1787756708000,"giaTriDoChinhXacMatPhang":0,"nguyenNhanThayDoi":null,"maDoiTuong":"HE03","tenCay":"keo","chieuCao":0}},{"type":"Feature","id":525,"geometry":{"type":"Point","coordinates":[106.34274371634987,10.772361340035138]},"properties":{"OBJECTID":525,"maNhanDang":"","phienBan":0,"ngayPhienBan":1787756708000,"giaTriDoChinhXacMatPhang":0,"nguyenNhanThayDoi":null,"maDoiTuong":"HE03","tenCay":"keo","chieuCao":0}},{"type":"Feature","id":526,"geometry":{"type":"Point","coordinates":[106.34272917645578,10.772119384110766]},"properties":{"OBJECTID":526,"maNhanDang":"","phienBan":0,"ngayPhienBan":1787756708000,"giaTriDoChinhXacMatPhang":0,"nguyenNhanThayDoi":null,"maDoiTuong":"HE03","tenCay":"keo","chieuCao":0}},{"type":"Feature","id":527,"geometry":{"type":"Point","coordinates":[106.34253570785462,10.772215223163888]},"properties":{"OBJECTID":527,"maNhanDang":"","phienBan":0,"ngayPhienBan":1787756708000,"giaTriDoChinhXacMatPhang":0,"nguyenNhanThayDoi":null,"maDoiTuong":"HE03","tenCay":"keo","chieuCao":0}},{"type":"Feature","id":528,"geometry":{"type":"Point","coordinates":[106.34291091308499,10.772091525741176]},"properties":{"OBJECTID":528,"maNhanDang":"","phienBan":0,"ngayPhienBan":1787756708000,"giaTriDoChinhXacMatPhang":0,"nguyenNhanThayDoi":null,"maDoiTuong":"HE03","tenCay":"keo","chieuCao":0}},{"type":"Feature","id":529,"geometry":{"type":"Point","coordinates":[106.3427029047057,10.771945408069962]},"properties":{"OBJECTID":529,"maNhanDang":"","phienBan":0,"ngayPhienBan":1787756708000,"giaTriDoChinhXacMatPhang":0,"nguyenNhanThayDoi":null,"maDoiTuong":"HE03","tenCay":"keo","chieuCao":0}},{"type":"Feature","id":530,"geometry":{"type":"Point","coordinates":[106.3408115582653,10.774530781499355]},"properties":{"OBJECTID":530,"maNhanDang":"","phienBan":0,"ngayPhienBan":1787756708000,"giaTriDoChinhXacMatPhang":0,"nguyenNhanThayDoi":null,"maDoiTuong":"HE03","tenCay":"keo","chieuCao":0}},{"type":"Feature","id":531,"geometry":{"type":"Point","coordinates":[106.34080027662242,10.77430096941276]},"properties":{"OBJECTID":531,"maNhanDang":"","phienBan":0,"ngayPhienBan":1787756708000,"giaTriDoChinhXacMatPhang":0,"nguyenNhanThayDoi":null,"maDoiTuong":"HE03","tenCay":"keo","chieuCao":0}},{"type":"Feature","id":532,"geometry":{"type":"Point","coordinates":[106.34060241406176,10.774399998151234]},"properties":{"OBJECTID":532,"maNhanDang":"","phienBan":0,"ngayPhienBan":1787756708000,"giaTriDoChinhXacMatPhang":0,"nguyenNhanThayDoi":null,"maDoiTuong":"HE03","tenCay":"keo","chieuCao":0}},{"type":"Feature","id":533,"geometry":{"type":"Point","coordinates":[106.3409787716011,10.774260976240882]},"properties":{"OBJECTID":533,"maNhanDang":"","phienBan":0,"ngayPhienBan":1787756708000,"giaTriDoChinhXacMatPhang":0,"nguyenNhanThayDoi":null,"maDoiTuong":"HE03","tenCay":"keo","chieuCao":0}},{"type":"Feature","id":534,"geometry":{"type":"Point","coordinates":[106.34096749076723,10.774031164160865]},"properties":{"OBJECTID":534,"maNhanDang":"","phienBan":0,"ngayPhienBan":1787756708000,"giaTriDoChinhXacMatPhang":0,"nguyenNhanThayDoi":null,"maDoiTuong":"HE03","tenCay":"keo","chieuCao":0}},{"type":"Feature","id":535,"geometry":{"type":"Point","coordinates":[106.34076962844017,10.774130193899662]},"properties":{"OBJECTID":535,"maNhanDang":"","phienBan":0,"ngayPhienBan":1787756708000,"giaTriDoChinhXacMatPhang":0,"nguyenNhanThayDoi":null,"maDoiTuong":"HE03","tenCay":"keo","chieuCao":0}},{"type":"Feature","id":536,"geometry":{"type":"Point","coordinates":[106.34114598464549,10.773991169999235]},"properties":{"OBJECTID":536,"maNhanDang":"","phienBan":0,"ngayPhienBan":1787756708000,"giaTriDoChinhXacMatPhang":0,"nguyenNhanThayDoi":null,"maDoiTuong":"HE03","tenCay":"keo","chieuCao":0}},{"type":"Feature","id":537,"geometry":{"type":"Point","coordinates":[106.34113470279185,10.77376135792929]},"properties":{"OBJECTID":537,"maNhanDang":"","phienBan":0,"ngayPhienBan":1787756708000,"giaTriDoChinhXacMatPhang":0,"nguyenNhanThayDoi":null,"maDoiTuong":"HE03","tenCay":"keo","chieuCao":0}},{"type":"Feature","id":538,"geometry":{"type":"Point","coordinates":[106.34093684069666,10.77386038776431]},"properties":{"OBJECTID":538,"maNhanDang":"","phienBan":0,"ngayPhienBan":1787756708000,"giaTriDoChinhXacMatPhang":0,"nguyenNhanThayDoi":null,"maDoiTuong":"HE03","tenCay":"keo","chieuCao":0}},{"type":"Feature","id":539,"geometry":{"type":"Point","coordinates":[106.34131319740196,10.773721364582613]},"properties":{"OBJECTID":539,"maNhanDang":"","phienBan":0,"ngayPhienBan":1787756708000,"giaTriDoChinhXacMatPhang":0,"nguyenNhanThayDoi":null,"maDoiTuong":"HE03","tenCay":"keo","chieuCao":0}},{"type":"Feature","id":540,"geometry":{"type":"Point","coordinates":[106.34130191544298,10.773491552520966]},"properties":{"OBJECTID":540,"maNhanDang":"","phienBan":0,"ngayPhienBan":1787756708000,"giaTriDoChinhXacMatPhang":0,"nguyenNhanThayDoi":null,"maDoiTuong":"HE03","tenCay":"keo","chieuCao":0}},{"type":"Feature","id":541,"geometry":{"type":"Point","coordinates":[106.34110405357784,10.773590581548135]},"properties":{"OBJECTID":541,"maNhanDang":"","phienBan":0,"ngayPhienBan":1787756708000,"giaTriDoChinhXacMatPhang":0,"nguyenNhanThayDoi":null,"maDoiTuong":"HE03","tenCay":"keo","chieuCao":0}},{"type":"Feature","id":542,"geometry":{"type":"Point","coordinates":[106.34165134123447,10.773403954823349]},"properties":{"OBJECTID":542,"maNhanDang":"","phienBan":0,"ngayPhienBan":1787756708000,"giaTriDoChinhXacMatPhang":0,"nguyenNhanThayDoi":null,"maDoiTuong":"HE03","tenCay":"keo","chieuCao":0}},{"type":"Feature","id":543,"geometry":{"type":"Point","coordinates":[106.34148040986875,10.773451559086912]},"properties":{"OBJECTID":543,"maNhanDang":"","phienBan":0,"ngayPhienBan":1787756708000,"giaTriDoChinhXacMatPhang":0,"nguyenNhanThayDoi":null,"maDoiTuong":"HE03","tenCay":"keo","chieuCao":0}},{"type":"Feature","id":544,"geometry":{"type":"Point","coordinates":[106.34146912780268,10.77322174612951]},"properties":{"OBJECTID":544,"maNhanDang":"","phienBan":0,"ngayPhienBan":1787756708000,"giaTriDoChinhXacMatPhang":0,"nguyenNhanThayDoi":null,"maDoiTuong":"HE03","tenCay":"keo","chieuCao":0}},{"type":"Feature","id":545,"geometry":{"type":"Point","coordinates":[106.34127126617115,10.773320776156984]},"properties":{"OBJECTID":545,"maNhanDang":"","phienBan":0,"ngayPhienBan":1787756708000,"giaTriDoChinhXacMatPhang":0,"nguyenNhanThayDoi":null,"maDoiTuong":"HE03","tenCay":"keo","chieuCao":0}},{"type":"Feature","id":546,"geometry":{"type":"Point","coordinates":[106.34164762204418,10.77318175260806]},"properties":{"OBJECTID":546,"maNhanDang":"","phienBan":0,"ngayPhienBan":1787756708000,"giaTriDoChinhXacMatPhang":0,"nguyenNhanThayDoi":null,"maDoiTuong":"HE03","tenCay":"keo","chieuCao":0}},{"type":"Feature","id":547,"geometry":{"type":"Point","coordinates":[106.34163634078888,10.772951940561347]},"properties":{"OBJECTID":547,"maNhanDang":"","phienBan":0,"ngayPhienBan":1787756708000,"giaTriDoChinhXacMatPhang":0,"nguyenNhanThayDoi":null,"maDoiTuong":"HE03","tenCay":"keo","chieuCao":0}},{"type":"Feature","id":548,"geometry":{"type":"Point","coordinates":[106.34143847847481,10.773050970686752]},"properties":{"OBJECTID":548,"maNhanDang":"","phienBan":0,"ngayPhienBan":1787756708000,"giaTriDoChinhXacMatPhang":0,"nguyenNhanThayDoi":null,"maDoiTuong":"HE03","tenCay":"keo","chieuCao":0}},{"type":"Feature","id":549,"geometry":{"type":"Point","coordinates":[106.34181483393171,10.77291194695426]},"properties":{"OBJECTID":549,"maNhanDang":"","phienBan":0,"ngayPhienBan":1787756708000,"giaTriDoChinhXacMatPhang":0,"nguyenNhanThayDoi":null,"maDoiTuong":"HE03","tenCay":"keo","chieuCao":0}},{"type":"Feature","id":550,"geometry":{"type":"Point","coordinates":[106.34180355165498,10.772682134013536]},"properties":{"OBJECTID":550,"maNhanDang":"","phienBan":0,"ngayPhienBan":1787756708000,"giaTriDoChinhXacMatPhang":0,"nguyenNhanThayDoi":null,"maDoiTuong":"HE03","tenCay":"keo","chieuCao":0}},{"type":"Feature","id":551,"geometry":{"type":"Point","coordinates":[106.3416056904871,10.772781164233388]},"properties":{"OBJECTID":551,"maNhanDang":"","phienBan":0,"ngayPhienBan":1787756708000,"giaTriDoChinhXacMatPhang":0,"nguyenNhanThayDoi":null,"maDoiTuong":"HE03","tenCay":"keo","chieuCao":0}},{"type":"Feature","id":552,"geometry":{"type":"Point","coordinates":[106.34198204552789,10.77264214031732]},"properties":{"OBJECTID":552,"maNhanDang":"","phienBan":0,"ngayPhienBan":1787756708000,"giaTriDoChinhXacMatPhang":0,"nguyenNhanThayDoi":null,"maDoiTuong":"HE03","tenCay":"keo","chieuCao":0}},{"type":"Feature","id":553,"geometry":{"type":"Point","coordinates":[106.34197076314759,10.772412328289013]},"properties":{"OBJECTID":553,"maNhanDang":"","phienBan":0,"ngayPhienBan":1787756708000,"giaTriDoChinhXacMatPhang":0,"nguyenNhanThayDoi":null,"maDoiTuong":"HE03","tenCay":"keo","chieuCao":0}},{"type":"Feature","id":554,"geometry":{"type":"Point","coordinates":[106.34177290220977,10.772511357700978]},"properties":{"OBJECTID":554,"maNhanDang":"","phienBan":0,"ngayPhienBan":1787756708000,"giaTriDoChinhXacMatPhang":0,"nguyenNhanThayDoi":null,"maDoiTuong":"HE03","tenCay":"keo","chieuCao":0}},{"type":"Feature","id":555,"geometry":{"type":"Point","coordinates":[106.34214925683621,10.772372334505436]},"properties":{"OBJECTID":555,"maNhanDang":"","phienBan":0,"ngayPhienBan":1787756708000,"giaTriDoChinhXacMatPhang":0,"nguyenNhanThayDoi":null,"maDoiTuong":"HE03","tenCay":"keo","chieuCao":0}},{"type":"Feature","id":556,"geometry":{"type":"Point","coordinates":[106.34213797434882,10.772142521581355]},"properties":{"OBJECTID":556,"maNhanDang":"","phienBan":0,"ngayPhienBan":1787756708000,"giaTriDoChinhXacMatPhang":0,"nguyenNhanThayDoi":null,"maDoiTuong":"HE03","tenCay":"keo","chieuCao":0}},{"type":"Feature","id":557,"geometry":{"type":"Point","coordinates":[106.34194011364457,10.772241551993606]},"properties":{"OBJECTID":557,"maNhanDang":"","phienBan":0,"ngayPhienBan":1787756708000,"giaTriDoChinhXacMatPhang":0,"nguyenNhanThayDoi":null,"maDoiTuong":"HE03","tenCay":"keo","chieuCao":0}},{"type":"Feature","id":558,"geometry":{"type":"Point","coordinates":[106.34231646785318,10.772102527710416]},"properties":{"OBJECTID":558,"maNhanDang":"","phienBan":0,"ngayPhienBan":1787756708000,"giaTriDoChinhXacMatPhang":0,"nguyenNhanThayDoi":null,"maDoiTuong":"HE03","tenCay":"keo","chieuCao":0}},{"type":"Feature","id":559,"geometry":{"type":"Point","coordinates":[106.3423051861766,10.771872715697024]},"properties":{"OBJECTID":559,"maNhanDang":"","phienBan":0,"ngayPhienBan":1787756708000,"giaTriDoChinhXacMatPhang":0,"nguyenNhanThayDoi":null,"maDoiTuong":"HE03","tenCay":"keo","chieuCao":0}},{"type":"Feature","id":560,"geometry":{"type":"Point","coordinates":[106.34210732570415,10.771971746205462]},"properties":{"OBJECTID":560,"maNhanDang":"","phienBan":0,"ngayPhienBan":1787756708000,"giaTriDoChinhXacMatPhang":0,"nguyenNhanThayDoi":null,"maDoiTuong":"HE03","tenCay":"keo","chieuCao":0}},{"type":"Feature","id":561,"geometry":{"type":"Point","coordinates":[106.34248367858231,10.771832721740473]},"properties":{"OBJECTID":561,"maNhanDang":"","phienBan":0,"ngayPhienBan":1787756708000,"giaTriDoChinhXacMatPhang":0,"nguyenNhanThayDoi":null,"maDoiTuong":"HE03","tenCay":"keo","chieuCao":0}},{"type":"Feature","id":562,"geometry":{"type":"Point","coordinates":[106.34247239588431,10.771602908833081]},"properties":{"OBJECTID":562,"maNhanDang":"","phienBan":0,"ngayPhienBan":1787756708000,"giaTriDoChinhXacMatPhang":0,"nguyenNhanThayDoi":null,"maDoiTuong":"HE03","tenCay":"keo","chieuCao":0}},{"type":"Feature","id":563,"geometry":{"type":"Point","coordinates":[106.34227453564367,10.771701939437673]},"properties":{"OBJECTID":563,"maNhanDang":"","phienBan":0,"ngayPhienBan":1787756708000,"giaTriDoChinhXacMatPhang":0,"nguyenNhanThayDoi":null,"maDoiTuong":"HE03","tenCay":"keo","chieuCao":0}},{"type":"Feature","id":564,"geometry":{"type":"Point","coordinates":[106.34265088902012,10.771562914787426]},"properties":{"OBJECTID":564,"maNhanDang":"","phienBan":0,"ngayPhienBan":1787756708000,"giaTriDoChinhXacMatPhang":0,"nguyenNhanThayDoi":null,"maDoiTuong":"HE03","tenCay":"keo","chieuCao":0}},{"type":"Feature","id":565,"geometry":{"type":"Point","coordinates":[106.34058248055121,10.774194468538822]},"properties":{"OBJECTID":565,"maNhanDang":"","phienBan":0,"ngayPhienBan":1787756708000,"giaTriDoChinhXacMatPhang":0,"nguyenNhanThayDoi":null,"maDoiTuong":"HE03","tenCay":"keo","chieuCao":0}},{"type":"Feature","id":566,"geometry":{"type":"Point","coordinates":[106.34242625415062,10.771432162195804]},"properties":{"OBJECTID":566,"maNhanDang":"","phienBan":0,"ngayPhienBan":1787756708000,"giaTriDoChinhXacMatPhang":0,"nguyenNhanThayDoi":null,"maDoiTuong":"HE03","tenCay":"keo","chieuCao":0}},{"type":"Feature","id":567,"geometry":{"type":"Point","coordinates":[106.3404018969884,10.774249883055051]},"properties":{"OBJECTID":567,"maNhanDang":"","phienBan":0,"ngayPhienBan":1787756708000,"giaTriDoChinhXacMatPhang":0,"nguyenNhanThayDoi":null,"maDoiTuong":"HE03","tenCay":"keo","chieuCao":0}},{"type":"Feature","id":568,"geometry":{"type":"Point","coordinates":[106.34017605957881,10.774137968996543]},"properties":{"OBJECTID":568,"maNhanDang":"","phienBan":0,"ngayPhienBan":1787756708000,"giaTriDoChinhXacMatPhang":0,"nguyenNhanThayDoi":null,"maDoiTuong":"HE03","tenCay":"keo","chieuCao":0}},{"type":"Feature","id":569,"geometry":{"type":"Point","coordinates":[106.34034612598164,10.774102734236507]},"properties":{"OBJECTID":569,"maNhanDang":"","phienBan":0,"ngayPhienBan":1787756708000,"giaTriDoChinhXacMatPhang":0,"nguyenNhanThayDoi":null,"maDoiTuong":"HE03","tenCay":"keo","chieuCao":0}},{"type":"Feature","id":570,"geometry":{"type":"Point","coordinates":[106.3407495199898,10.773924557045085]},"properties":{"OBJECTID":570,"maNhanDang":"","phienBan":0,"ngayPhienBan":1787756708000,"giaTriDoChinhXacMatPhang":0,"nguyenNhanThayDoi":null,"maDoiTuong":"HE03","tenCay":"keo","chieuCao":0}},{"type":"Feature","id":571,"geometry":{"type":"Point","coordinates":[106.34056893570664,10.773979971651222]},"properties":{"OBJECTID":571,"maNhanDang":"","phienBan":0,"ngayPhienBan":1787756708000,"giaTriDoChinhXacMatPhang":0,"nguyenNhanThayDoi":null,"maDoiTuong":"HE03","tenCay":"keo","chieuCao":0}},{"type":"Feature","id":572,"geometry":{"type":"Point","coordinates":[106.34034309936465,10.773868058607496]},"properties":{"OBJECTID":572,"maNhanDang":"","phienBan":0,"ngayPhienBan":1787756708000,"giaTriDoChinhXacMatPhang":0,"nguyenNhanThayDoi":null,"maDoiTuong":"HE03","tenCay":"keo","chieuCao":0}},{"type":"Feature","id":573,"geometry":{"type":"Point","coordinates":[106.34051316559153,10.773832822860131]},"properties":{"OBJECTID":573,"maNhanDang":"","phienBan":0,"ngayPhienBan":1787756708000,"giaTriDoChinhXacMatPhang":0,"nguyenNhanThayDoi":null,"maDoiTuong":"HE03","tenCay":"keo","chieuCao":0}},{"type":"Feature","id":574,"geometry":{"type":"Point","coordinates":[106.34091655914072,10.773654646376549]},"properties":{"OBJECTID":574,"maNhanDang":"","phienBan":0,"ngayPhienBan":1787756708000,"giaTriDoChinhXacMatPhang":0,"nguyenNhanThayDoi":null,"maDoiTuong":"HE03","tenCay":"keo","chieuCao":0}},{"type":"Feature","id":575,"geometry":{"type":"Point","coordinates":[106.34073597505156,10.773710061070819]},"properties":{"OBJECTID":575,"maNhanDang":"","phienBan":0,"ngayPhienBan":1787756708000,"giaTriDoChinhXacMatPhang":0,"nguyenNhanThayDoi":null,"maDoiTuong":"HE03","tenCay":"keo","chieuCao":0}},{"type":"Feature","id":576,"geometry":{"type":"Point","coordinates":[106.3405101379449,10.773598147237157]},"properties":{"OBJECTID":576,"maNhanDang":"","phienBan":0,"ngayPhienBan":1787756708000,"giaTriDoChinhXacMatPhang":0,"nguyenNhanThayDoi":null,"maDoiTuong":"HE03","tenCay":"keo","chieuCao":0}},{"type":"Feature","id":577,"geometry":{"type":"Point","coordinates":[106.34068020491372,10.773562912308924]},"properties":{"OBJECTID":577,"maNhanDang":"","phienBan":0,"ngayPhienBan":1787756708000,"giaTriDoChinhXacMatPhang":0,"nguyenNhanThayDoi":null,"maDoiTuong":"HE03","tenCay":"keo","chieuCao":0}},{"type":"Feature","id":578,"geometry":{"type":"Point","coordinates":[106.34108359708604,10.773384734726763]},"properties":{"OBJECTID":578,"maNhanDang":"","phienBan":0,"ngayPhienBan":1787756708000,"giaTriDoChinhXacMatPhang":0,"nguyenNhanThayDoi":null,"maDoiTuong":"HE03","tenCay":"keo","chieuCao":0}},{"type":"Feature","id":579,"geometry":{"type":"Point","coordinates":[106.34090301410528,10.773440149507429]},"properties":{"OBJECTID":579,"maNhanDang":"","phienBan":0,"ngayPhienBan":1787756708000,"giaTriDoChinhXacMatPhang":0,"nguyenNhanThayDoi":null,"maDoiTuong":"HE03","tenCay":"keo","chieuCao":0}},{"type":"Feature","id":580,"geometry":{"type":"Point","coordinates":[106.3406771771501,10.773328235786163]},"properties":{"OBJECTID":580,"maNhanDang":"","phienBan":0,"ngayPhienBan":1787756708000,"giaTriDoChinhXacMatPhang":0,"nguyenNhanThayDoi":null,"maDoiTuong":"HE03","tenCay":"keo","chieuCao":0}},{"type":"Feature","id":581,"geometry":{"type":"Point","coordinates":[106.34084724303035,10.773293000776464]},"properties":{"OBJECTID":581,"maNhanDang":"","phienBan":0,"ngayPhienBan":1787756708000,"giaTriDoChinhXacMatPhang":0,"nguyenNhanThayDoi":null,"maDoiTuong":"HE03","tenCay":"keo","chieuCao":0}},{"type":"Feature","id":582,"geometry":{"type":"Point","coordinates":[106.34125063474373,10.773114823902167]},"properties":{"OBJECTID":582,"maNhanDang":"","phienBan":0,"ngayPhienBan":1787756708000,"giaTriDoChinhXacMatPhang":0,"nguyenNhanThayDoi":null,"maDoiTuong":"HE03","tenCay":"keo","chieuCao":0}},{"type":"Feature","id":583,"geometry":{"type":"Point","coordinates":[106.3410700519552,10.773170237866863]},"properties":{"OBJECTID":583,"maNhanDang":"","phienBan":0,"ngayPhienBan":1787756708000,"giaTriDoChinhXacMatPhang":0,"nguyenNhanThayDoi":null,"maDoiTuong":"HE03","tenCay":"keo","chieuCao":0}},{"type":"Feature","id":584,"geometry":{"type":"Point","coordinates":[106.34084421606759,10.773058325160351]},"properties":{"OBJECTID":584,"maNhanDang":"","phienBan":0,"ngayPhienBan":1787756708000,"giaTriDoChinhXacMatPhang":0,"nguyenNhanThayDoi":null,"maDoiTuong":"HE03","tenCay":"keo","chieuCao":0}},{"type":"Feature","id":585,"geometry":{"type":"Point","coordinates":[106.34101428085758,10.773023089165095]},"properties":{"OBJECTID":585,"maNhanDang":"","phienBan":0,"ngayPhienBan":1787756708000,"giaTriDoChinhXacMatPhang":0,"nguyenNhanThayDoi":null,"maDoiTuong":"HE03","tenCay":"keo","chieuCao":0}},{"type":"Feature","id":586,"geometry":{"type":"Point","coordinates":[106.34141767302458,10.772844912092856]},"properties":{"OBJECTID":586,"maNhanDang":"","phienBan":0,"ngayPhienBan":1787756708000,"giaTriDoChinhXacMatPhang":0,"nguyenNhanThayDoi":null,"maDoiTuong":"HE03","tenCay":"keo","chieuCao":0}},{"type":"Feature","id":587,"geometry":{"type":"Point","coordinates":[106.34123709043182,10.77290032704979]},"properties":{"OBJECTID":587,"maNhanDang":"","phienBan":0,"ngayPhienBan":1787756708000,"giaTriDoChinhXacMatPhang":0,"nguyenNhanThayDoi":null,"maDoiTuong":"HE03","tenCay":"keo","chieuCao":0}},{"type":"Feature","id":588,"geometry":{"type":"Point","coordinates":[106.34101125378132,10.772788414457395]},"properties":{"OBJECTID":588,"maNhanDang":"","phienBan":0,"ngayPhienBan":1787756708000,"giaTriDoChinhXacMatPhang":0,"nguyenNhanThayDoi":null,"maDoiTuong":"HE03","tenCay":"keo","chieuCao":0}},{"type":"Feature","id":589,"geometry":{"type":"Point","coordinates":[106.34118132022587,10.772753178375448]},"properties":{"OBJECTID":589,"maNhanDang":"","phienBan":0,"ngayPhienBan":1787756708000,"giaTriDoChinhXacMatPhang":0,"nguyenNhanThayDoi":null,"maDoiTuong":"HE03","tenCay":"keo","chieuCao":0}},{"type":"Feature","id":590,"geometry":{"type":"Point","coordinates":[106.3415847110178,10.772575001108759]},"properties":{"OBJECTID":590,"maNhanDang":"","phienBan":0,"ngayPhienBan":1787756708000,"giaTriDoChinhXacMatPhang":0,"nguyenNhanThayDoi":null,"maDoiTuong":"HE03","tenCay":"keo","chieuCao":0}},{"type":"Feature","id":591,"geometry":{"type":"Point","coordinates":[106.3414041277029,10.772630415251452]},"properties":{"OBJECTID":591,"maNhanDang":"","phienBan":0,"ngayPhienBan":1787756708000,"giaTriDoChinhXacMatPhang":0,"nguyenNhanThayDoi":null,"maDoiTuong":"HE03","tenCay":"keo","chieuCao":0}},{"type":"Feature","id":592,"geometry":{"type":"Point","coordinates":[106.34117829120386,10.772518502771442]},"properties":{"OBJECTID":592,"maNhanDang":"","phienBan":0,"ngayPhienBan":1787756708000,"giaTriDoChinhXacMatPhang":0,"nguyenNhanThayDoi":null,"maDoiTuong":"HE03","tenCay":"keo","chieuCao":0}},{"type":"Feature","id":593,"geometry":{"type":"Point","coordinates":[106.34134835747425,10.772483266606322]},"properties":{"OBJECTID":593,"maNhanDang":"","phienBan":0,"ngayPhienBan":1787756708000,"giaTriDoChinhXacMatPhang":0,"nguyenNhanThayDoi":null,"maDoiTuong":"HE03","tenCay":"keo","chieuCao":0}},{"type":"Feature","id":594,"geometry":{"type":"Point","coordinates":[106.34175174780552,10.772305089143432]},"properties":{"OBJECTID":594,"maNhanDang":"","phienBan":0,"ngayPhienBan":1787756708000,"giaTriDoChinhXacMatPhang":0,"nguyenNhanThayDoi":null,"maDoiTuong":"HE03","tenCay":"keo","chieuCao":0}},{"type":"Feature","id":595,"geometry":{"type":"Point","coordinates":[106.34157116560071,10.772360504276591]},"properties":{"OBJECTID":595,"maNhanDang":"","phienBan":0,"ngayPhienBan":1787756708000,"giaTriDoChinhXacMatPhang":0,"nguyenNhanThayDoi":null,"maDoiTuong":"HE03","tenCay":"keo","chieuCao":0}},{"type":"Feature","id":596,"geometry":{"type":"Point","coordinates":[106.34134532925138,10.772248591004864]},"properties":{"OBJECTID":596,"maNhanDang":"","phienBan":0,"ngayPhienBan":1787756708000,"giaTriDoChinhXacMatPhang":0,"nguyenNhanThayDoi":null,"maDoiTuong":"HE03","tenCay":"keo","chieuCao":0}},{"type":"Feature","id":597,"geometry":{"type":"Point","coordinates":[106.34151539443498,10.772213355662382]},"properties":{"OBJECTID":597,"maNhanDang":"","phienBan":0,"ngayPhienBan":1787756708000,"giaTriDoChinhXacMatPhang":0,"nguyenNhanThayDoi":null,"maDoiTuong":"HE03","tenCay":"keo","chieuCao":0}},{"type":"Feature","id":598,"geometry":{"type":"Point","coordinates":[106.34191878521993,10.772035178001582]},"properties":{"OBJECTID":598,"maNhanDang":"","phienBan":0,"ngayPhienBan":1787756708000,"giaTriDoChinhXacMatPhang":0,"nguyenNhanThayDoi":null,"maDoiTuong":"HE03","tenCay":"keo","chieuCao":0}},{"type":"Feature","id":599,"geometry":{"type":"Point","coordinates":[106.34173820229299,10.772090592320501]},"properties":{"OBJECTID":599,"maNhanDang":"","phienBan":0,"ngayPhienBan":1787756708000,"giaTriDoChinhXacMatPhang":0,"nguyenNhanThayDoi":null,"maDoiTuong":"HE03","tenCay":"keo","chieuCao":0}},{"type":"Feature","id":600,"geometry":{"type":"Point","coordinates":[106.34151236701126,10.771978680063501]},"properties":{"OBJECTID":600,"maNhanDang":"","phienBan":0,"ngayPhienBan":1787756708000,"giaTriDoChinhXacMatPhang":0,"nguyenNhanThayDoi":null,"maDoiTuong":"HE03","tenCay":"keo","chieuCao":0}},{"type":"Feature","id":601,"geometry":{"type":"Point","coordinates":[106.34168243201896,10.771943443733749]},"properties":{"OBJECTID":601,"maNhanDang":"","phienBan":0,"ngayPhienBan":1787756708000,"giaTriDoChinhXacMatPhang":0,"nguyenNhanThayDoi":null,"maDoiTuong":"HE03","tenCay":"keo","chieuCao":0}},{"type":"Feature","id":602,"geometry":{"type":"Point","coordinates":[106.34208582234321,10.771765265876788]},"properties":{"OBJECTID":602,"maNhanDang":"","phienBan":0,"ngayPhienBan":1787756708000,"giaTriDoChinhXacMatPhang":0,"nguyenNhanThayDoi":null,"maDoiTuong":"HE03","tenCay":"keo","chieuCao":0}},{"type":"Feature","id":603,"geometry":{"type":"Point","coordinates":[106.34190523961203,10.771820681187901]},"properties":{"OBJECTID":603,"maNhanDang":"","phienBan":0,"ngayPhienBan":1787756708000,"giaTriDoChinhXacMatPhang":0,"nguyenNhanThayDoi":null,"maDoiTuong":"HE03","tenCay":"keo","chieuCao":0}},{"type":"Feature","id":604,"geometry":{"type":"Point","coordinates":[106.34167940356565,10.771708768140938]},"properties":{"OBJECTID":604,"maNhanDang":"","phienBan":0,"ngayPhienBan":1787756708000,"giaTriDoChinhXacMatPhang":0,"nguyenNhanThayDoi":null,"maDoiTuong":"HE03","tenCay":"keo","chieuCao":0}},{"type":"Feature","id":605,"geometry":{"type":"Point","coordinates":[106.34184946931531,10.771673532630329]},"properties":{"OBJECTID":605,"maNhanDang":"","phienBan":0,"ngayPhienBan":1787756708000,"giaTriDoChinhXacMatPhang":0,"nguyenNhanThayDoi":null,"maDoiTuong":"HE03","tenCay":"keo","chieuCao":0}},{"type":"Feature","id":606,"geometry":{"type":"Point","coordinates":[106.34225285826278,10.771495353674874]},"properties":{"OBJECTID":606,"maNhanDang":"","phienBan":0,"ngayPhienBan":1787756708000,"giaTriDoChinhXacMatPhang":0,"nguyenNhanThayDoi":null,"maDoiTuong":"HE03","tenCay":"keo","chieuCao":0}},{"type":"Feature","id":607,"geometry":{"type":"Point","coordinates":[106.34207227663994,10.77155076907234]},"properties":{"OBJECTID":607,"maNhanDang":"","phienBan":0,"ngayPhienBan":1787756708000,"giaTriDoChinhXacMatPhang":0,"nguyenNhanThayDoi":null,"maDoiTuong":"HE03","tenCay":"keo","chieuCao":0}},{"type":"Feature","id":608,"geometry":{"type":"Point","coordinates":[106.34184644074678,10.771438857041847]},"properties":{"OBJECTID":608,"maNhanDang":"","phienBan":0,"ngayPhienBan":1787756708000,"giaTriDoChinhXacMatPhang":0,"nguyenNhanThayDoi":null,"maDoiTuong":"HE03","tenCay":"keo","chieuCao":0}},{"type":"Feature","id":609,"geometry":{"type":"Point","coordinates":[106.34201650540615,10.771403620545716]},"properties":{"OBJECTID":609,"maNhanDang":"","phienBan":0,"ngayPhienBan":1787756708000,"giaTriDoChinhXacMatPhang":0,"nguyenNhanThayDoi":null,"maDoiTuong":"HE03","tenCay":"keo","chieuCao":0}},{"type":"Feature","id":610,"geometry":{"type":"Point","coordinates":[106.3421567439359,10.771189424913741]},"properties":{"OBJECTID":610,"maNhanDang":"","phienBan":0,"ngayPhienBan":1787756708000,"giaTriDoChinhXacMatPhang":0,"nguyenNhanThayDoi":null,"maDoiTuong":"HE03","tenCay":"keo","chieuCao":0}},{"type":"Feature","id":611,"geometry":{"type":"Point","coordinates":[106.34218444557136,10.771361639825622]},"properties":{"OBJECTID":611,"maNhanDang":"","phienBan":0,"ngayPhienBan":1787756708000,"giaTriDoChinhXacMatPhang":0,"nguyenNhanThayDoi":null,"maDoiTuong":"HE03","tenCay":"keo","chieuCao":0}},{"type":"Feature","id":612,"geometry":{"type":"Point","coordinates":[106.34201347763678,10.771168944959797]},"properties":{"OBJECTID":612,"maNhanDang":"","phienBan":0,"ngayPhienBan":1787756708000,"giaTriDoChinhXacMatPhang":0,"nguyenNhanThayDoi":null,"maDoiTuong":"HE03","tenCay":"keo","chieuCao":0}},{"type":"Feature","id":613,"geometry":{"type":"Point","coordinates":[106.34015887799171,10.773932570616449]},"properties":{"OBJECTID":613,"maNhanDang":"","phienBan":0,"ngayPhienBan":1787756708000,"giaTriDoChinhXacMatPhang":0,"nguyenNhanThayDoi":null,"maDoiTuong":"HE03","tenCay":"keo","chieuCao":0}},{"type":"Feature","id":614,"geometry":{"type":"Point","coordinates":[106.33998311884723,10.774001661944398]},"properties":{"OBJECTID":614,"maNhanDang":"","phienBan":0,"ngayPhienBan":1787756708000,"giaTriDoChinhXacMatPhang":0,"nguyenNhanThayDoi":null,"maDoiTuong":"HE03","tenCay":"keo","chieuCao":0}},{"type":"Feature","id":615,"geometry":{"type":"Point","coordinates":[106.33994899114828,10.77381590750994]},"properties":{"OBJECTID":615,"maNhanDang":"","phienBan":0,"ngayPhienBan":1787756708000,"giaTriDoChinhXacMatPhang":0,"nguyenNhanThayDoi":null,"maDoiTuong":"HE03","tenCay":"keo","chieuCao":0}},{"type":"Feature","id":616,"geometry":{"type":"Point","coordinates":[106.33975460747985,10.773892229880214]},"properties":{"OBJECTID":616,"maNhanDang":"","phienBan":0,"ngayPhienBan":1787756708000,"giaTriDoChinhXacMatPhang":0,"nguyenNhanThayDoi":null,"maDoiTuong":"HE03","tenCay":"keo","chieuCao":0}},{"type":"Feature","id":617,"geometry":{"type":"Point","coordinates":[106.34032528145053,10.773662275400001]},"properties":{"OBJECTID":617,"maNhanDang":"","phienBan":0,"ngayPhienBan":1787756708000,"giaTriDoChinhXacMatPhang":0,"nguyenNhanThayDoi":null,"maDoiTuong":"HE03","tenCay":"keo","chieuCao":0}},{"type":"Feature","id":618,"geometry":{"type":"Point","coordinates":[106.34014952250253,10.773731366813205]},"properties":{"OBJECTID":618,"maNhanDang":"","phienBan":0,"ngayPhienBan":1787756708000,"giaTriDoChinhXacMatPhang":0,"nguyenNhanThayDoi":null,"maDoiTuong":"HE03","tenCay":"keo","chieuCao":0}},{"type":"Feature","id":619,"geometry":{"type":"Point","coordinates":[106.34011539382939,10.773545613303497]},"properties":{"OBJECTID":619,"maNhanDang":"","phienBan":0,"ngayPhienBan":1787756708000,"giaTriDoChinhXacMatPhang":0,"nguyenNhanThayDoi":null,"maDoiTuong":"HE03","tenCay":"keo","chieuCao":0}},{"type":"Feature","id":620,"geometry":{"type":"Point","coordinates":[106.33992101129257,10.77362193576632]},"properties":{"OBJECTID":620,"maNhanDang":"","phienBan":0,"ngayPhienBan":1787756708000,"giaTriDoChinhXacMatPhang":0,"nguyenNhanThayDoi":null,"maDoiTuong":"HE03","tenCay":"keo","chieuCao":0}},{"type":"Feature","id":621,"geometry":{"type":"Point","coordinates":[106.34049168370805,10.773391981011093]},"properties":{"OBJECTID":621,"maNhanDang":"","phienBan":0,"ngayPhienBan":1787756708000,"giaTriDoChinhXacMatPhang":0,"nguyenNhanThayDoi":null,"maDoiTuong":"HE03","tenCay":"keo","chieuCao":0}},{"type":"Feature","id":622,"geometry":{"type":"Point","coordinates":[106.34031592495654,10.773461072509551]},"properties":{"OBJECTID":622,"maNhanDang":"","phienBan":0,"ngayPhienBan":1787756708000,"giaTriDoChinhXacMatPhang":0,"nguyenNhanThayDoi":null,"maDoiTuong":"HE03","tenCay":"keo","chieuCao":0}},{"type":"Feature","id":623,"geometry":{"type":"Point","coordinates":[106.34028179713442,10.77327531811293]},"properties":{"OBJECTID":623,"maNhanDang":"","phienBan":0,"ngayPhienBan":1787756708000,"giaTriDoChinhXacMatPhang":0,"nguyenNhanThayDoi":null,"maDoiTuong":"HE03","tenCay":"keo","chieuCao":0}},{"type":"Feature","id":624,"geometry":{"type":"Point","coordinates":[106.34008741481487,10.773351640670025]},"properties":{"OBJECTID":624,"maNhanDang":"","phienBan":0,"ngayPhienBan":1787756708000,"giaTriDoChinhXacMatPhang":0,"nguyenNhanThayDoi":null,"maDoiTuong":"HE03","tenCay":"keo","chieuCao":0}},{"type":"Feature","id":625,"geometry":{"type":"Point","coordinates":[106.34065808567517,10.773121685639842]},"properties":{"OBJECTID":625,"maNhanDang":"","phienBan":0,"ngayPhienBan":1787756708000,"giaTriDoChinhXacMatPhang":0,"nguyenNhanThayDoi":null,"maDoiTuong":"HE03","tenCay":"keo","chieuCao":0}},{"type":"Feature","id":626,"geometry":{"type":"Point","coordinates":[106.34048232803455,10.773190777221776]},"properties":{"OBJECTID":626,"maNhanDang":"","phienBan":0,"ngayPhienBan":1787756708000,"giaTriDoChinhXacMatPhang":0,"nguyenNhanThayDoi":null,"maDoiTuong":"HE03","tenCay":"keo","chieuCao":0}},{"type":"Feature","id":627,"geometry":{"type":"Point","coordinates":[106.34044819923643,10.773005022845808]},"properties":{"OBJECTID":627,"maNhanDang":"","phienBan":0,"ngayPhienBan":1787756708000,"giaTriDoChinhXacMatPhang":0,"nguyenNhanThayDoi":null,"maDoiTuong":"HE03","tenCay":"keo","chieuCao":0}},{"type":"Feature","id":628,"geometry":{"type":"Point","coordinates":[106.3402538162198,10.773081345498943]},"properties":{"OBJECTID":628,"maNhanDang":"","phienBan":0,"ngayPhienBan":1787756708000,"giaTriDoChinhXacMatPhang":0,"nguyenNhanThayDoi":null,"maDoiTuong":"HE03","tenCay":"keo","chieuCao":0}},{"type":"Feature","id":629,"geometry":{"type":"Point","coordinates":[106.34082448826804,10.772851390188555]},"properties":{"OBJECTID":629,"maNhanDang":"","phienBan":0,"ngayPhienBan":1787756708000,"giaTriDoChinhXacMatPhang":0,"nguyenNhanThayDoi":null,"maDoiTuong":"HE03","tenCay":"keo","chieuCao":0}},{"type":"Feature","id":630,"geometry":{"type":"Point","coordinates":[106.34064872899515,10.772920481859229]},"properties":{"OBJECTID":630,"maNhanDang":"","phienBan":0,"ngayPhienBan":1787756708000,"giaTriDoChinhXacMatPhang":0,"nguyenNhanThayDoi":null,"maDoiTuong":"HE03","tenCay":"keo","chieuCao":0}},{"type":"Feature","id":631,"geometry":{"type":"Point","coordinates":[106.34061460105158,10.77273472840451]},"properties":{"OBJECTID":631,"maNhanDang":"","phienBan":0,"ngayPhienBan":1787756708000,"giaTriDoChinhXacMatPhang":0,"nguyenNhanThayDoi":null,"maDoiTuong":"HE03","tenCay":"keo","chieuCao":0}},{"type":"Feature","id":632,"geometry":{"type":"Point","coordinates":[106.34042021916481,10.772811050246084]},"properties":{"OBJECTID":632,"maNhanDang":"","phienBan":0,"ngayPhienBan":1787756708000,"giaTriDoChinhXacMatPhang":0,"nguyenNhanThayDoi":null,"maDoiTuong":"HE03","tenCay":"keo","chieuCao":0}},{"type":"Feature","id":633,"geometry":{"type":"Point","coordinates":[106.34099089057224,10.772581094659008]},"properties":{"OBJECTID":633,"maNhanDang":"","phienBan":0,"ngayPhienBan":1787756708000,"giaTriDoChinhXacMatPhang":0,"nguyenNhanThayDoi":null,"maDoiTuong":"HE03","tenCay":"keo","chieuCao":0}},{"type":"Feature","id":634,"geometry":{"type":"Point","coordinates":[106.34081513149584,10.77265018641492]},"properties":{"OBJECTID":634,"maNhanDang":"","phienBan":0,"ngayPhienBan":1787756708000,"giaTriDoChinhXacMatPhang":0,"nguyenNhanThayDoi":null,"maDoiTuong":"HE03","tenCay":"keo","chieuCao":0}},{"type":"Feature","id":635,"geometry":{"type":"Point","coordinates":[106.34078100349069,10.772464432979124]},"properties":{"OBJECTID":635,"maNhanDang":"","phienBan":0,"ngayPhienBan":1787756708000,"giaTriDoChinhXacMatPhang":0,"nguyenNhanThayDoi":null,"maDoiTuong":"HE03","tenCay":"keo","chieuCao":0}},{"type":"Feature","id":636,"geometry":{"type":"Point","coordinates":[106.34058662090857,10.77254075582078]},"properties":{"OBJECTID":636,"maNhanDang":"","phienBan":0,"ngayPhienBan":1787756708000,"giaTriDoChinhXacMatPhang":0,"nguyenNhanThayDoi":null,"maDoiTuong":"HE03","tenCay":"keo","chieuCao":0}},{"type":"Feature","id":637,"geometry":{"type":"Point","coordinates":[106.34115729167526,10.772310799957037]},"properties":{"OBJECTID":637,"maNhanDang":"","phienBan":0,"ngayPhienBan":1787756708000,"giaTriDoChinhXacMatPhang":0,"nguyenNhanThayDoi":null,"maDoiTuong":"HE03","tenCay":"keo","chieuCao":0}},{"type":"Feature","id":638,"geometry":{"type":"Point","coordinates":[106.34098153370971,10.772379891796424]},"properties":{"OBJECTID":638,"maNhanDang":"","phienBan":0,"ngayPhienBan":1787756708000,"giaTriDoChinhXacMatPhang":0,"nguyenNhanThayDoi":null,"maDoiTuong":"HE03","tenCay":"keo","chieuCao":0}},{"type":"Feature","id":639,"geometry":{"type":"Point","coordinates":[106.34094740472682,10.7721941374772]},"properties":{"OBJECTID":639,"maNhanDang":"","phienBan":0,"ngayPhienBan":1787756708000,"giaTriDoChinhXacMatPhang":0,"nguyenNhanThayDoi":null,"maDoiTuong":"HE03","tenCay":"keo","chieuCao":0}},{"type":"Feature","id":640,"geometry":{"type":"Point","coordinates":[106.34075302327633,10.772270460411374]},"properties":{"OBJECTID":640,"maNhanDang":"","phienBan":0,"ngayPhienBan":1787756708000,"giaTriDoChinhXacMatPhang":0,"nguyenNhanThayDoi":null,"maDoiTuong":"HE03","tenCay":"keo","chieuCao":0}},{"type":"Feature","id":641,"geometry":{"type":"Point","coordinates":[106.34132369248789,10.772040504272743]},"properties":{"OBJECTID":641,"maNhanDang":"","phienBan":0,"ngayPhienBan":1787756708000,"giaTriDoChinhXacMatPhang":0,"nguyenNhanThayDoi":null,"maDoiTuong":"HE03","tenCay":"keo","chieuCao":0}},{"type":"Feature","id":642,"geometry":{"type":"Point","coordinates":[106.3411479347188,10.772109596197337]},"properties":{"OBJECTID":642,"maNhanDang":"","phienBan":0,"ngayPhienBan":1787756708000,"giaTriDoChinhXacMatPhang":0,"nguyenNhanThayDoi":null,"maDoiTuong":"HE03","tenCay":"keo","chieuCao":0}},{"type":"Feature","id":643,"geometry":{"type":"Point","coordinates":[106.3411138056761,10.771923842801113]},"properties":{"OBJECTID":643,"maNhanDang":"","phienBan":0,"ngayPhienBan":1787756708000,"giaTriDoChinhXacMatPhang":0,"nguyenNhanThayDoi":null,"maDoiTuong":"HE03","tenCay":"keo","chieuCao":0}},{"type":"Feature","id":644,"geometry":{"type":"Point","coordinates":[106.34091942444108,10.772000164925476]},"properties":{"OBJECTID":644,"maNhanDang":"","phienBan":0,"ngayPhienBan":1787756708000,"giaTriDoChinhXacMatPhang":0,"nguyenNhanThayDoi":null,"maDoiTuong":"HE03","tenCay":"keo","chieuCao":0}},{"type":"Feature","id":645,"geometry":{"type":"Point","coordinates":[106.34149009392628,10.77177020850845]},"properties":{"OBJECTID":645,"maNhanDang":"","phienBan":0,"ngayPhienBan":1787756708000,"giaTriDoChinhXacMatPhang":0,"nguyenNhanThayDoi":null,"maDoiTuong":"HE03","tenCay":"keo","chieuCao":0}},{"type":"Feature","id":646,"geometry":{"type":"Point","coordinates":[106.34131433543931,10.771839300520019]},"properties":{"OBJECTID":646,"maNhanDang":"","phienBan":0,"ngayPhienBan":1787756708000,"giaTriDoChinhXacMatPhang":0,"nguyenNhanThayDoi":null,"maDoiTuong":"HE03","tenCay":"keo","chieuCao":0}},{"type":"Feature","id":647,"geometry":{"type":"Point","coordinates":[106.3412802072494,10.771653547140954]},"properties":{"OBJECTID":647,"maNhanDang":"","phienBan":0,"ngayPhienBan":1787756708000,"giaTriDoChinhXacMatPhang":0,"nguyenNhanThayDoi":null,"maDoiTuong":"HE03","tenCay":"keo","chieuCao":0}},{"type":"Feature","id":648,"geometry":{"type":"Point","coordinates":[106.34108582623338,10.771729870263641]},"properties":{"OBJECTID":648,"maNhanDang":"","phienBan":0,"ngayPhienBan":1787756708000,"giaTriDoChinhXacMatPhang":0,"nguyenNhanThayDoi":null,"maDoiTuong":"HE03","tenCay":"keo","chieuCao":0}},{"type":"Feature","id":649,"geometry":{"type":"Point","coordinates":[106.34165649416347,10.771499913571745]},"properties":{"OBJECTID":649,"maNhanDang":"","phienBan":0,"ngayPhienBan":1787756708000,"giaTriDoChinhXacMatPhang":0,"nguyenNhanThayDoi":null,"maDoiTuong":"HE03","tenCay":"keo","chieuCao":0}},{"type":"Feature","id":650,"geometry":{"type":"Point","coordinates":[106.34148073678735,10.771569005666775]},"properties":{"OBJECTID":650,"maNhanDang":"","phienBan":0,"ngayPhienBan":1787756708000,"giaTriDoChinhXacMatPhang":0,"nguyenNhanThayDoi":null,"maDoiTuong":"HE03","tenCay":"keo","chieuCao":0}},{"type":"Feature","id":651,"geometry":{"type":"Point","coordinates":[106.34144660761972,10.771383251404298]},"properties":{"OBJECTID":651,"maNhanDang":"","phienBan":0,"ngayPhienBan":1787756708000,"giaTriDoChinhXacMatPhang":0,"nguyenNhanThayDoi":null,"maDoiTuong":"HE03","tenCay":"keo","chieuCao":0}},{"type":"Feature","id":652,"geometry":{"type":"Point","coordinates":[106.34125222682094,10.771459574621218]},"properties":{"OBJECTID":652,"maNhanDang":"","phienBan":0,"ngayPhienBan":1787756708000,"giaTriDoChinhXacMatPhang":0,"nguyenNhanThayDoi":null,"maDoiTuong":"HE03","tenCay":"keo","chieuCao":0}},{"type":"Feature","id":653,"geometry":{"type":"Point","coordinates":[106.34182289411034,10.771229617652731]},"properties":{"OBJECTID":653,"maNhanDang":"","phienBan":0,"ngayPhienBan":1787756708000,"giaTriDoChinhXacMatPhang":0,"nguyenNhanThayDoi":null,"maDoiTuong":"HE03","tenCay":"keo","chieuCao":0}},{"type":"Feature","id":654,"geometry":{"type":"Point","coordinates":[106.34164713693066,10.771298709832957]},"properties":{"OBJECTID":654,"maNhanDang":"","phienBan":0,"ngayPhienBan":1787756708000,"giaTriDoChinhXacMatPhang":0,"nguyenNhanThayDoi":null,"maDoiTuong":"HE03","tenCay":"keo","chieuCao":0}},{"type":"Feature","id":655,"geometry":{"type":"Point","coordinates":[106.34161300770148,10.771112955589397]},"properties":{"OBJECTID":655,"maNhanDang":"","phienBan":0,"ngayPhienBan":1787756708000,"giaTriDoChinhXacMatPhang":0,"nguyenNhanThayDoi":null,"maDoiTuong":"HE03","tenCay":"keo","chieuCao":0}},{"type":"Feature","id":656,"geometry":{"type":"Point","coordinates":[106.34141862711994,10.771189278900561]},"properties":{"OBJECTID":656,"maNhanDang":"","phienBan":0,"ngayPhienBan":1787756708000,"giaTriDoChinhXacMatPhang":0,"nguyenNhanThayDoi":null,"maDoiTuong":"HE03","tenCay":"keo","chieuCao":0}},{"type":"Feature","id":657,"geometry":{"type":"Point","coordinates":[106.34159721419934,10.770899048882173]},"properties":{"OBJECTID":657,"maNhanDang":"","phienBan":0,"ngayPhienBan":1787756708000,"giaTriDoChinhXacMatPhang":0,"nguyenNhanThayDoi":null,"maDoiTuong":"HE03","tenCay":"keo","chieuCao":0}},{"type":"Feature","id":658,"geometry":{"type":"Point","coordinates":[106.34181632306031,10.771018684117912]},"properties":{"OBJECTID":658,"maNhanDang":"","phienBan":0,"ngayPhienBan":1787756708000,"giaTriDoChinhXacMatPhang":0,"nguyenNhanThayDoi":null,"maDoiTuong":"HE03","tenCay":"keo","chieuCao":0}},{"type":"Feature","id":659,"geometry":{"type":"Point","coordinates":[106.33973875075793,10.773689929995909]},"properties":{"OBJECTID":659,"maNhanDang":"","phienBan":0,"ngayPhienBan":1787756708000,"giaTriDoChinhXacMatPhang":0,"nguyenNhanThayDoi":null,"maDoiTuong":"HE03","tenCay":"keo","chieuCao":0}},{"type":"Feature","id":660,"geometry":{"type":"Point","coordinates":[106.33954246452258,10.77376871861742]},"properties":{"OBJECTID":660,"maNhanDang":"","phienBan":0,"ngayPhienBan":1787756708000,"giaTriDoChinhXacMatPhang":0,"nguyenNhanThayDoi":null,"maDoiTuong":"HE03","tenCay":"keo","chieuCao":0}},{"type":"Feature","id":661,"geometry":{"type":"Point","coordinates":[106.3395083371269,10.773582965020127]},"properties":{"OBJECTID":661,"maNhanDang":"","phienBan":0,"ngayPhienBan":1787756708000,"giaTriDoChinhXacMatPhang":0,"nguyenNhanThayDoi":null,"maDoiTuong":"HE03","tenCay":"keo","chieuCao":0}},{"type":"Feature","id":662,"geometry":{"type":"Point","coordinates":[106.33931395439315,10.773659287111377]},"properties":{"OBJECTID":662,"maNhanDang":"","phienBan":0,"ngayPhienBan":1787756708000,"giaTriDoChinhXacMatPhang":0,"nguyenNhanThayDoi":null,"maDoiTuong":"HE03","tenCay":"keo","chieuCao":0}},{"type":"Feature","id":663,"geometry":{"type":"Point","coordinates":[106.3399052451139,10.773419690869703]},"properties":{"OBJECTID":663,"maNhanDang":"","phienBan":0,"ngayPhienBan":1787756708000,"giaTriDoChinhXacMatPhang":0,"nguyenNhanThayDoi":null,"maDoiTuong":"HE03","tenCay":"keo","chieuCao":0}},{"type":"Feature","id":664,"geometry":{"type":"Point","coordinates":[106.33970896001318,10.773498479584736]},"properties":{"OBJECTID":664,"maNhanDang":"","phienBan":0,"ngayPhienBan":1787756708000,"giaTriDoChinhXacMatPhang":0,"nguyenNhanThayDoi":null,"maDoiTuong":"HE03","tenCay":"keo","chieuCao":0}},{"type":"Feature","id":665,"geometry":{"type":"Point","coordinates":[106.33967483255404,10.773312725102256]},"properties":{"OBJECTID":665,"maNhanDang":"","phienBan":0,"ngayPhienBan":1787756708000,"giaTriDoChinhXacMatPhang":0,"nguyenNhanThayDoi":null,"maDoiTuong":"HE03","tenCay":"keo","chieuCao":0}},{"type":"Feature","id":666,"geometry":{"type":"Point","coordinates":[106.33948044912319,10.773389047289603]},"properties":{"OBJECTID":666,"maNhanDang":"","phienBan":0,"ngayPhienBan":1787756708000,"giaTriDoChinhXacMatPhang":0,"nguyenNhanThayDoi":null,"maDoiTuong":"HE03","tenCay":"keo","chieuCao":0}},{"type":"Feature","id":667,"geometry":{"type":"Point","coordinates":[106.34007174009371,10.773149450759272]},"properties":{"OBJECTID":667,"maNhanDang":"","phienBan":0,"ngayPhienBan":1787756708000,"giaTriDoChinhXacMatPhang":0,"nguyenNhanThayDoi":null,"maDoiTuong":"HE03","tenCay":"keo","chieuCao":0}},{"type":"Feature","id":668,"geometry":{"type":"Point","coordinates":[106.33987545429886,10.77322823957129]},"properties":{"OBJECTID":668,"maNhanDang":"","phienBan":0,"ngayPhienBan":1787756708000,"giaTriDoChinhXacMatPhang":0,"nguyenNhanThayDoi":null,"maDoiTuong":"HE03","tenCay":"keo","chieuCao":0}},{"type":"Feature","id":669,"geometry":{"type":"Point","coordinates":[106.33984132586367,10.773042485109466]},"properties":{"OBJECTID":669,"maNhanDang":"","phienBan":0,"ngayPhienBan":1787756708000,"giaTriDoChinhXacMatPhang":0,"nguyenNhanThayDoi":null,"maDoiTuong":"HE03","tenCay":"keo","chieuCao":0}},{"type":"Feature","id":670,"geometry":{"type":"Point","coordinates":[106.33964694356445,10.773118807389432]},"properties":{"OBJECTID":670,"maNhanDang":"","phienBan":0,"ngayPhienBan":1787756708000,"giaTriDoChinhXacMatPhang":0,"nguyenNhanThayDoi":null,"maDoiTuong":"HE03","tenCay":"keo","chieuCao":0}},{"type":"Feature","id":671,"geometry":{"type":"Point","coordinates":[106.34023823295601,10.772879210573945]},"properties":{"OBJECTID":671,"maNhanDang":"","phienBan":0,"ngayPhienBan":1787756708000,"giaTriDoChinhXacMatPhang":0,"nguyenNhanThayDoi":null,"maDoiTuong":"HE03","tenCay":"keo","chieuCao":0}},{"type":"Feature","id":672,"geometry":{"type":"Point","coordinates":[106.34004194829578,10.77295799947947]},"properties":{"OBJECTID":672,"maNhanDang":"","phienBan":0,"ngayPhienBan":1787756708000,"giaTriDoChinhXacMatPhang":0,"nguyenNhanThayDoi":null,"maDoiTuong":"HE03","tenCay":"keo","chieuCao":0}},{"type":"Feature","id":673,"geometry":{"type":"Point","coordinates":[106.34000782071506,10.772772245938915]},"properties":{"OBJECTID":673,"maNhanDang":"","phienBan":0,"ngayPhienBan":1787756708000,"giaTriDoChinhXacMatPhang":0,"nguyenNhanThayDoi":null,"maDoiTuong":"HE03","tenCay":"keo","chieuCao":0}},{"type":"Feature","id":674,"geometry":{"type":"Point","coordinates":[106.33981343863309,10.772848568313227]},"properties":{"OBJECTID":674,"maNhanDang":"","phienBan":0,"ngayPhienBan":1787756708000,"giaTriDoChinhXacMatPhang":0,"nguyenNhanThayDoi":null,"maDoiTuong":"HE03","tenCay":"keo","chieuCao":0}},{"type":"Feature","id":675,"geometry":{"type":"Point","coordinates":[106.34040472736007,10.772608971210843]},"properties":{"OBJECTID":675,"maNhanDang":"","phienBan":0,"ngayPhienBan":1787756708000,"giaTriDoChinhXacMatPhang":0,"nguyenNhanThayDoi":null,"maDoiTuong":"HE03","tenCay":"keo","chieuCao":0}},{"type":"Feature","id":676,"geometry":{"type":"Point","coordinates":[106.34020844292007,10.772687760211598]},"properties":{"OBJECTID":676,"maNhanDang":"","phienBan":0,"ngayPhienBan":1787756708000,"giaTriDoChinhXacMatPhang":0,"nguyenNhanThayDoi":null,"maDoiTuong":"HE03","tenCay":"keo","chieuCao":0}},{"type":"Feature","id":677,"geometry":{"type":"Point","coordinates":[106.34017431436155,10.77250200578764]},"properties":{"OBJECTID":677,"maNhanDang":"","phienBan":0,"ngayPhienBan":1787756708000,"giaTriDoChinhXacMatPhang":0,"nguyenNhanThayDoi":null,"maDoiTuong":"HE03","tenCay":"keo","chieuCao":0}},{"type":"Feature","id":678,"geometry":{"type":"Point","coordinates":[106.33997993158245,10.77257832825803]},"properties":{"OBJECTID":678,"maNhanDang":"","phienBan":0,"ngayPhienBan":1787756708000,"giaTriDoChinhXacMatPhang":0,"nguyenNhanThayDoi":null,"maDoiTuong":"HE03","tenCay":"keo","chieuCao":0}},{"type":"Feature","id":679,"geometry":{"type":"Point","coordinates":[106.34057122055923,10.772338730867038]},"properties":{"OBJECTID":679,"maNhanDang":"","phienBan":0,"ngayPhienBan":1787756708000,"giaTriDoChinhXacMatPhang":0,"nguyenNhanThayDoi":null,"maDoiTuong":"HE03","tenCay":"keo","chieuCao":0}},{"type":"Feature","id":680,"geometry":{"type":"Point","coordinates":[106.34037493542512,10.77241751996478]},"properties":{"OBJECTID":680,"maNhanDang":"","phienBan":0,"ngayPhienBan":1787756708000,"giaTriDoChinhXacMatPhang":0,"nguyenNhanThayDoi":null,"maDoiTuong":"HE03","tenCay":"keo","chieuCao":0}},{"type":"Feature","id":681,"geometry":{"type":"Point","coordinates":[106.34034080771931,10.772231765557994]},"properties":{"OBJECTID":681,"maNhanDang":"","phienBan":0,"ngayPhienBan":1787756708000,"giaTriDoChinhXacMatPhang":0,"nguyenNhanThayDoi":null,"maDoiTuong":"HE03","tenCay":"keo","chieuCao":0}},{"type":"Feature","id":682,"geometry":{"type":"Point","coordinates":[106.3401464260718,10.772308088120973]},"properties":{"OBJECTID":682,"maNhanDang":"","phienBan":0,"ngayPhienBan":1787756708000,"giaTriDoChinhXacMatPhang":0,"nguyenNhanThayDoi":null,"maDoiTuong":"HE03","tenCay":"keo","chieuCao":0}},{"type":"Feature","id":683,"geometry":{"type":"Point","coordinates":[106.34073771347144,10.772068491348982]},"properties":{"OBJECTID":683,"maNhanDang":"","phienBan":0,"ngayPhienBan":1787756708000,"giaTriDoChinhXacMatPhang":0,"nguyenNhanThayDoi":null,"maDoiTuong":"HE03","tenCay":"keo","chieuCao":0}},{"type":"Feature","id":684,"geometry":{"type":"Point","coordinates":[106.34054142947016,10.772147279636101]},"properties":{"OBJECTID":684,"maNhanDang":"","phienBan":0,"ngayPhienBan":1787756708000,"giaTriDoChinhXacMatPhang":0,"nguyenNhanThayDoi":null,"maDoiTuong":"HE03","tenCay":"keo","chieuCao":0}},{"type":"Feature","id":685,"geometry":{"type":"Point","coordinates":[106.34050730170446,10.771961526152337]},"properties":{"OBJECTID":685,"maNhanDang":"","phienBan":0,"ngayPhienBan":1787756708000,"giaTriDoChinhXacMatPhang":0,"nguyenNhanThayDoi":null,"maDoiTuong":"HE03","tenCay":"keo","chieuCao":0}},{"type":"Feature","id":686,"geometry":{"type":"Point","coordinates":[106.34031291935983,10.772037848811365]},"properties":{"OBJECTID":686,"maNhanDang":"","phienBan":0,"ngayPhienBan":1787756708000,"giaTriDoChinhXacMatPhang":0,"nguyenNhanThayDoi":null,"maDoiTuong":"HE03","tenCay":"keo","chieuCao":0}},{"type":"Feature","id":687,"geometry":{"type":"Point","coordinates":[106.34090420700753,10.771798250846727]},"properties":{"OBJECTID":687,"maNhanDang":"","phienBan":0,"ngayPhienBan":1787756708000,"giaTriDoChinhXacMatPhang":0,"nguyenNhanThayDoi":null,"maDoiTuong":"HE03","tenCay":"keo","chieuCao":0}},{"type":"Feature","id":688,"geometry":{"type":"Point","coordinates":[106.34070792231385,10.771877040134898]},"properties":{"OBJECTID":688,"maNhanDang":"","phienBan":0,"ngayPhienBan":1787756708000,"giaTriDoChinhXacMatPhang":0,"nguyenNhanThayDoi":null,"maDoiTuong":"HE03","tenCay":"keo","chieuCao":0}},{"type":"Feature","id":689,"geometry":{"type":"Point","coordinates":[106.34067379357039,10.771691285767714]},"properties":{"OBJECTID":689,"maNhanDang":"","phienBan":0,"ngayPhienBan":1787756708000,"giaTriDoChinhXacMatPhang":0,"nguyenNhanThayDoi":null,"maDoiTuong":"HE03","tenCay":"keo","chieuCao":0}},{"type":"Feature","id":690,"geometry":{"type":"Point","coordinates":[106.34047941235734,10.771767608519326]},"properties":{"OBJECTID":690,"maNhanDang":"","phienBan":0,"ngayPhienBan":1787756708000,"giaTriDoChinhXacMatPhang":0,"nguyenNhanThayDoi":null,"maDoiTuong":"HE03","tenCay":"keo","chieuCao":0}},{"type":"Feature","id":691,"geometry":{"type":"Point","coordinates":[106.34107069934053,10.771528010267879]},"properties":{"OBJECTID":691,"maNhanDang":"","phienBan":0,"ngayPhienBan":1787756708000,"giaTriDoChinhXacMatPhang":0,"nguyenNhanThayDoi":null,"maDoiTuong":"HE03","tenCay":"keo","chieuCao":0}},{"type":"Feature","id":692,"geometry":{"type":"Point","coordinates":[106.34087441486709,10.77160679965127]},"properties":{"OBJECTID":692,"maNhanDang":"","phienBan":0,"ngayPhienBan":1787756708000,"giaTriDoChinhXacMatPhang":0,"nguyenNhanThayDoi":null,"maDoiTuong":"HE03","tenCay":"keo","chieuCao":0}},{"type":"Feature","id":693,"geometry":{"type":"Point","coordinates":[106.34084028697632,10.771421045301237]},"properties":{"OBJECTID":693,"maNhanDang":"","phienBan":0,"ngayPhienBan":1787756708000,"giaTriDoChinhXacMatPhang":0,"nguyenNhanThayDoi":null,"maDoiTuong":"HE03","tenCay":"keo","chieuCao":0}},{"type":"Feature","id":694,"geometry":{"type":"Point","coordinates":[106.34064590598051,10.771497368147179]},"properties":{"OBJECTID":694,"maNhanDang":"","phienBan":0,"ngayPhienBan":1787756708000,"giaTriDoChinhXacMatPhang":0,"nguyenNhanThayDoi":null,"maDoiTuong":"HE03","tenCay":"keo","chieuCao":0}},{"type":"Feature","id":695,"geometry":{"type":"Point","coordinates":[106.34123719138661,10.77125777051476]},"properties":{"OBJECTID":695,"maNhanDang":"","phienBan":0,"ngayPhienBan":1787756708000,"giaTriDoChinhXacMatPhang":0,"nguyenNhanThayDoi":null,"maDoiTuong":"HE03","tenCay":"keo","chieuCao":0}},{"type":"Feature","id":696,"geometry":{"type":"Point","coordinates":[106.34104090804597,10.771336559087519]},"properties":{"OBJECTID":696,"maNhanDang":"","phienBan":0,"ngayPhienBan":1787756708000,"giaTriDoChinhXacMatPhang":0,"nguyenNhanThayDoi":null,"maDoiTuong":"HE03","tenCay":"keo","chieuCao":0}},{"type":"Feature","id":697,"geometry":{"type":"Point","coordinates":[106.34100677918097,10.771150805662275]},"properties":{"OBJECTID":697,"maNhanDang":"","phienBan":0,"ngayPhienBan":1787756708000,"giaTriDoChinhXacMatPhang":0,"nguyenNhanThayDoi":null,"maDoiTuong":"HE03","tenCay":"keo","chieuCao":0}},{"type":"Feature","id":698,"geometry":{"type":"Point","coordinates":[106.34081239840239,10.771227128602526]},"properties":{"OBJECTID":698,"maNhanDang":"","phienBan":0,"ngayPhienBan":1787756708000,"giaTriDoChinhXacMatPhang":0,"nguyenNhanThayDoi":null,"maDoiTuong":"HE03","tenCay":"keo","chieuCao":0}},{"type":"Feature","id":699,"geometry":{"type":"Point","coordinates":[106.34140368314223,10.770987529779248]},"properties":{"OBJECTID":699,"maNhanDang":"","phienBan":0,"ngayPhienBan":1787756708000,"giaTriDoChinhXacMatPhang":0,"nguyenNhanThayDoi":null,"maDoiTuong":"HE03","tenCay":"keo","chieuCao":0}},{"type":"Feature","id":700,"geometry":{"type":"Point","coordinates":[106.34120740002356,10.771066319351299]},"properties":{"OBJECTID":700,"maNhanDang":"","phienBan":0,"ngayPhienBan":1787756708000,"giaTriDoChinhXacMatPhang":0,"nguyenNhanThayDoi":null,"maDoiTuong":"HE03","tenCay":"keo","chieuCao":0}},{"type":"Feature","id":701,"geometry":{"type":"Point","coordinates":[106.34117327109517,10.770880565040887]},"properties":{"OBJECTID":701,"maNhanDang":"","phienBan":0,"ngayPhienBan":1787756708000,"giaTriDoChinhXacMatPhang":0,"nguyenNhanThayDoi":null,"maDoiTuong":"HE03","tenCay":"keo","chieuCao":0}},{"type":"Feature","id":702,"geometry":{"type":"Point","coordinates":[106.34097889053378,10.77095688807543]},"properties":{"OBJECTID":702,"maNhanDang":"","phienBan":0,"ngayPhienBan":1787756708000,"giaTriDoChinhXacMatPhang":0,"nguyenNhanThayDoi":null,"maDoiTuong":"HE03","tenCay":"keo","chieuCao":0}},{"type":"Feature","id":703,"geometry":{"type":"Point","coordinates":[106.34115158781475,10.770692560195934]},"properties":{"OBJECTID":703,"maNhanDang":"","phienBan":0,"ngayPhienBan":1787756708000,"giaTriDoChinhXacMatPhang":0,"nguyenNhanThayDoi":null,"maDoiTuong":"HE03","tenCay":"keo","chieuCao":0}},{"type":"Feature","id":704,"geometry":{"type":"Point","coordinates":[106.34139524802988,10.77076864099287]},"properties":{"OBJECTID":704,"maNhanDang":"","phienBan":0,"ngayPhienBan":1787756708000,"giaTriDoChinhXacMatPhang":0,"nguyenNhanThayDoi":null,"maDoiTuong":"HE03","tenCay":"keo","chieuCao":0}},{"type":"Feature","id":705,"geometry":{"type":"Point","coordinates":[106.33928542557668,10.773477619307098]},"properties":{"OBJECTID":705,"maNhanDang":"","phienBan":0,"ngayPhienBan":1787756708000,"giaTriDoChinhXacMatPhang":0,"nguyenNhanThayDoi":null,"maDoiTuong":"HE03","tenCay":"keo","chieuCao":0}},{"type":"Feature","id":706,"geometry":{"type":"Point","coordinates":[106.33910656035827,10.773536844187175]},"properties":{"OBJECTID":706,"maNhanDang":"","phienBan":0,"ngayPhienBan":1787756708000,"giaTriDoChinhXacMatPhang":0,"nguyenNhanThayDoi":null,"maDoiTuong":"HE03","tenCay":"keo","chieuCao":0}},{"type":"Feature","id":707,"geometry":{"type":"Point","coordinates":[106.33908013968576,10.77335348801264]},"properties":{"OBJECTID":707,"maNhanDang":"","phienBan":0,"ngayPhienBan":1787756708000,"giaTriDoChinhXacMatPhang":0,"nguyenNhanThayDoi":null,"maDoiTuong":"HE03","tenCay":"keo","chieuCao":0}},{"type":"Feature","id":708,"geometry":{"type":"Point","coordinates":[106.33888575697372,10.77342980983439]},"properties":{"OBJECTID":708,"maNhanDang":"","phienBan":0,"ngayPhienBan":1787756708000,"giaTriDoChinhXacMatPhang":0,"nguyenNhanThayDoi":null,"maDoiTuong":"HE03","tenCay":"keo","chieuCao":0}},{"type":"Feature","id":709,"geometry":{"type":"Point","coordinates":[106.33945277435606,10.773207895925736]},"properties":{"OBJECTID":709,"maNhanDang":"","phienBan":0,"ngayPhienBan":1787756708000,"giaTriDoChinhXacMatPhang":0,"nguyenNhanThayDoi":null,"maDoiTuong":"HE03","tenCay":"keo","chieuCao":0}},{"type":"Feature","id":710,"geometry":{"type":"Point","coordinates":[106.33927390841583,10.773267119990896]},"properties":{"OBJECTID":710,"maNhanDang":"","phienBan":0,"ngayPhienBan":1787756708000,"giaTriDoChinhXacMatPhang":0,"nguyenNhanThayDoi":null,"maDoiTuong":"HE03","tenCay":"keo","chieuCao":0}},{"type":"Feature","id":711,"geometry":{"type":"Point","coordinates":[106.33924748858954,10.773083763829851]},"properties":{"OBJECTID":711,"maNhanDang":"","phienBan":0,"ngayPhienBan":1787756708000,"giaTriDoChinhXacMatPhang":0,"nguyenNhanThayDoi":null,"maDoiTuong":"HE03","tenCay":"keo","chieuCao":0}},{"type":"Feature","id":712,"geometry":{"type":"Point","coordinates":[106.33905310609467,10.773160085746497]},"properties":{"OBJECTID":712,"maNhanDang":"","phienBan":0,"ngayPhienBan":1787756708000,"giaTriDoChinhXacMatPhang":0,"nguyenNhanThayDoi":null,"maDoiTuong":"HE03","tenCay":"keo","chieuCao":0}},{"type":"Feature","id":713,"geometry":{"type":"Point","coordinates":[106.3396201219295,10.772938171562744]},"properties":{"OBJECTID":713,"maNhanDang":"","phienBan":0,"ngayPhienBan":1787756708000,"giaTriDoChinhXacMatPhang":0,"nguyenNhanThayDoi":null,"maDoiTuong":"HE03","tenCay":"keo","chieuCao":0}},{"type":"Feature","id":714,"geometry":{"type":"Point","coordinates":[106.33944125709969,10.77299739661772]},"properties":{"OBJECTID":714,"maNhanDang":"","phienBan":0,"ngayPhienBan":1787756708000,"giaTriDoChinhXacMatPhang":0,"nguyenNhanThayDoi":null,"maDoiTuong":"HE03","tenCay":"keo","chieuCao":0}},{"type":"Feature","id":715,"geometry":{"type":"Point","coordinates":[106.33941483629084,10.772814040473639]},"properties":{"OBJECTID":715,"maNhanDang":"","phienBan":0,"ngayPhienBan":1787756708000,"giaTriDoChinhXacMatPhang":0,"nguyenNhanThayDoi":null,"maDoiTuong":"HE03","tenCay":"keo","chieuCao":0}},{"type":"Feature","id":716,"geometry":{"type":"Point","coordinates":[106.33922045401317,10.77289036248518]},"properties":{"OBJECTID":716,"maNhanDang":"","phienBan":0,"ngayPhienBan":1787756708000,"giaTriDoChinhXacMatPhang":0,"nguyenNhanThayDoi":null,"maDoiTuong":"HE03","tenCay":"keo","chieuCao":0}},{"type":"Feature","id":717,"geometry":{"type":"Point","coordinates":[106.33978746921487,10.772668448024637]},"properties":{"OBJECTID":717,"maNhanDang":"","phienBan":0,"ngayPhienBan":1787756708000,"giaTriDoChinhXacMatPhang":0,"nguyenNhanThayDoi":null,"maDoiTuong":"HE03","tenCay":"keo","chieuCao":0}},{"type":"Feature","id":718,"geometry":{"type":"Point","coordinates":[106.33960860457937,10.772727673167044]},"properties":{"OBJECTID":718,"maNhanDang":"","phienBan":0,"ngayPhienBan":1787756708000,"giaTriDoChinhXacMatPhang":0,"nguyenNhanThayDoi":null,"maDoiTuong":"HE03","tenCay":"keo","chieuCao":0}},{"type":"Feature","id":719,"geometry":{"type":"Point","coordinates":[106.33958218370239,10.772544317038193]},"properties":{"OBJECTID":719,"maNhanDang":"","phienBan":0,"ngayPhienBan":1787756708000,"giaTriDoChinhXacMatPhang":0,"nguyenNhanThayDoi":null,"maDoiTuong":"HE03","tenCay":"keo","chieuCao":0}},{"type":"Feature","id":720,"geometry":{"type":"Point","coordinates":[106.33938780164185,10.772620639144616]},"properties":{"OBJECTID":720,"maNhanDang":"","phienBan":0,"ngayPhienBan":1787756708000,"giaTriDoChinhXacMatPhang":0,"nguyenNhanThayDoi":null,"maDoiTuong":"HE03","tenCay":"keo","chieuCao":0}},{"type":"Feature","id":721,"geometry":{"type":"Point","coordinates":[106.33995481712482,10.772398724405543]},"properties":{"OBJECTID":721,"maNhanDang":"","phienBan":0,"ngayPhienBan":1787756708000,"giaTriDoChinhXacMatPhang":0,"nguyenNhanThayDoi":null,"maDoiTuong":"HE03","tenCay":"keo","chieuCao":0}},{"type":"Feature","id":722,"geometry":{"type":"Point","coordinates":[106.33977595176745,10.772457948733031]},"properties":{"OBJECTID":722,"maNhanDang":"","phienBan":0,"ngayPhienBan":1787756708000,"giaTriDoChinhXacMatPhang":0,"nguyenNhanThayDoi":null,"maDoiTuong":"HE03","tenCay":"keo","chieuCao":0}},{"type":"Feature","id":723,"geometry":{"type":"Point","coordinates":[106.3397495317367,10.772274592617649]},"properties":{"OBJECTID":723,"maNhanDang":"","phienBan":0,"ngayPhienBan":1787756708000,"giaTriDoChinhXacMatPhang":0,"nguyenNhanThayDoi":null,"maDoiTuong":"HE03","tenCay":"keo","chieuCao":0}},{"type":"Feature","id":724,"geometry":{"type":"Point","coordinates":[106.33955514989334,10.772350914818972]},"properties":{"OBJECTID":724,"maNhanDang":"","phienBan":0,"ngayPhienBan":1787756708000,"giaTriDoChinhXacMatPhang":0,"nguyenNhanThayDoi":null,"maDoiTuong":"HE03","tenCay":"keo","chieuCao":0}},{"type":"Feature","id":725,"geometry":{"type":"Point","coordinates":[106.34012216382885,10.772128999804858]},"properties":{"OBJECTID":725,"maNhanDang":"","phienBan":0,"ngayPhienBan":1787756708000,"giaTriDoChinhXacMatPhang":0,"nguyenNhanThayDoi":null,"maDoiTuong":"HE03","tenCay":"keo","chieuCao":0}},{"type":"Feature","id":726,"geometry":{"type":"Point","coordinates":[106.33994329958186,10.772188225122145]},"properties":{"OBJECTID":726,"maNhanDang":"","phienBan":0,"ngayPhienBan":1787756708000,"giaTriDoChinhXacMatPhang":0,"nguyenNhanThayDoi":null,"maDoiTuong":"HE03","tenCay":"keo","chieuCao":0}},{"type":"Feature","id":727,"geometry":{"type":"Point","coordinates":[106.33991687948298,10.772004869022009]},"properties":{"OBJECTID":727,"maNhanDang":"","phienBan":0,"ngayPhienBan":1787756708000,"giaTriDoChinhXacMatPhang":0,"nguyenNhanThayDoi":null,"maDoiTuong":"HE03","tenCay":"keo","chieuCao":0}},{"type":"Feature","id":728,"geometry":{"type":"Point","coordinates":[106.33972249694241,10.772081191319925]},"properties":{"OBJECTID":728,"maNhanDang":"","phienBan":0,"ngayPhienBan":1787756708000,"giaTriDoChinhXacMatPhang":0,"nguyenNhanThayDoi":null,"maDoiTuong":"HE03","tenCay":"keo","chieuCao":0}},{"type":"Feature","id":729,"geometry":{"type":"Point","coordinates":[106.34028951024483,10.77185927602908]},"properties":{"OBJECTID":729,"maNhanDang":"","phienBan":0,"ngayPhienBan":1787756708000,"giaTriDoChinhXacMatPhang":0,"nguyenNhanThayDoi":null,"maDoiTuong":"HE03","tenCay":"keo","chieuCao":0}},{"type":"Feature","id":730,"geometry":{"type":"Point","coordinates":[106.34011064619038,10.771918500529678]},"properties":{"OBJECTID":730,"maNhanDang":"","phienBan":0,"ngayPhienBan":1787756708000,"giaTriDoChinhXacMatPhang":0,"nguyenNhanThayDoi":null,"maDoiTuong":"HE03","tenCay":"keo","chieuCao":0}},{"type":"Feature","id":731,"geometry":{"type":"Point","coordinates":[106.34008422602511,10.771735145348858]},"properties":{"OBJECTID":731,"maNhanDang":"","phienBan":0,"ngayPhienBan":1787756708000,"giaTriDoChinhXacMatPhang":0,"nguyenNhanThayDoi":null,"maDoiTuong":"HE03","tenCay":"keo","chieuCao":0}},{"type":"Feature","id":732,"geometry":{"type":"Point","coordinates":[106.33988984369995,10.77181146683755]},"properties":{"OBJECTID":732,"maNhanDang":"","phienBan":0,"ngayPhienBan":1787756708000,"giaTriDoChinhXacMatPhang":0,"nguyenNhanThayDoi":null,"maDoiTuong":"HE03","tenCay":"keo","chieuCao":0}},{"type":"Feature","id":733,"geometry":{"type":"Point","coordinates":[106.34045685728543,10.77158955217233]},"properties":{"OBJECTID":733,"maNhanDang":"","phienBan":0,"ngayPhienBan":1787756708000,"giaTriDoChinhXacMatPhang":0,"nguyenNhanThayDoi":null,"maDoiTuong":"HE03","tenCay":"keo","chieuCao":0}},{"type":"Feature","id":734,"geometry":{"type":"Point","coordinates":[106.34027799251088,10.771648776762097]},"properties":{"OBJECTID":734,"maNhanDang":"","phienBan":0,"ngayPhienBan":1787756708000,"giaTriDoChinhXacMatPhang":0,"nguyenNhanThayDoi":null,"maDoiTuong":"HE03","tenCay":"keo","chieuCao":0}},{"type":"Feature","id":735,"geometry":{"type":"Point","coordinates":[106.34025157227572,10.771465420692405]},"properties":{"OBJECTID":735,"maNhanDang":"","phienBan":0,"ngayPhienBan":1787756708000,"giaTriDoChinhXacMatPhang":0,"nguyenNhanThayDoi":null,"maDoiTuong":"HE03","tenCay":"keo","chieuCao":0}},{"type":"Feature","id":736,"geometry":{"type":"Point","coordinates":[106.34005719108382,10.771541743178314]},"properties":{"OBJECTID":736,"maNhanDang":"","phienBan":0,"ngayPhienBan":1787756708000,"giaTriDoChinhXacMatPhang":0,"nguyenNhanThayDoi":null,"maDoiTuong":"HE03","tenCay":"keo","chieuCao":0}},{"type":"Feature","id":737,"geometry":{"type":"Point","coordinates":[106.34062420312013,10.77131982733402]},"properties":{"OBJECTID":737,"maNhanDang":"","phienBan":0,"ngayPhienBan":1787756708000,"giaTriDoChinhXacMatPhang":0,"nguyenNhanThayDoi":null,"maDoiTuong":"HE03","tenCay":"keo","chieuCao":0}},{"type":"Feature","id":738,"geometry":{"type":"Point","coordinates":[106.34044533945595,10.77137905291355]},"properties":{"OBJECTID":738,"maNhanDang":"","phienBan":0,"ngayPhienBan":1787756708000,"giaTriDoChinhXacMatPhang":0,"nguyenNhanThayDoi":null,"maDoiTuong":"HE03","tenCay":"keo","chieuCao":0}},{"type":"Feature","id":739,"geometry":{"type":"Point","coordinates":[106.34041891823834,10.771195696860833]},"properties":{"OBJECTID":739,"maNhanDang":"","phienBan":0,"ngayPhienBan":1787756708000,"giaTriDoChinhXacMatPhang":0,"nguyenNhanThayDoi":null,"maDoiTuong":"HE03","tenCay":"keo","chieuCao":0}},{"type":"Feature","id":740,"geometry":{"type":"Point","coordinates":[106.34022453726355,10.771272019441597]},"properties":{"OBJECTID":740,"maNhanDang":"","phienBan":0,"ngayPhienBan":1787756708000,"giaTriDoChinhXacMatPhang":0,"nguyenNhanThayDoi":null,"maDoiTuong":"HE03","tenCay":"keo","chieuCao":0}},{"type":"Feature","id":741,"geometry":{"type":"Point","coordinates":[106.34079154866684,10.771050103320606]},"properties":{"OBJECTID":741,"maNhanDang":"","phienBan":0,"ngayPhienBan":1787756708000,"giaTriDoChinhXacMatPhang":0,"nguyenNhanThayDoi":null,"maDoiTuong":"HE03","tenCay":"keo","chieuCao":0}},{"type":"Feature","id":742,"geometry":{"type":"Point","coordinates":[106.34061268519515,10.771109328083456]},"properties":{"OBJECTID":742,"maNhanDang":"","phienBan":0,"ngayPhienBan":1787756708000,"giaTriDoChinhXacMatPhang":0,"nguyenNhanThayDoi":null,"maDoiTuong":"HE03","tenCay":"keo","chieuCao":0}},{"type":"Feature","id":743,"geometry":{"type":"Point","coordinates":[106.34058626391116,10.770925972950055]},"properties":{"OBJECTID":743,"maNhanDang":"","phienBan":0,"ngayPhienBan":1787756708000,"giaTriDoChinhXacMatPhang":0,"nguyenNhanThayDoi":null,"maDoiTuong":"HE03","tenCay":"keo","chieuCao":0}},{"type":"Feature","id":744,"geometry":{"type":"Point","coordinates":[106.34039188315353,10.771002295625674]},"properties":{"OBJECTID":744,"maNhanDang":"","phienBan":0,"ngayPhienBan":1787756708000,"giaTriDoChinhXacMatPhang":0,"nguyenNhanThayDoi":null,"maDoiTuong":"HE03","tenCay":"keo","chieuCao":0}},{"type":"Feature","id":745,"geometry":{"type":"Point","coordinates":[106.34094314475253,10.770797654931515]},"properties":{"OBJECTID":745,"maNhanDang":"","phienBan":0,"ngayPhienBan":1787756708000,"giaTriDoChinhXacMatPhang":0,"nguyenNhanThayDoi":null,"maDoiTuong":"HE03","tenCay":"keo","chieuCao":0}},{"type":"Feature","id":746,"geometry":{"type":"Point","coordinates":[106.34078003064639,10.77083960407826]},"properties":{"OBJECTID":746,"maNhanDang":"","phienBan":0,"ngayPhienBan":1787756708000,"giaTriDoChinhXacMatPhang":0,"nguyenNhanThayDoi":null,"maDoiTuong":"HE03","tenCay":"keo","chieuCao":0}},{"type":"Feature","id":747,"geometry":{"type":"Point","coordinates":[106.34075361020689,10.770656248054255]},"properties":{"OBJECTID":747,"maNhanDang":"","phienBan":0,"ngayPhienBan":1787756708000,"giaTriDoChinhXacMatPhang":0,"nguyenNhanThayDoi":null,"maDoiTuong":"HE03","tenCay":"keo","chieuCao":0}},{"type":"Feature","id":748,"geometry":{"type":"Point","coordinates":[106.34053919801427,10.770727069569709]},"properties":{"OBJECTID":748,"maNhanDang":"","phienBan":0,"ngayPhienBan":1787756708000,"giaTriDoChinhXacMatPhang":0,"nguyenNhanThayDoi":null,"maDoiTuong":"HE03","tenCay":"keo","chieuCao":0}},{"type":"Feature","id":749,"geometry":{"type":"Point","coordinates":[106.34073874422405,10.770417326701656]},"properties":{"OBJECTID":749,"maNhanDang":"","phienBan":0,"ngayPhienBan":1787756708000,"giaTriDoChinhXacMatPhang":0,"nguyenNhanThayDoi":null,"maDoiTuong":"HE03","tenCay":"keo","chieuCao":0}},{"type":"Feature","id":750,"geometry":{"type":"Point","coordinates":[106.34107915977764,10.770576127427713]},"properties":{"OBJECTID":750,"maNhanDang":"","phienBan":0,"ngayPhienBan":1787756708000,"giaTriDoChinhXacMatPhang":0,"nguyenNhanThayDoi":null,"maDoiTuong":"HE03","tenCay":"keo","chieuCao":0}},{"type":"Feature","id":751,"geometry":{"type":"Point","coordinates":[106.33885284650529,10.773248007450729]},"properties":{"OBJECTID":751,"maNhanDang":"","phienBan":0,"ngayPhienBan":1787756708000,"giaTriDoChinhXacMatPhang":0,"nguyenNhanThayDoi":null,"maDoiTuong":"HE03","tenCay":"keo","chieuCao":0}},{"type":"Feature","id":752,"geometry":{"type":"Point","coordinates":[106.33867398040762,10.773307232081084]},"properties":{"OBJECTID":752,"maNhanDang":"","phienBan":0,"ngayPhienBan":1787756708000,"giaTriDoChinhXacMatPhang":0,"nguyenNhanThayDoi":null,"maDoiTuong":"HE03","tenCay":"keo","chieuCao":0}},{"type":"Feature","id":753,"geometry":{"type":"Point","coordinates":[106.33864756093675,10.773123875850379]},"properties":{"OBJECTID":753,"maNhanDang":"","phienBan":0,"ngayPhienBan":1787756708000,"giaTriDoChinhXacMatPhang":0,"nguyenNhanThayDoi":null,"maDoiTuong":"HE03","tenCay":"keo","chieuCao":0}},{"type":"Feature","id":754,"geometry":{"type":"Point","coordinates":[106.33845317824529,10.773200197399905]},"properties":{"OBJECTID":754,"maNhanDang":"","phienBan":0,"ngayPhienBan":1787756708000,"giaTriDoChinhXacMatPhang":0,"nguyenNhanThayDoi":null,"maDoiTuong":"HE03","tenCay":"keo","chieuCao":0}},{"type":"Feature","id":755,"geometry":{"type":"Point","coordinates":[106.33901955292248,10.772977895839952]},"properties":{"OBJECTID":755,"maNhanDang":"","phienBan":0,"ngayPhienBan":1787756708000,"giaTriDoChinhXacMatPhang":0,"nguyenNhanThayDoi":null,"maDoiTuong":"HE03","tenCay":"keo","chieuCao":0}},{"type":"Feature","id":756,"geometry":{"type":"Point","coordinates":[106.3388406870174,10.773037119653287]},"properties":{"OBJECTID":756,"maNhanDang":"","phienBan":0,"ngayPhienBan":1787756708000,"giaTriDoChinhXacMatPhang":0,"nguyenNhanThayDoi":null,"maDoiTuong":"HE03","tenCay":"keo","chieuCao":0}},{"type":"Feature","id":757,"geometry":{"type":"Point","coordinates":[106.33881426748057,10.772853764341813]},"properties":{"OBJECTID":757,"maNhanDang":"","phienBan":0,"ngayPhienBan":1787756708000,"giaTriDoChinhXacMatPhang":0,"nguyenNhanThayDoi":null,"maDoiTuong":"HE03","tenCay":"keo","chieuCao":0}},{"type":"Feature","id":758,"geometry":{"type":"Point","coordinates":[106.33861988500631,10.772930085985863]},"properties":{"OBJECTID":758,"maNhanDang":"","phienBan":0,"ngayPhienBan":1787756708000,"giaTriDoChinhXacMatPhang":0,"nguyenNhanThayDoi":null,"maDoiTuong":"HE03","tenCay":"keo","chieuCao":0}},{"type":"Feature","id":759,"geometry":{"type":"Point","coordinates":[106.33918625905061,10.772707784150571]},"properties":{"OBJECTID":759,"maNhanDang":"","phienBan":0,"ngayPhienBan":1787756708000,"giaTriDoChinhXacMatPhang":0,"nguyenNhanThayDoi":null,"maDoiTuong":"HE03","tenCay":"keo","chieuCao":0}},{"type":"Feature","id":760,"geometry":{"type":"Point","coordinates":[106.3390073933399,10.772767008050986]},"properties":{"OBJECTID":760,"maNhanDang":"","phienBan":0,"ngayPhienBan":1787756708000,"giaTriDoChinhXacMatPhang":0,"nguyenNhanThayDoi":null,"maDoiTuong":"HE03","tenCay":"keo","chieuCao":0}},{"type":"Feature","id":761,"geometry":{"type":"Point","coordinates":[106.33898097373357,10.772583651850557]},"properties":{"OBJECTID":761,"maNhanDang":"","phienBan":0,"ngayPhienBan":1787756708000,"giaTriDoChinhXacMatPhang":0,"nguyenNhanThayDoi":null,"maDoiTuong":"HE03","tenCay":"keo","chieuCao":0}},{"type":"Feature","id":762,"geometry":{"type":"Point","coordinates":[106.33878659147656,10.772659973589104]},"properties":{"OBJECTID":762,"maNhanDang":"","phienBan":0,"ngayPhienBan":1787756708000,"giaTriDoChinhXacMatPhang":0,"nguyenNhanThayDoi":null,"maDoiTuong":"HE03","tenCay":"keo","chieuCao":0}},{"type":"Feature","id":763,"geometry":{"type":"Point","coordinates":[106.33935296488796,10.772437671478487]},"properties":{"OBJECTID":763,"maNhanDang":"","phienBan":0,"ngayPhienBan":1787756708000,"giaTriDoChinhXacMatPhang":0,"nguyenNhanThayDoi":null,"maDoiTuong":"HE03","tenCay":"keo","chieuCao":0}},{"type":"Feature","id":764,"geometry":{"type":"Point","coordinates":[106.33917409937337,10.772496896370079]},"properties":{"OBJECTID":764,"maNhanDang":"","phienBan":0,"ngayPhienBan":1787756708000,"giaTriDoChinhXacMatPhang":0,"nguyenNhanThayDoi":null,"maDoiTuong":"HE03","tenCay":"keo","chieuCao":0}},{"type":"Feature","id":765,"geometry":{"type":"Point","coordinates":[106.33914767969932,10.772313540184777]},"properties":{"OBJECTID":765,"maNhanDang":"","phienBan":0,"ngayPhienBan":1787756708000,"giaTriDoChinhXacMatPhang":0,"nguyenNhanThayDoi":null,"maDoiTuong":"HE03","tenCay":"keo","chieuCao":0}},{"type":"Feature","id":766,"geometry":{"type":"Point","coordinates":[106.33895329765953,10.772389862017802]},"properties":{"OBJECTID":766,"maNhanDang":"","phienBan":0,"ngayPhienBan":1787756708000,"giaTriDoChinhXacMatPhang":0,"nguyenNhanThayDoi":null,"maDoiTuong":"HE03","tenCay":"keo","chieuCao":0}},{"type":"Feature","id":767,"geometry":{"type":"Point","coordinates":[106.33951967043805,10.7721675596319]},"properties":{"OBJECTID":767,"maNhanDang":"","phienBan":0,"ngayPhienBan":1787756708000,"giaTriDoChinhXacMatPhang":0,"nguyenNhanThayDoi":null,"maDoiTuong":"HE03","tenCay":"keo","chieuCao":0}},{"type":"Feature","id":768,"geometry":{"type":"Point","coordinates":[106.33934080511781,10.772226784610538]},"properties":{"OBJECTID":768,"maNhanDang":"","phienBan":0,"ngayPhienBan":1787756708000,"giaTriDoChinhXacMatPhang":0,"nguyenNhanThayDoi":null,"maDoiTuong":"HE03","tenCay":"keo","chieuCao":0}},{"type":"Feature","id":769,"geometry":{"type":"Point","coordinates":[106.33931438537606,10.772043428440401]},"properties":{"OBJECTID":769,"maNhanDang":"","phienBan":0,"ngayPhienBan":1787756708000,"giaTriDoChinhXacMatPhang":0,"nguyenNhanThayDoi":null,"maDoiTuong":"HE03","tenCay":"keo","chieuCao":0}},{"type":"Feature","id":770,"geometry":{"type":"Point","coordinates":[106.33912000355349,10.772119750367901]},"properties":{"OBJECTID":770,"maNhanDang":"","phienBan":0,"ngayPhienBan":1787756708000,"giaTriDoChinhXacMatPhang":0,"nguyenNhanThayDoi":null,"maDoiTuong":"HE03","tenCay":"keo","chieuCao":0}},{"type":"Feature","id":771,"geometry":{"type":"Point","coordinates":[106.33968637569915,10.771897447706696]},"properties":{"OBJECTID":771,"maNhanDang":"","phienBan":0,"ngayPhienBan":1787756708000,"giaTriDoChinhXacMatPhang":0,"nguyenNhanThayDoi":null,"maDoiTuong":"HE03","tenCay":"keo","chieuCao":0}},{"type":"Feature","id":772,"geometry":{"type":"Point","coordinates":[106.33950751057327,10.771956672772411]},"properties":{"OBJECTID":772,"maNhanDang":"","phienBan":0,"ngayPhienBan":1787756708000,"giaTriDoChinhXacMatPhang":0,"nguyenNhanThayDoi":null,"maDoiTuong":"HE03","tenCay":"keo","chieuCao":0}},{"type":"Feature","id":773,"geometry":{"type":"Point","coordinates":[106.33948109076204,10.771773315713304]},"properties":{"OBJECTID":773,"maNhanDang":"","phienBan":0,"ngayPhienBan":1787756708000,"giaTriDoChinhXacMatPhang":0,"nguyenNhanThayDoi":null,"maDoiTuong":"HE03","tenCay":"keo","chieuCao":0}},{"type":"Feature","id":774,"geometry":{"type":"Point","coordinates":[106.33928670915667,10.771849637735297]},"properties":{"OBJECTID":774,"maNhanDang":"","phienBan":0,"ngayPhienBan":1787756708000,"giaTriDoChinhXacMatPhang":0,"nguyenNhanThayDoi":null,"maDoiTuong":"HE03","tenCay":"keo","chieuCao":0}},{"type":"Feature","id":775,"geometry":{"type":"Point","coordinates":[106.3398530806695,10.771627334798833]},"properties":{"OBJECTID":775,"maNhanDang":"","phienBan":0,"ngayPhienBan":1787756708000,"giaTriDoChinhXacMatPhang":0,"nguyenNhanThayDoi":null,"maDoiTuong":"HE03","tenCay":"keo","chieuCao":0}},{"type":"Feature","id":776,"geometry":{"type":"Point","coordinates":[106.33967421573793,10.771686559951604]},"properties":{"OBJECTID":776,"maNhanDang":"","phienBan":0,"ngayPhienBan":1787756708000,"giaTriDoChinhXacMatPhang":0,"nguyenNhanThayDoi":null,"maDoiTuong":"HE03","tenCay":"keo","chieuCao":0}},{"type":"Feature","id":777,"geometry":{"type":"Point","coordinates":[106.33964779586077,10.771503203811731]},"properties":{"OBJECTID":777,"maNhanDang":"","phienBan":0,"ngayPhienBan":1787756708000,"giaTriDoChinhXacMatPhang":0,"nguyenNhanThayDoi":null,"maDoiTuong":"HE03","tenCay":"keo","chieuCao":0}},{"type":"Feature","id":778,"geometry":{"type":"Point","coordinates":[106.3394534144726,10.771579525928194]},"properties":{"OBJECTID":778,"maNhanDang":"","phienBan":0,"ngayPhienBan":1787756708000,"giaTriDoChinhXacMatPhang":0,"nguyenNhanThayDoi":null,"maDoiTuong":"HE03","tenCay":"keo","chieuCao":0}},{"type":"Feature","id":779,"geometry":{"type":"Point","coordinates":[106.3400197853526,10.771357222716476]},"properties":{"OBJECTID":779,"maNhanDang":"","phienBan":0,"ngayPhienBan":1787756708000,"giaTriDoChinhXacMatPhang":0,"nguyenNhanThayDoi":null,"maDoiTuong":"HE03","tenCay":"keo","chieuCao":0}},{"type":"Feature","id":780,"geometry":{"type":"Point","coordinates":[106.33984092152976,10.771416447954564]},"properties":{"OBJECTID":780,"maNhanDang":"","phienBan":0,"ngayPhienBan":1787756708000,"giaTriDoChinhXacMatPhang":0,"nguyenNhanThayDoi":null,"maDoiTuong":"HE03","tenCay":"keo","chieuCao":0}},{"type":"Feature","id":781,"geometry":{"type":"Point","coordinates":[106.33981450067051,10.771233091831565]},"properties":{"OBJECTID":781,"maNhanDang":"","phienBan":0,"ngayPhienBan":1787756708000,"giaTriDoChinhXacMatPhang":0,"nguyenNhanThayDoi":null,"maDoiTuong":"HE03","tenCay":"keo","chieuCao":0}},{"type":"Feature","id":782,"geometry":{"type":"Point","coordinates":[106.33962011949956,10.771309414042479]},"properties":{"OBJECTID":782,"maNhanDang":"","phienBan":0,"ngayPhienBan":1787756708000,"giaTriDoChinhXacMatPhang":0,"nguyenNhanThayDoi":null,"maDoiTuong":"HE03","tenCay":"keo","chieuCao":0}},{"type":"Feature","id":783,"geometry":{"type":"Point","coordinates":[106.34018648974674,10.771087110555534]},"properties":{"OBJECTID":783,"maNhanDang":"","phienBan":0,"ngayPhienBan":1787756708000,"giaTriDoChinhXacMatPhang":0,"nguyenNhanThayDoi":null,"maDoiTuong":"HE03","tenCay":"keo","chieuCao":0}},{"type":"Feature","id":784,"geometry":{"type":"Point","coordinates":[106.34000762611824,10.771146335880669]},"properties":{"OBJECTID":784,"maNhanDang":"","phienBan":0,"ngayPhienBan":1787756708000,"giaTriDoChinhXacMatPhang":0,"nguyenNhanThayDoi":null,"maDoiTuong":"HE03","tenCay":"keo","chieuCao":0}},{"type":"Feature","id":785,"geometry":{"type":"Point","coordinates":[106.33998120519132,10.770962979772811]},"properties":{"OBJECTID":785,"maNhanDang":"","phienBan":0,"ngayPhienBan":1787756708000,"giaTriDoChinhXacMatPhang":0,"nguyenNhanThayDoi":null,"maDoiTuong":"HE03","tenCay":"keo","chieuCao":0}},{"type":"Feature","id":786,"geometry":{"type":"Point","coordinates":[106.33978682423752,10.771039302078204]},"properties":{"OBJECTID":786,"maNhanDang":"","phienBan":0,"ngayPhienBan":1787756708000,"giaTriDoChinhXacMatPhang":0,"nguyenNhanThayDoi":null,"maDoiTuong":"HE03","tenCay":"keo","chieuCao":0}},{"type":"Feature","id":787,"geometry":{"type":"Point","coordinates":[106.34035319385193,10.770816998316038]},"properties":{"OBJECTID":787,"maNhanDang":"","phienBan":0,"ngayPhienBan":1787756708000,"giaTriDoChinhXacMatPhang":0,"nguyenNhanThayDoi":null,"maDoiTuong":"HE03","tenCay":"keo","chieuCao":0}},{"type":"Feature","id":788,"geometry":{"type":"Point","coordinates":[106.34017433041599,10.770876222824118]},"properties":{"OBJECTID":788,"maNhanDang":"","phienBan":0,"ngayPhienBan":1787756708000,"giaTriDoChinhXacMatPhang":0,"nguyenNhanThayDoi":null,"maDoiTuong":"HE03","tenCay":"keo","chieuCao":0}},{"type":"Feature","id":789,"geometry":{"type":"Point","coordinates":[106.34014790942138,10.770692866731411]},"properties":{"OBJECTID":789,"maNhanDang":"","phienBan":0,"ngayPhienBan":1787756708000,"giaTriDoChinhXacMatPhang":0,"nguyenNhanThayDoi":null,"maDoiTuong":"HE03","tenCay":"keo","chieuCao":0}},{"type":"Feature","id":790,"geometry":{"type":"Point","coordinates":[106.33995352868476,10.770769189131256]},"properties":{"OBJECTID":790,"maNhanDang":"","phienBan":0,"ngayPhienBan":1787756708000,"giaTriDoChinhXacMatPhang":0,"nguyenNhanThayDoi":null,"maDoiTuong":"HE03","tenCay":"keo","chieuCao":0}},{"type":"Feature","id":791,"geometry":{"type":"Point","coordinates":[106.34051989766814,10.77054688599798]},"properties":{"OBJECTID":791,"maNhanDang":"","phienBan":0,"ngayPhienBan":1787756708000,"giaTriDoChinhXacMatPhang":0,"nguyenNhanThayDoi":null,"maDoiTuong":"HE03","tenCay":"keo","chieuCao":0}},{"type":"Feature","id":792,"geometry":{"type":"Point","coordinates":[106.34034103442654,10.770606110593102]},"properties":{"OBJECTID":792,"maNhanDang":"","phienBan":0,"ngayPhienBan":1787756708000,"giaTriDoChinhXacMatPhang":0,"nguyenNhanThayDoi":null,"maDoiTuong":"HE03","tenCay":"keo","chieuCao":0}},{"type":"Feature","id":793,"geometry":{"type":"Point","coordinates":[106.34031461336424,10.770422754515531]},"properties":{"OBJECTID":793,"maNhanDang":"","phienBan":0,"ngayPhienBan":1787756708000,"giaTriDoChinhXacMatPhang":0,"nguyenNhanThayDoi":null,"maDoiTuong":"HE03","tenCay":"keo","chieuCao":0}},{"type":"Feature","id":794,"geometry":{"type":"Point","coordinates":[106.34012023284484,10.770499077009813]},"properties":{"OBJECTID":794,"maNhanDang":"","phienBan":0,"ngayPhienBan":1787756708000,"giaTriDoChinhXacMatPhang":0,"nguyenNhanThayDoi":null,"maDoiTuong":"HE03","tenCay":"keo","chieuCao":0}},{"type":"Feature","id":795,"geometry":{"type":"Point","coordinates":[106.34026062664682,10.770267376719298]},"properties":{"OBJECTID":795,"maNhanDang":"","phienBan":0,"ngayPhienBan":1787756708000,"giaTriDoChinhXacMatPhang":0,"nguyenNhanThayDoi":null,"maDoiTuong":"HE03","tenCay":"keo","chieuCao":0}},{"type":"Feature","id":796,"geometry":{"type":"Point","coordinates":[106.34054055420859,10.770282733180556]},"properties":{"OBJECTID":796,"maNhanDang":"","phienBan":0,"ngayPhienBan":1787756708000,"giaTriDoChinhXacMatPhang":0,"nguyenNhanThayDoi":null,"maDoiTuong":"HE03","tenCay":"keo","chieuCao":0}},{"type":"Feature","id":797,"geometry":{"type":"Point","coordinates":[106.3384257542215,10.77300234491822]},"properties":{"OBJECTID":797,"maNhanDang":"","phienBan":0,"ngayPhienBan":1787756708000,"giaTriDoChinhXacMatPhang":0,"nguyenNhanThayDoi":null,"maDoiTuong":"HE03","tenCay":"keo","chieuCao":0}},{"type":"Feature","id":798,"geometry":{"type":"Point","coordinates":[106.33824688908385,10.773061569298042]},"properties":{"OBJECTID":798,"maNhanDang":"","phienBan":0,"ngayPhienBan":1787756708000,"giaTriDoChinhXacMatPhang":0,"nguyenNhanThayDoi":null,"maDoiTuong":"HE03","tenCay":"keo","chieuCao":0}},{"type":"Feature","id":799,"geometry":{"type":"Point","coordinates":[106.3382204689845,10.772878213015034]},"properties":{"OBJECTID":799,"maNhanDang":"","phienBan":0,"ngayPhienBan":1787756708000,"giaTriDoChinhXacMatPhang":0,"nguyenNhanThayDoi":null,"maDoiTuong":"HE03","tenCay":"keo","chieuCao":0}},{"type":"Feature","id":800,"geometry":{"type":"Point","coordinates":[106.33803106171712,10.772929711858964]},"properties":{"OBJECTID":800,"maNhanDang":"","phienBan":0,"ngayPhienBan":1787756708000,"giaTriDoChinhXacMatPhang":0,"nguyenNhanThayDoi":null,"maDoiTuong":"HE03","tenCay":"keo","chieuCao":0}},{"type":"Feature","id":801,"geometry":{"type":"Point","coordinates":[106.33859242245936,10.772732210086406]},"properties":{"OBJECTID":801,"maNhanDang":"","phienBan":0,"ngayPhienBan":1787756708000,"giaTriDoChinhXacMatPhang":0,"nguyenNhanThayDoi":null,"maDoiTuong":"HE03","tenCay":"keo","chieuCao":0}},{"type":"Feature","id":802,"geometry":{"type":"Point","coordinates":[106.33841355843042,10.772791434551561]},"properties":{"OBJECTID":802,"maNhanDang":"","phienBan":0,"ngayPhienBan":1787756708000,"giaTriDoChinhXacMatPhang":0,"nguyenNhanThayDoi":null,"maDoiTuong":"HE03","tenCay":"keo","chieuCao":0}},{"type":"Feature","id":803,"geometry":{"type":"Point","coordinates":[106.33838713826337,10.772608078283687]},"properties":{"OBJECTID":803,"maNhanDang":"","phienBan":0,"ngayPhienBan":1787756708000,"giaTriDoChinhXacMatPhang":0,"nguyenNhanThayDoi":null,"maDoiTuong":"HE03","tenCay":"keo","chieuCao":0}},{"type":"Feature","id":804,"geometry":{"type":"Point","coordinates":[106.33819773028182,10.772659577221676]},"properties":{"OBJECTID":804,"maNhanDang":"","phienBan":0,"ngayPhienBan":1787756708000,"giaTriDoChinhXacMatPhang":0,"nguyenNhanThayDoi":null,"maDoiTuong":"HE03","tenCay":"keo","chieuCao":0}},{"type":"Feature","id":805,"geometry":{"type":"Point","coordinates":[106.3387590922387,10.772462076076643]},"properties":{"OBJECTID":805,"maNhanDang":"","phienBan":0,"ngayPhienBan":1787756708000,"giaTriDoChinhXacMatPhang":0,"nguyenNhanThayDoi":null,"maDoiTuong":"HE03","tenCay":"keo","chieuCao":0}},{"type":"Feature","id":806,"geometry":{"type":"Point","coordinates":[106.33858022657364,10.772521299728242]},"properties":{"OBJECTID":806,"maNhanDang":"","phienBan":0,"ngayPhienBan":1787756708000,"giaTriDoChinhXacMatPhang":0,"nguyenNhanThayDoi":null,"maDoiTuong":"HE03","tenCay":"keo","chieuCao":0}},{"type":"Feature","id":807,"geometry":{"type":"Point","coordinates":[106.33855380725501,10.772337944377844]},"properties":{"OBJECTID":807,"maNhanDang":"","phienBan":0,"ngayPhienBan":1787756708000,"giaTriDoChinhXacMatPhang":0,"nguyenNhanThayDoi":null,"maDoiTuong":"HE03","tenCay":"keo","chieuCao":0}},{"type":"Feature","id":808,"geometry":{"type":"Point","coordinates":[106.33836439947187,10.772389442504055]},"properties":{"OBJECTID":808,"maNhanDang":"","phienBan":0,"ngayPhienBan":1787756708000,"giaTriDoChinhXacMatPhang":0,"nguyenNhanThayDoi":null,"maDoiTuong":"HE03","tenCay":"keo","chieuCao":0}},{"type":"Feature","id":809,"geometry":{"type":"Point","coordinates":[106.33892575989859,10.772191941087655]},"properties":{"OBJECTID":809,"maNhanDang":"","phienBan":0,"ngayPhienBan":1787756708000,"giaTriDoChinhXacMatPhang":0,"nguyenNhanThayDoi":null,"maDoiTuong":"HE03","tenCay":"keo","chieuCao":0}},{"type":"Feature","id":810,"geometry":{"type":"Point","coordinates":[106.33874689534399,10.772251165728669]},"properties":{"OBJECTID":810,"maNhanDang":"","phienBan":0,"ngayPhienBan":1787756708000,"giaTriDoChinhXacMatPhang":0,"nguyenNhanThayDoi":null,"maDoiTuong":"HE03","tenCay":"keo","chieuCao":0}},{"type":"Feature","id":811,"geometry":{"type":"Point","coordinates":[106.33872047504154,10.772067809491052]},"properties":{"OBJECTID":811,"maNhanDang":"","phienBan":0,"ngayPhienBan":1787756708000,"giaTriDoChinhXacMatPhang":0,"nguyenNhanThayDoi":null,"maDoiTuong":"HE03","tenCay":"keo","chieuCao":0}},{"type":"Feature","id":812,"geometry":{"type":"Point","coordinates":[106.33853106837471,10.772119308611966]},"properties":{"OBJECTID":812,"maNhanDang":"","phienBan":0,"ngayPhienBan":1787756708000,"giaTriDoChinhXacMatPhang":0,"nguyenNhanThayDoi":null,"maDoiTuong":"HE03","tenCay":"keo","chieuCao":0}},{"type":"Feature","id":813,"geometry":{"type":"Point","coordinates":[106.33909242726949,10.771921806020099]},"properties":{"OBJECTID":813,"maNhanDang":"","phienBan":0,"ngayPhienBan":1787756708000,"giaTriDoChinhXacMatPhang":0,"nguyenNhanThayDoi":null,"maDoiTuong":"HE03","tenCay":"keo","chieuCao":0}},{"type":"Feature","id":814,"geometry":{"type":"Point","coordinates":[106.33891356382364,10.771981030746428]},"properties":{"OBJECTID":814,"maNhanDang":"","phienBan":0,"ngayPhienBan":1787756708000,"giaTriDoChinhXacMatPhang":0,"nguyenNhanThayDoi":null,"maDoiTuong":"HE03","tenCay":"keo","chieuCao":0}},{"type":"Feature","id":815,"geometry":{"type":"Point","coordinates":[106.33888714345349,10.771797674523937]},"properties":{"OBJECTID":815,"maNhanDang":"","phienBan":0,"ngayPhienBan":1787756708000,"giaTriDoChinhXacMatPhang":0,"nguyenNhanThayDoi":null,"maDoiTuong":"HE03","tenCay":"keo","chieuCao":0}},{"type":"Feature","id":816,"geometry":{"type":"Point","coordinates":[106.33869773607246,10.771849173738904]},"properties":{"OBJECTID":816,"maNhanDang":"","phienBan":0,"ngayPhienBan":1787756708000,"giaTriDoChinhXacMatPhang":0,"nguyenNhanThayDoi":null,"maDoiTuong":"HE03","tenCay":"keo","chieuCao":0}},{"type":"Feature","id":817,"geometry":{"type":"Point","coordinates":[106.33925909526758,10.77165167177635]},"properties":{"OBJECTID":817,"maNhanDang":"","phienBan":0,"ngayPhienBan":1787756708000,"giaTriDoChinhXacMatPhang":0,"nguyenNhanThayDoi":null,"maDoiTuong":"HE03","tenCay":"keo","chieuCao":0}},{"type":"Feature","id":818,"geometry":{"type":"Point","coordinates":[106.33908023109993,10.771710895687367]},"properties":{"OBJECTID":818,"maNhanDang":"","phienBan":0,"ngayPhienBan":1787756708000,"giaTriDoChinhXacMatPhang":0,"nguyenNhanThayDoi":null,"maDoiTuong":"HE03","tenCay":"keo","chieuCao":0}},{"type":"Feature","id":819,"geometry":{"type":"Point","coordinates":[106.33905381157648,10.771527539478276]},"properties":{"OBJECTID":819,"maNhanDang":"","phienBan":0,"ngayPhienBan":1787756708000,"giaTriDoChinhXacMatPhang":0,"nguyenNhanThayDoi":null,"maDoiTuong":"HE03","tenCay":"keo","chieuCao":0}},{"type":"Feature","id":820,"geometry":{"type":"Point","coordinates":[106.33886440439562,10.771579038785536]},"properties":{"OBJECTID":820,"maNhanDang":"","phienBan":0,"ngayPhienBan":1787756708000,"giaTriDoChinhXacMatPhang":0,"nguyenNhanThayDoi":null,"maDoiTuong":"HE03","tenCay":"keo","chieuCao":0}},{"type":"Feature","id":821,"geometry":{"type":"Point","coordinates":[106.33942576297494,10.771381536549926]},"properties":{"OBJECTID":821,"maNhanDang":"","phienBan":0,"ngayPhienBan":1787756708000,"giaTriDoChinhXacMatPhang":0,"nguyenNhanThayDoi":null,"maDoiTuong":"HE03","tenCay":"keo","chieuCao":0}},{"type":"Feature","id":822,"geometry":{"type":"Point","coordinates":[106.33924689808727,10.771440760549725]},"properties":{"OBJECTID":822,"maNhanDang":"","phienBan":0,"ngayPhienBan":1787756708000,"giaTriDoChinhXacMatPhang":0,"nguyenNhanThayDoi":null,"maDoiTuong":"HE03","tenCay":"keo","chieuCao":0}},{"type":"Feature","id":823,"geometry":{"type":"Point","coordinates":[106.33922047849789,10.771257405259847]},"properties":{"OBJECTID":823,"maNhanDang":"","phienBan":0,"ngayPhienBan":1787756708000,"giaTriDoChinhXacMatPhang":0,"nguyenNhanThayDoi":null,"maDoiTuong":"HE03","tenCay":"keo","chieuCao":0}},{"type":"Feature","id":824,"geometry":{"type":"Point","coordinates":[106.33903107243157,10.771308904657705]},"properties":{"OBJECTID":824,"maNhanDang":"","phienBan":0,"ngayPhienBan":1787756708000,"giaTriDoChinhXacMatPhang":0,"nguyenNhanThayDoi":null,"maDoiTuong":"HE03","tenCay":"keo","chieuCao":0}},{"type":"Feature","id":825,"geometry":{"type":"Point","coordinates":[106.33959242947903,10.771111401246719]},"properties":{"OBJECTID":825,"maNhanDang":"","phienBan":0,"ngayPhienBan":1787756708000,"giaTriDoChinhXacMatPhang":0,"nguyenNhanThayDoi":null,"maDoiTuong":"HE03","tenCay":"keo","chieuCao":0}},{"type":"Feature","id":826,"geometry":{"type":"Point","coordinates":[106.3394135657018,10.7711706262359]},"properties":{"OBJECTID":826,"maNhanDang":"","phienBan":0,"ngayPhienBan":1787756708000,"giaTriDoChinhXacMatPhang":0,"nguyenNhanThayDoi":null,"maDoiTuong":"HE03","tenCay":"keo","chieuCao":0}},{"type":"Feature","id":827,"geometry":{"type":"Point","coordinates":[106.33938714604298,10.770987270057075]},"properties":{"OBJECTID":827,"maNhanDang":"","phienBan":0,"ngayPhienBan":1787756708000,"giaTriDoChinhXacMatPhang":0,"nguyenNhanThayDoi":null,"maDoiTuong":"HE03","tenCay":"keo","chieuCao":0}},{"type":"Feature","id":828,"geometry":{"type":"Point","coordinates":[106.33919773926245,10.771038769548936]},"properties":{"OBJECTID":828,"maNhanDang":"","phienBan":0,"ngayPhienBan":1787756708000,"giaTriDoChinhXacMatPhang":0,"nguyenNhanThayDoi":null,"maDoiTuong":"HE03","tenCay":"keo","chieuCao":0}},{"type":"Feature","id":829,"geometry":{"type":"Point","coordinates":[106.33975909752466,10.770841266765562]},"properties":{"OBJECTID":829,"maNhanDang":"","phienBan":0,"ngayPhienBan":1787756708000,"giaTriDoChinhXacMatPhang":0,"nguyenNhanThayDoi":null,"maDoiTuong":"HE03","tenCay":"keo","chieuCao":0}},{"type":"Feature","id":830,"geometry":{"type":"Point","coordinates":[106.33958023302566,10.770900490939411]},"properties":{"OBJECTID":830,"maNhanDang":"","phienBan":0,"ngayPhienBan":1787756708000,"giaTriDoChinhXacMatPhang":0,"nguyenNhanThayDoi":null,"maDoiTuong":"HE03","tenCay":"keo","chieuCao":0}},{"type":"Feature","id":831,"geometry":{"type":"Point","coordinates":[106.33955381330092,10.770717135679799]},"properties":{"OBJECTID":831,"maNhanDang":"","phienBan":0,"ngayPhienBan":1787756708000,"giaTriDoChinhXacMatPhang":0,"nguyenNhanThayDoi":null,"maDoiTuong":"HE03","tenCay":"keo","chieuCao":0}},{"type":"Feature","id":832,"geometry":{"type":"Point","coordinates":[106.33936440671879,10.770768634359897]},"properties":{"OBJECTID":832,"maNhanDang":"","phienBan":0,"ngayPhienBan":1787756708000,"giaTriDoChinhXacMatPhang":0,"nguyenNhanThayDoi":null,"maDoiTuong":"HE03","tenCay":"keo","chieuCao":0}},{"type":"Feature","id":833,"geometry":{"type":"Point","coordinates":[106.33992576345091,10.770571131305232]},"properties":{"OBJECTID":833,"maNhanDang":"","phienBan":0,"ngayPhienBan":1787756708000,"giaTriDoChinhXacMatPhang":0,"nguyenNhanThayDoi":null,"maDoiTuong":"HE03","tenCay":"keo","chieuCao":0}},{"type":"Feature","id":834,"geometry":{"type":"Point","coordinates":[106.33974689914798,10.770630356470212]},"properties":{"OBJECTID":834,"maNhanDang":"","phienBan":0,"ngayPhienBan":1787756708000,"giaTriDoChinhXacMatPhang":0,"nguyenNhanThayDoi":null,"maDoiTuong":"HE03","tenCay":"keo","chieuCao":0}},{"type":"Feature","id":835,"geometry":{"type":"Point","coordinates":[106.3397204793538,10.77044700032164]},"properties":{"OBJECTID":835,"maNhanDang":"","phienBan":0,"ngayPhienBan":1787756708000,"giaTriDoChinhXacMatPhang":0,"nguyenNhanThayDoi":null,"maDoiTuong":"HE03","tenCay":"keo","chieuCao":0}},{"type":"Feature","id":836,"geometry":{"type":"Point","coordinates":[106.33953107388621,10.770498499092287]},"properties":{"OBJECTID":836,"maNhanDang":"","phienBan":0,"ngayPhienBan":1787756708000,"giaTriDoChinhXacMatPhang":0,"nguyenNhanThayDoi":null,"maDoiTuong":"HE03","tenCay":"keo","chieuCao":0}},{"type":"Feature","id":837,"geometry":{"type":"Point","coordinates":[106.34009242908822,10.770300995766396]},"properties":{"OBJECTID":837,"maNhanDang":"","phienBan":0,"ngayPhienBan":1787756708000,"giaTriDoChinhXacMatPhang":0,"nguyenNhanThayDoi":null,"maDoiTuong":"HE03","tenCay":"keo","chieuCao":0}},{"type":"Feature","id":838,"geometry":{"type":"Point","coordinates":[106.33991356589398,10.770360221016652]},"properties":{"OBJECTID":838,"maNhanDang":"","phienBan":0,"ngayPhienBan":1787756708000,"giaTriDoChinhXacMatPhang":0,"nguyenNhanThayDoi":null,"maDoiTuong":"HE03","tenCay":"keo","chieuCao":0}},{"type":"Feature","id":839,"geometry":{"type":"Point","coordinates":[106.33988714603217,10.77017686488322]},"properties":{"OBJECTID":839,"maNhanDang":"","phienBan":0,"ngayPhienBan":1787756708000,"giaTriDoChinhXacMatPhang":0,"nguyenNhanThayDoi":null,"maDoiTuong":"HE03","tenCay":"keo","chieuCao":0}},{"type":"Feature","id":840,"geometry":{"type":"Point","coordinates":[106.3396977398521,10.770228364651967]},"properties":{"OBJECTID":840,"maNhanDang":"","phienBan":0,"ngayPhienBan":1787756708000,"giaTriDoChinhXacMatPhang":0,"nguyenNhanThayDoi":null,"maDoiTuong":"HE03","tenCay":"keo","chieuCao":0}},{"type":"Feature","id":841,"geometry":{"type":"Point","coordinates":[106.34021622398879,10.770095851540843]},"properties":{"OBJECTID":841,"maNhanDang":"","phienBan":0,"ngayPhienBan":1787756708000,"giaTriDoChinhXacMatPhang":0,"nguyenNhanThayDoi":null,"maDoiTuong":"HE03","tenCay":"keo","chieuCao":0}},{"type":"Feature","id":842,"geometry":{"type":"Point","coordinates":[106.34008023235111,10.770090085484551]},"properties":{"OBJECTID":842,"maNhanDang":"","phienBan":0,"ngayPhienBan":1787756708000,"giaTriDoChinhXacMatPhang":0,"nguyenNhanThayDoi":null,"maDoiTuong":"HE03","tenCay":"keo","chieuCao":0}},{"type":"Feature","id":843,"geometry":{"type":"Point","coordinates":[106.3400129716739,10.769960366811627]},"properties":{"OBJECTID":843,"maNhanDang":"","phienBan":0,"ngayPhienBan":1787756708000,"giaTriDoChinhXacMatPhang":0,"nguyenNhanThayDoi":null,"maDoiTuong":"HE03","tenCay":"keo","chieuCao":0}},{"type":"Feature","id":844,"geometry":{"type":"Point","coordinates":[106.33986440644169,10.769958229227301]},"properties":{"OBJECTID":844,"maNhanDang":"","phienBan":0,"ngayPhienBan":1787756708000,"giaTriDoChinhXacMatPhang":0,"nguyenNhanThayDoi":null,"maDoiTuong":"HE03","tenCay":"keo","chieuCao":0}},{"type":"Feature","id":845,"geometry":{"type":"Point","coordinates":[106.3379988795198,10.772762913299937]},"properties":{"OBJECTID":845,"maNhanDang":"","phienBan":0,"ngayPhienBan":1787756708000,"giaTriDoChinhXacMatPhang":0,"nguyenNhanThayDoi":null,"maDoiTuong":"HE03","tenCay":"keo","chieuCao":0}},{"type":"Feature","id":846,"geometry":{"type":"Point","coordinates":[106.33782001350809,10.772822136528911]},"properties":{"OBJECTID":846,"maNhanDang":"","phienBan":0,"ngayPhienBan":1787756708000,"giaTriDoChinhXacMatPhang":0,"nguyenNhanThayDoi":null,"maDoiTuong":"HE03","tenCay":"keo","chieuCao":0}},{"type":"Feature","id":847,"geometry":{"type":"Point","coordinates":[106.33777516705817,10.772657047196025]},"properties":{"OBJECTID":847,"maNhanDang":"","phienBan":0,"ngayPhienBan":1787756708000,"giaTriDoChinhXacMatPhang":0,"nguyenNhanThayDoi":null,"maDoiTuong":"HE03","tenCay":"keo","chieuCao":0}},{"type":"Feature","id":848,"geometry":{"type":"Point","coordinates":[106.3377678425033,10.772431473900717]},"properties":{"OBJECTID":848,"maNhanDang":"","phienBan":0,"ngayPhienBan":1787756708000,"giaTriDoChinhXacMatPhang":0,"nguyenNhanThayDoi":null,"maDoiTuong":"HE03","tenCay":"keo","chieuCao":0}},{"type":"Feature","id":849,"geometry":{"type":"Point","coordinates":[106.33816521023408,10.772492575899111]},"properties":{"OBJECTID":849,"maNhanDang":"","phienBan":0,"ngayPhienBan":1787756708000,"giaTriDoChinhXacMatPhang":0,"nguyenNhanThayDoi":null,"maDoiTuong":"HE03","tenCay":"keo","chieuCao":0}},{"type":"Feature","id":850,"geometry":{"type":"Point","coordinates":[106.33798634533115,10.772551799213225]},"properties":{"OBJECTID":850,"maNhanDang":"","phienBan":0,"ngayPhienBan":1787756708000,"giaTriDoChinhXacMatPhang":0,"nguyenNhanThayDoi":null,"maDoiTuong":"HE03","tenCay":"keo","chieuCao":0}},{"type":"Feature","id":851,"geometry":{"type":"Point","coordinates":[106.33794149883984,10.772386709904232]},"properties":{"OBJECTID":851,"maNhanDang":"","phienBan":0,"ngayPhienBan":1787756708000,"giaTriDoChinhXacMatPhang":0,"nguyenNhanThayDoi":null,"maDoiTuong":"HE03","tenCay":"keo","chieuCao":0}},{"type":"Feature","id":852,"geometry":{"type":"Point","coordinates":[106.33793417417877,10.772161136615145]},"properties":{"OBJECTID":852,"maNhanDang":"","phienBan":0,"ngayPhienBan":1787756708000,"giaTriDoChinhXacMatPhang":0,"nguyenNhanThayDoi":null,"maDoiTuong":"HE03","tenCay":"keo","chieuCao":0}},{"type":"Feature","id":853,"geometry":{"type":"Point","coordinates":[106.3383315415724,10.772222237514178]},"properties":{"OBJECTID":853,"maNhanDang":"","phienBan":0,"ngayPhienBan":1787756708000,"giaTriDoChinhXacMatPhang":0,"nguyenNhanThayDoi":null,"maDoiTuong":"HE03","tenCay":"keo","chieuCao":0}},{"type":"Feature","id":854,"geometry":{"type":"Point","coordinates":[106.33815267686562,10.772281461819253]},"properties":{"OBJECTID":854,"maNhanDang":"","phienBan":0,"ngayPhienBan":1787756708000,"giaTriDoChinhXacMatPhang":0,"nguyenNhanThayDoi":null,"maDoiTuong":"HE03","tenCay":"keo","chieuCao":0}},{"type":"Feature","id":855,"geometry":{"type":"Point","coordinates":[106.33810782941684,10.772116371631784]},"properties":{"OBJECTID":855,"maNhanDang":"","phienBan":0,"ngayPhienBan":1787756708000,"giaTriDoChinhXacMatPhang":0,"nguyenNhanThayDoi":null,"maDoiTuong":"HE03","tenCay":"keo","chieuCao":0}},{"type":"Feature","id":856,"geometry":{"type":"Point","coordinates":[106.33810050464955,10.771890798348943]},"properties":{"OBJECTID":856,"maNhanDang":"","phienBan":0,"ngayPhienBan":1787756708000,"giaTriDoChinhXacMatPhang":0,"nguyenNhanThayDoi":null,"maDoiTuong":"HE03","tenCay":"keo","chieuCao":0}},{"type":"Feature","id":857,"geometry":{"type":"Point","coordinates":[106.33849787170956,10.771951899956825]},"properties":{"OBJECTID":857,"maNhanDang":"","phienBan":0,"ngayPhienBan":1787756708000,"giaTriDoChinhXacMatPhang":0,"nguyenNhanThayDoi":null,"maDoiTuong":"HE03","tenCay":"keo","chieuCao":0}},{"type":"Feature","id":858,"geometry":{"type":"Point","coordinates":[106.33831900810978,10.772011123442944]},"properties":{"OBJECTID":858,"maNhanDang":"","phienBan":0,"ngayPhienBan":1787756708000,"giaTriDoChinhXacMatPhang":0,"nguyenNhanThayDoi":null,"maDoiTuong":"HE03","tenCay":"keo","chieuCao":0}},{"type":"Feature","id":859,"geometry":{"type":"Point","coordinates":[106.33827416062138,10.771846034183461]},"properties":{"OBJECTID":859,"maNhanDang":"","phienBan":0,"ngayPhienBan":1787756708000,"giaTriDoChinhXacMatPhang":0,"nguyenNhanThayDoi":null,"maDoiTuong":"HE03","tenCay":"keo","chieuCao":0}},{"type":"Feature","id":860,"geometry":{"type":"Point","coordinates":[106.33826683574789,10.77162046090684]},"properties":{"OBJECTID":860,"maNhanDang":"","phienBan":0,"ngayPhienBan":1787756708000,"giaTriDoChinhXacMatPhang":0,"nguyenNhanThayDoi":null,"maDoiTuong":"HE03","tenCay":"keo","chieuCao":0}},{"type":"Feature","id":861,"geometry":{"type":"Point","coordinates":[106.33866420247078,10.771681561415408]},"properties":{"OBJECTID":861,"maNhanDang":"","phienBan":0,"ngayPhienBan":1787756708000,"giaTriDoChinhXacMatPhang":0,"nguyenNhanThayDoi":null,"maDoiTuong":"HE03","tenCay":"keo","chieuCao":0}},{"type":"Feature","id":862,"geometry":{"type":"Point","coordinates":[106.33848533815276,10.771740785894211]},"properties":{"OBJECTID":862,"maNhanDang":"","phienBan":0,"ngayPhienBan":1787756708000,"giaTriDoChinhXacMatPhang":0,"nguyenNhanThayDoi":null,"maDoiTuong":"HE03","tenCay":"keo","chieuCao":0}},{"type":"Feature","id":863,"geometry":{"type":"Point","coordinates":[106.33844049062127,10.771575695754528]},"properties":{"OBJECTID":863,"maNhanDang":"","phienBan":0,"ngayPhienBan":1787756708000,"giaTriDoChinhXacMatPhang":0,"nguyenNhanThayDoi":null,"maDoiTuong":"HE03","tenCay":"keo","chieuCao":0}},{"type":"Feature","id":864,"geometry":{"type":"Point","coordinates":[106.33843316564332,10.771350123388222]},"properties":{"OBJECTID":864,"maNhanDang":"","phienBan":0,"ngayPhienBan":1787756708000,"giaTriDoChinhXacMatPhang":0,"nguyenNhanThayDoi":null,"maDoiTuong":"HE03","tenCay":"keo","chieuCao":0}},{"type":"Feature","id":865,"geometry":{"type":"Point","coordinates":[106.33883053294521,10.77141122369984]},"properties":{"OBJECTID":865,"maNhanDang":"","phienBan":0,"ngayPhienBan":1787756708000,"giaTriDoChinhXacMatPhang":0,"nguyenNhanThayDoi":null,"maDoiTuong":"HE03","tenCay":"keo","chieuCao":0}},{"type":"Feature","id":866,"geometry":{"type":"Point","coordinates":[106.33865166881982,10.771470447361397]},"properties":{"OBJECTID":866,"maNhanDang":"","phienBan":0,"ngayPhienBan":1787756708000,"giaTriDoChinhXacMatPhang":0,"nguyenNhanThayDoi":null,"maDoiTuong":"HE03","tenCay":"keo","chieuCao":0}},{"type":"Feature","id":867,"geometry":{"type":"Point","coordinates":[106.33860682124872,10.771305358149704]},"properties":{"OBJECTID":867,"maNhanDang":"","phienBan":0,"ngayPhienBan":1787756708000,"giaTriDoChinhXacMatPhang":0,"nguyenNhanThayDoi":null,"maDoiTuong":"HE03","tenCay":"keo","chieuCao":0}},{"type":"Feature","id":868,"geometry":{"type":"Point","coordinates":[106.33859949616284,10.771079784885542]},"properties":{"OBJECTID":868,"maNhanDang":"","phienBan":0,"ngayPhienBan":1787756708000,"giaTriDoChinhXacMatPhang":0,"nguyenNhanThayDoi":null,"maDoiTuong":"HE03","tenCay":"keo","chieuCao":0}},{"type":"Feature","id":869,"geometry":{"type":"Point","coordinates":[106.33899686312934,10.771140885001941]},"properties":{"OBJECTID":869,"maNhanDang":"","phienBan":0,"ngayPhienBan":1787756708000,"giaTriDoChinhXacMatPhang":0,"nguyenNhanThayDoi":null,"maDoiTuong":"HE03","tenCay":"keo","chieuCao":0}},{"type":"Feature","id":870,"geometry":{"type":"Point","coordinates":[106.33881799828573,10.771200109656188]},"properties":{"OBJECTID":870,"maNhanDang":"","phienBan":0,"ngayPhienBan":1787756708000,"giaTriDoChinhXacMatPhang":0,"nguyenNhanThayDoi":null,"maDoiTuong":"HE03","tenCay":"keo","chieuCao":0}},{"type":"Feature","id":871,"geometry":{"type":"Point","coordinates":[106.3387731515859,10.771035019562543]},"properties":{"OBJECTID":871,"maNhanDang":"","phienBan":0,"ngayPhienBan":1787756708000,"giaTriDoChinhXacMatPhang":0,"nguyenNhanThayDoi":null,"maDoiTuong":"HE03","tenCay":"keo","chieuCao":0}},{"type":"Feature","id":872,"geometry":{"type":"Point","coordinates":[106.3387658263956,10.770809447208714]},"properties":{"OBJECTID":872,"maNhanDang":"","phienBan":0,"ngayPhienBan":1787756708000,"giaTriDoChinhXacMatPhang":0,"nguyenNhanThayDoi":null,"maDoiTuong":"HE03","tenCay":"keo","chieuCao":0}},{"type":"Feature","id":873,"geometry":{"type":"Point","coordinates":[106.33916319302674,10.770870547129892]},"properties":{"OBJECTID":873,"maNhanDang":"","phienBan":0,"ngayPhienBan":1787756708000,"giaTriDoChinhXacMatPhang":0,"nguyenNhanThayDoi":null,"maDoiTuong":"HE03","tenCay":"keo","chieuCao":0}},{"type":"Feature","id":874,"geometry":{"type":"Point","coordinates":[106.33898432837573,10.770929770966887]},"properties":{"OBJECTID":874,"maNhanDang":"","phienBan":0,"ngayPhienBan":1787756708000,"giaTriDoChinhXacMatPhang":0,"nguyenNhanThayDoi":null,"maDoiTuong":"HE03","tenCay":"keo","chieuCao":0}},{"type":"Feature","id":875,"geometry":{"type":"Point","coordinates":[106.33893948163632,10.770764681801253]},"properties":{"OBJECTID":875,"maNhanDang":"","phienBan":0,"ngayPhienBan":1787756708000,"giaTriDoChinhXacMatPhang":0,"nguyenNhanThayDoi":null,"maDoiTuong":"HE03","tenCay":"keo","chieuCao":0}},{"type":"Feature","id":876,"geometry":{"type":"Point","coordinates":[106.33893215633807,10.770539108549556]},"properties":{"OBJECTID":876,"maNhanDang":"","phienBan":0,"ngayPhienBan":1787756708000,"giaTriDoChinhXacMatPhang":0,"nguyenNhanThayDoi":null,"maDoiTuong":"HE03","tenCay":"keo","chieuCao":0}},{"type":"Feature","id":877,"geometry":{"type":"Point","coordinates":[106.33932952172127,10.770600209181374]},"properties":{"OBJECTID":877,"maNhanDang":"","phienBan":0,"ngayPhienBan":1787756708000,"giaTriDoChinhXacMatPhang":0,"nguyenNhanThayDoi":null,"maDoiTuong":"HE03","tenCay":"keo","chieuCao":0}},{"type":"Feature","id":878,"geometry":{"type":"Point","coordinates":[106.33915065817897,10.770659433103477]},"properties":{"OBJECTID":878,"maNhanDang":"","phienBan":0,"ngayPhienBan":1787756708000,"giaTriDoChinhXacMatPhang":0,"nguyenNhanThayDoi":null,"maDoiTuong":"HE03","tenCay":"keo","chieuCao":0}},{"type":"Feature","id":879,"geometry":{"type":"Point","coordinates":[106.33910581139823,10.770494343961714]},"properties":{"OBJECTID":879,"maNhanDang":"","phienBan":0,"ngayPhienBan":1787756708000,"giaTriDoChinhXacMatPhang":0,"nguyenNhanThayDoi":null,"maDoiTuong":"HE03","tenCay":"keo","chieuCao":0}},{"type":"Feature","id":880,"geometry":{"type":"Point","coordinates":[106.33909848507946,10.770268770717994]},"properties":{"OBJECTID":880,"maNhanDang":"","phienBan":0,"ngayPhienBan":1787756708000,"giaTriDoChinhXacMatPhang":0,"nguyenNhanThayDoi":null,"maDoiTuong":"HE03","tenCay":"keo","chieuCao":0}},{"type":"Feature","id":881,"geometry":{"type":"Point","coordinates":[106.33949585012553,10.770329870250569]},"properties":{"OBJECTID":881,"maNhanDang":"","phienBan":0,"ngayPhienBan":1787756708000,"giaTriDoChinhXacMatPhang":0,"nguyenNhanThayDoi":null,"maDoiTuong":"HE03","tenCay":"keo","chieuCao":0}},{"type":"Feature","id":882,"geometry":{"type":"Point","coordinates":[106.33931698769375,10.770389095161841]},"properties":{"OBJECTID":882,"maNhanDang":"","phienBan":0,"ngayPhienBan":1787756708000,"giaTriDoChinhXacMatPhang":0,"nguyenNhanThayDoi":null,"maDoiTuong":"HE03","tenCay":"keo","chieuCao":0}},{"type":"Feature","id":883,"geometry":{"type":"Point","coordinates":[106.33927213995553,10.770224005141616]},"properties":{"OBJECTID":883,"maNhanDang":"","phienBan":0,"ngayPhienBan":1787756708000,"giaTriDoChinhXacMatPhang":0,"nguyenNhanThayDoi":null,"maDoiTuong":"HE03","tenCay":"keo","chieuCao":0}},{"type":"Feature","id":884,"geometry":{"type":"Point","coordinates":[106.33926481444671,10.769998432806505]},"properties":{"OBJECTID":884,"maNhanDang":"","phienBan":0,"ngayPhienBan":1787756708000,"giaTriDoChinhXacMatPhang":0,"nguyenNhanThayDoi":null,"maDoiTuong":"HE03","tenCay":"keo","chieuCao":0}},{"type":"Feature","id":885,"geometry":{"type":"Point","coordinates":[106.33966217915743,10.770059532143888]},"properties":{"OBJECTID":885,"maNhanDang":"","phienBan":0,"ngayPhienBan":1787756708000,"giaTriDoChinhXacMatPhang":0,"nguyenNhanThayDoi":null,"maDoiTuong":"HE03","tenCay":"keo","chieuCao":0}},{"type":"Feature","id":886,"geometry":{"type":"Point","coordinates":[106.33948331600388,10.770118756239651]},"properties":{"OBJECTID":886,"maNhanDang":"","phienBan":0,"ngayPhienBan":1787756708000,"giaTriDoChinhXacMatPhang":0,"nguyenNhanThayDoi":null,"maDoiTuong":"HE03","tenCay":"keo","chieuCao":0}},{"type":"Feature","id":887,"geometry":{"type":"Point","coordinates":[106.33943846822609,10.76995366714741]},"properties":{"OBJECTID":887,"maNhanDang":"","phienBan":0,"ngayPhienBan":1787756708000,"giaTriDoChinhXacMatPhang":0,"nguyenNhanThayDoi":null,"maDoiTuong":"HE03","tenCay":"keo","chieuCao":0}},{"type":"Feature","id":888,"geometry":{"type":"Point","coordinates":[106.33943114260936,10.769728093914441]},"properties":{"OBJECTID":888,"maNhanDang":"","phienBan":0,"ngayPhienBan":1787756708000,"giaTriDoChinhXacMatPhang":0,"nguyenNhanThayDoi":null,"maDoiTuong":"HE03","tenCay":"keo","chieuCao":0}},{"type":"Feature","id":889,"geometry":{"type":"Point","coordinates":[106.33966378547322,10.769799492152901]},"properties":{"OBJECTID":889,"maNhanDang":"","phienBan":0,"ngayPhienBan":1787756708000,"giaTriDoChinhXacMatPhang":0,"nguyenNhanThayDoi":null,"maDoiTuong":"HE03","tenCay":"keo","chieuCao":0}},{"type":"Feature","id":890,"geometry":{"type":"Point","coordinates":[106.33776638472422,10.772180053037356]},"properties":{"OBJECTID":890,"maNhanDang":"","phienBan":0,"ngayPhienBan":1787756708000,"giaTriDoChinhXacMatPhang":0,"nguyenNhanThayDoi":null,"maDoiTuong":"HE03","tenCay":"keo","chieuCao":0}},{"type":"Feature","id":891,"geometry":{"type":"Point","coordinates":[106.33784517206111,10.771826853842558]},"properties":{"OBJECTID":891,"maNhanDang":"","phienBan":0,"ngayPhienBan":1787756708000,"giaTriDoChinhXacMatPhang":0,"nguyenNhanThayDoi":null,"maDoiTuong":"HE03","tenCay":"keo","chieuCao":0}},{"type":"Feature","id":892,"geometry":{"type":"Point","coordinates":[106.33766123616557,10.771869461092285]},"properties":{"OBJECTID":892,"maNhanDang":"","phienBan":0,"ngayPhienBan":1787756708000,"giaTriDoChinhXacMatPhang":0,"nguyenNhanThayDoi":null,"maDoiTuong":"HE03","tenCay":"keo","chieuCao":0}},{"type":"Feature","id":893,"geometry":{"type":"Point","coordinates":[106.33776903194325,10.771465374845278]},"properties":{"OBJECTID":893,"maNhanDang":"","phienBan":0,"ngayPhienBan":1787756708000,"giaTriDoChinhXacMatPhang":0,"nguyenNhanThayDoi":null,"maDoiTuong":"HE03","tenCay":"keo","chieuCao":0}},{"type":"Feature","id":894,"geometry":{"type":"Point","coordinates":[106.3379340500754,10.771910522394352]},"properties":{"OBJECTID":894,"maNhanDang":"","phienBan":0,"ngayPhienBan":1787756708000,"giaTriDoChinhXacMatPhang":0,"nguyenNhanThayDoi":null,"maDoiTuong":"HE03","tenCay":"keo","chieuCao":0}},{"type":"Feature","id":895,"geometry":{"type":"Point","coordinates":[106.33801283716144,10.771557323164902]},"properties":{"OBJECTID":895,"maNhanDang":"","phienBan":0,"ngayPhienBan":1787756708000,"giaTriDoChinhXacMatPhang":0,"nguyenNhanThayDoi":null,"maDoiTuong":"HE03","tenCay":"keo","chieuCao":0}},{"type":"Feature","id":896,"geometry":{"type":"Point","coordinates":[106.33782890237251,10.771599931407341]},"properties":{"OBJECTID":896,"maNhanDang":"","phienBan":0,"ngayPhienBan":1787756708000,"giaTriDoChinhXacMatPhang":0,"nguyenNhanThayDoi":null,"maDoiTuong":"HE03","tenCay":"keo","chieuCao":0}},{"type":"Feature","id":897,"geometry":{"type":"Point","coordinates":[106.33793669784525,10.771195844207819]},"properties":{"OBJECTID":897,"maNhanDang":"","phienBan":0,"ngayPhienBan":1787756708000,"giaTriDoChinhXacMatPhang":0,"nguyenNhanThayDoi":null,"maDoiTuong":"HE03","tenCay":"keo","chieuCao":0}},{"type":"Feature","id":898,"geometry":{"type":"Point","coordinates":[106.33810171605073,10.771640991670058]},"properties":{"OBJECTID":898,"maNhanDang":"","phienBan":0,"ngayPhienBan":1787756708000,"giaTriDoChinhXacMatPhang":0,"nguyenNhanThayDoi":null,"maDoiTuong":"HE03","tenCay":"keo","chieuCao":0}},{"type":"Feature","id":899,"geometry":{"type":"Point","coordinates":[106.33818050197162,10.771287792407627]},"properties":{"OBJECTID":899,"maNhanDang":"","phienBan":0,"ngayPhienBan":1787756708000,"giaTriDoChinhXacMatPhang":0,"nguyenNhanThayDoi":null,"maDoiTuong":"HE03","tenCay":"keo","chieuCao":0}},{"type":"Feature","id":900,"geometry":{"type":"Point","coordinates":[106.33799656828751,10.771330400738677]},"properties":{"OBJECTID":900,"maNhanDang":"","phienBan":0,"ngayPhienBan":1787756708000,"giaTriDoChinhXacMatPhang":0,"nguyenNhanThayDoi":null,"maDoiTuong":"HE03","tenCay":"keo","chieuCao":0}},{"type":"Feature","id":901,"geometry":{"type":"Point","coordinates":[106.33810436254447,10.770926314396593]},"properties":{"OBJECTID":901,"maNhanDang":"","phienBan":0,"ngayPhienBan":1787756708000,"giaTriDoChinhXacMatPhang":0,"nguyenNhanThayDoi":null,"maDoiTuong":"HE03","tenCay":"keo","chieuCao":0}},{"type":"Feature","id":902,"geometry":{"type":"Point","coordinates":[106.33826938173588,10.771371460866144]},"properties":{"OBJECTID":902,"maNhanDang":"","phienBan":0,"ngayPhienBan":1787756708000,"giaTriDoChinhXacMatPhang":0,"nguyenNhanThayDoi":null,"maDoiTuong":"HE03","tenCay":"keo","chieuCao":0}},{"type":"Feature","id":903,"geometry":{"type":"Point","coordinates":[106.33834816740594,10.771018261569058]},"properties":{"OBJECTID":903,"maNhanDang":"","phienBan":0,"ngayPhienBan":1787756708000,"giaTriDoChinhXacMatPhang":0,"nguyenNhanThayDoi":null,"maDoiTuong":"HE03","tenCay":"keo","chieuCao":0}},{"type":"Feature","id":904,"geometry":{"type":"Point","coordinates":[106.33816423299795,10.771060869992189]},"properties":{"OBJECTID":904,"maNhanDang":"","phienBan":0,"ngayPhienBan":1787756708000,"giaTriDoChinhXacMatPhang":0,"nguyenNhanThayDoi":null,"maDoiTuong":"HE03","tenCay":"keo","chieuCao":0}},{"type":"Feature","id":905,"geometry":{"type":"Point","coordinates":[106.33827202695176,10.770656783601712]},"properties":{"OBJECTID":905,"maNhanDang":"","phienBan":0,"ngayPhienBan":1787756708000,"giaTriDoChinhXacMatPhang":0,"nguyenNhanThayDoi":null,"maDoiTuong":"HE03","tenCay":"keo","chieuCao":0}},{"type":"Feature","id":906,"geometry":{"type":"Point","coordinates":[106.33843704621826,10.771101930888495]},"properties":{"OBJECTID":906,"maNhanDang":"","phienBan":0,"ngayPhienBan":1787756708000,"giaTriDoChinhXacMatPhang":0,"nguyenNhanThayDoi":null,"maDoiTuong":"HE03","tenCay":"keo","chieuCao":0}},{"type":"Feature","id":907,"geometry":{"type":"Point","coordinates":[106.33851583255013,10.770748730650894]},"properties":{"OBJECTID":907,"maNhanDang":"","phienBan":0,"ngayPhienBan":1787756708000,"giaTriDoChinhXacMatPhang":0,"nguyenNhanThayDoi":null,"maDoiTuong":"HE03","tenCay":"keo","chieuCao":0}},{"type":"Feature","id":908,"geometry":{"type":"Point","coordinates":[106.33833189833258,10.770791339164361]},"properties":{"OBJECTID":908,"maNhanDang":"","phienBan":0,"ngayPhienBan":1787756708000,"giaTriDoChinhXacMatPhang":0,"nguyenNhanThayDoi":null,"maDoiTuong":"HE03","tenCay":"keo","chieuCao":0}},{"type":"Feature","id":909,"geometry":{"type":"Point","coordinates":[106.33843969198324,10.7703872527255]},"properties":{"OBJECTID":909,"maNhanDang":"","phienBan":0,"ngayPhienBan":1787756708000,"giaTriDoChinhXacMatPhang":0,"nguyenNhanThayDoi":null,"maDoiTuong":"HE03","tenCay":"keo","chieuCao":0}},{"type":"Feature","id":910,"geometry":{"type":"Point","coordinates":[106.33860471132307,10.770832399925432]},"properties":{"OBJECTID":910,"maNhanDang":"","phienBan":0,"ngayPhienBan":1787756708000,"giaTriDoChinhXacMatPhang":0,"nguyenNhanThayDoi":null,"maDoiTuong":"HE03","tenCay":"keo","chieuCao":0}},{"type":"Feature","id":911,"geometry":{"type":"Point","coordinates":[106.33868349740588,10.770479200557281]},"properties":{"OBJECTID":911,"maNhanDang":"","phienBan":0,"ngayPhienBan":1787756708000,"giaTriDoChinhXacMatPhang":0,"nguyenNhanThayDoi":null,"maDoiTuong":"HE03","tenCay":"keo","chieuCao":0}},{"type":"Feature","id":912,"geometry":{"type":"Point","coordinates":[106.33849956246445,10.770521809162808]},"properties":{"OBJECTID":912,"maNhanDang":"","phienBan":0,"ngayPhienBan":1787756708000,"giaTriDoChinhXacMatPhang":0,"nguyenNhanThayDoi":null,"maDoiTuong":"HE03","tenCay":"keo","chieuCao":0}},{"type":"Feature","id":913,"geometry":{"type":"Point","coordinates":[106.33860735672458,10.770117721769736]},"properties":{"OBJECTID":913,"maNhanDang":"","phienBan":0,"ngayPhienBan":1787756708000,"giaTriDoChinhXacMatPhang":0,"nguyenNhanThayDoi":null,"maDoiTuong":"HE03","tenCay":"keo","chieuCao":0}},{"type":"Feature","id":914,"geometry":{"type":"Point","coordinates":[106.33877237522336,10.770562868884547]},"properties":{"OBJECTID":914,"maNhanDang":"","phienBan":0,"ngayPhienBan":1787756708000,"giaTriDoChinhXacMatPhang":0,"nguyenNhanThayDoi":null,"maDoiTuong":"HE03","tenCay":"keo","chieuCao":0}},{"type":"Feature","id":915,"geometry":{"type":"Point","coordinates":[106.33885116196976,10.770209669479986]},"properties":{"OBJECTID":915,"maNhanDang":"","phienBan":0,"ngayPhienBan":1787756708000,"giaTriDoChinhXacMatPhang":0,"nguyenNhanThayDoi":null,"maDoiTuong":"HE03","tenCay":"keo","chieuCao":0}},{"type":"Feature","id":916,"geometry":{"type":"Point","coordinates":[106.33866722721878,10.770252278175841]},"properties":{"OBJECTID":916,"maNhanDang":"","phienBan":0,"ngayPhienBan":1787756708000,"giaTriDoChinhXacMatPhang":0,"nguyenNhanThayDoi":null,"maDoiTuong":"HE03","tenCay":"keo","chieuCao":0}},{"type":"Feature","id":917,"geometry":{"type":"Point","coordinates":[106.33877502117755,10.769848191638491]},"properties":{"OBJECTID":917,"maNhanDang":"","phienBan":0,"ngayPhienBan":1787756708000,"giaTriDoChinhXacMatPhang":0,"nguyenNhanThayDoi":null,"maDoiTuong":"HE03","tenCay":"keo","chieuCao":0}},{"type":"Feature","id":918,"geometry":{"type":"Point","coordinates":[106.3389400397496,10.770293338666447]},"properties":{"OBJECTID":918,"maNhanDang":"","phienBan":0,"ngayPhienBan":1787756708000,"giaTriDoChinhXacMatPhang":0,"nguyenNhanThayDoi":null,"maDoiTuong":"HE03","tenCay":"keo","chieuCao":0}},{"type":"Feature","id":919,"geometry":{"type":"Point","coordinates":[106.33901882532913,10.769940138324895]},"properties":{"OBJECTID":919,"maNhanDang":"","phienBan":0,"ngayPhienBan":1787756708000,"giaTriDoChinhXacMatPhang":0,"nguyenNhanThayDoi":null,"maDoiTuong":"HE03","tenCay":"keo","chieuCao":0}},{"type":"Feature","id":920,"geometry":{"type":"Point","coordinates":[106.33883489168298,10.769982747109335]},"properties":{"OBJECTID":920,"maNhanDang":"","phienBan":0,"ngayPhienBan":1787756708000,"giaTriDoChinhXacMatPhang":0,"nguyenNhanThayDoi":null,"maDoiTuong":"HE03","tenCay":"keo","chieuCao":0}},{"type":"Feature","id":921,"geometry":{"type":"Point","coordinates":[106.33894268442427,10.769578660525358]},"properties":{"OBJECTID":921,"maNhanDang":"","phienBan":0,"ngayPhienBan":1787756708000,"giaTriDoChinhXacMatPhang":0,"nguyenNhanThayDoi":null,"maDoiTuong":"HE03","tenCay":"keo","chieuCao":0}},{"type":"Feature","id":922,"geometry":{"type":"Point","coordinates":[106.33910770398398,10.77002380746473]},"properties":{"OBJECTID":922,"maNhanDang":"","phienBan":0,"ngayPhienBan":1787756708000,"giaTriDoChinhXacMatPhang":0,"nguyenNhanThayDoi":null,"maDoiTuong":"HE03","tenCay":"keo","chieuCao":0}},{"type":"Feature","id":923,"geometry":{"type":"Point","coordinates":[106.33918648840013,10.769670607994327]},"properties":{"OBJECTID":923,"maNhanDang":"","phienBan":0,"ngayPhienBan":1787756708000,"giaTriDoChinhXacMatPhang":0,"nguyenNhanThayDoi":null,"maDoiTuong":"HE03","tenCay":"keo","chieuCao":0}},{"type":"Feature","id":924,"geometry":{"type":"Point","coordinates":[106.33900255585878,10.769713216867352]},"properties":{"OBJECTID":924,"maNhanDang":"","phienBan":0,"ngayPhienBan":1787756708000,"giaTriDoChinhXacMatPhang":0,"nguyenNhanThayDoi":null,"maDoiTuong":"HE03","tenCay":"keo","chieuCao":0}},{"type":"Feature","id":925,"geometry":{"type":"Point","coordinates":[106.33766217588737,10.770257463139686]},"properties":{"OBJECTID":925,"maNhanDang":"","phienBan":0,"ngayPhienBan":1787756708000,"giaTriDoChinhXacMatPhang":0,"nguyenNhanThayDoi":null,"maDoiTuong":"HE03","tenCay":"keo","chieuCao":0}},{"type":"Feature","id":926,"geometry":{"type":"Point","coordinates":[106.33927536792821,10.769754276183443]},"properties":{"OBJECTID":926,"maNhanDang":"","phienBan":0,"ngayPhienBan":1787756708000,"giaTriDoChinhXacMatPhang":0,"nguyenNhanThayDoi":null,"maDoiTuong":"HE03","tenCay":"keo","chieuCao":0}},{"type":"Feature","id":927,"geometry":{"type":"Point","coordinates":[106.33765922194894,10.77049204722517]},"properties":{"OBJECTID":927,"maNhanDang":"","phienBan":0,"ngayPhienBan":1787756708000,"giaTriDoChinhXacMatPhang":0,"nguyenNhanThayDoi":null,"maDoiTuong":"HE03","tenCay":"keo","chieuCao":0}},{"type":"Feature","id":928,"geometry":{"type":"Point","coordinates":[106.33915569852221,10.769464257077464]},"properties":{"OBJECTID":928,"maNhanDang":"","phienBan":0,"ngayPhienBan":1787756708000,"giaTriDoChinhXacMatPhang":0,"nguyenNhanThayDoi":null,"maDoiTuong":"HE03","tenCay":"keo","chieuCao":0}},{"type":"Feature","id":929,"geometry":{"type":"Point","coordinates":[106.33761257208013,10.770087889376958]},"properties":{"OBJECTID":929,"maNhanDang":"","phienBan":0,"ngayPhienBan":1787756708000,"giaTriDoChinhXacMatPhang":0,"nguyenNhanThayDoi":null,"maDoiTuong":"HE03","tenCay":"keo","chieuCao":0}},{"type":"Feature","id":930,"geometry":{"type":"Point","coordinates":[106.33784068948984,10.77113086242684]},"properties":{"OBJECTID":930,"maNhanDang":"","phienBan":0,"ngayPhienBan":1787756708000,"giaTriDoChinhXacMatPhang":0,"nguyenNhanThayDoi":null,"maDoiTuong":"HE03","tenCay":"keo","chieuCao":0}},{"type":"Feature","id":931,"geometry":{"type":"Point","coordinates":[106.33765904186447,10.770708065796983]},"properties":{"OBJECTID":931,"maNhanDang":"","phienBan":0,"ngayPhienBan":1787756708000,"giaTriDoChinhXacMatPhang":0,"nguyenNhanThayDoi":null,"maDoiTuong":"HE03","tenCay":"keo","chieuCao":0}},{"type":"Feature","id":932,"geometry":{"type":"Point","coordinates":[106.3376793046067,10.769503783490498]},"properties":{"OBJECTID":932,"maNhanDang":"","phienBan":0,"ngayPhienBan":1787756708000,"giaTriDoChinhXacMatPhang":0,"nguyenNhanThayDoi":null,"maDoiTuong":"HE03","tenCay":"keo","chieuCao":0}},{"type":"Feature","id":933,"geometry":{"type":"Point","coordinates":[106.33765203752519,10.769783994737654]},"properties":{"OBJECTID":933,"maNhanDang":"","phienBan":0,"ngayPhienBan":1787756708000,"giaTriDoChinhXacMatPhang":0,"nguyenNhanThayDoi":null,"maDoiTuong":"HE03","tenCay":"keo","chieuCao":0}},{"type":"Feature","id":934,"geometry":{"type":"Point","coordinates":[106.3376837391255,10.771144872471449]},"properties":{"OBJECTID":934,"maNhanDang":"","phienBan":0,"ngayPhienBan":1787756708000,"giaTriDoChinhXacMatPhang":0,"nguyenNhanThayDoi":null,"maDoiTuong":"HE03","tenCay":"keo","chieuCao":0}},{"type":"Feature","id":935,"geometry":{"type":"Point","coordinates":[106.33772140113497,10.770863920967459]},"properties":{"OBJECTID":935,"maNhanDang":"","phienBan":0,"ngayPhienBan":1787756708000,"giaTriDoChinhXacMatPhang":0,"nguyenNhanThayDoi":null,"maDoiTuong":"HE03","tenCay":"keo","chieuCao":0}},{"type":"Feature","id":936,"geometry":{"type":"Point","coordinates":[106.33800766857669,10.770860916270552]},"properties":{"OBJECTID":936,"maNhanDang":"","phienBan":0,"ngayPhienBan":1787756708000,"giaTriDoChinhXacMatPhang":0,"nguyenNhanThayDoi":null,"maDoiTuong":"HE03","tenCay":"keo","chieuCao":0}},{"type":"Feature","id":937,"geometry":{"type":"Point","coordinates":[106.33782601998965,10.770438118832658]},"properties":{"OBJECTID":937,"maNhanDang":"","phienBan":0,"ngayPhienBan":1787756708000,"giaTriDoChinhXacMatPhang":0,"nguyenNhanThayDoi":null,"maDoiTuong":"HE03","tenCay":"keo","chieuCao":0}},{"type":"Feature","id":938,"geometry":{"type":"Point","coordinates":[106.3378507174494,10.770874926393892]},"properties":{"OBJECTID":938,"maNhanDang":"","phienBan":0,"ngayPhienBan":1787756708000,"giaTriDoChinhXacMatPhang":0,"nguyenNhanThayDoi":null,"maDoiTuong":"HE03","tenCay":"keo","chieuCao":0}},{"type":"Feature","id":939,"geometry":{"type":"Point","coordinates":[106.33786022171316,10.770625243196111]},"properties":{"OBJECTID":939,"maNhanDang":"","phienBan":0,"ngayPhienBan":1787756708000,"giaTriDoChinhXacMatPhang":0,"nguyenNhanThayDoi":null,"maDoiTuong":"HE03","tenCay":"keo","chieuCao":0}},{"type":"Feature","id":940,"geometry":{"type":"Point","coordinates":[106.33818814364255,10.770567536399476]},"properties":{"OBJECTID":940,"maNhanDang":"","phienBan":0,"ngayPhienBan":1787756708000,"giaTriDoChinhXacMatPhang":0,"nguyenNhanThayDoi":null,"maDoiTuong":"HE03","tenCay":"keo","chieuCao":0}},{"type":"Feature","id":941,"geometry":{"type":"Point","coordinates":[106.33799299873988,10.770168171787676]},"properties":{"OBJECTID":941,"maNhanDang":"","phienBan":0,"ngayPhienBan":1787756708000,"giaTriDoChinhXacMatPhang":0,"nguyenNhanThayDoi":null,"maDoiTuong":"HE03","tenCay":"keo","chieuCao":0}},{"type":"Feature","id":942,"geometry":{"type":"Point","coordinates":[106.33801769639658,10.770604979331596]},"properties":{"OBJECTID":942,"maNhanDang":"","phienBan":0,"ngayPhienBan":1787756708000,"giaTriDoChinhXacMatPhang":0,"nguyenNhanThayDoi":null,"maDoiTuong":"HE03","tenCay":"keo","chieuCao":0}},{"type":"Feature","id":943,"geometry":{"type":"Point","coordinates":[106.33805535896853,10.7703240277955]},"properties":{"OBJECTID":943,"maNhanDang":"","phienBan":0,"ngayPhienBan":1787756708000,"giaTriDoChinhXacMatPhang":0,"nguyenNhanThayDoi":null,"maDoiTuong":"HE03","tenCay":"keo","chieuCao":0}},{"type":"Feature","id":944,"geometry":{"type":"Point","coordinates":[106.33834162587894,10.770321021913066]},"properties":{"OBJECTID":944,"maNhanDang":"","phienBan":0,"ngayPhienBan":1787756708000,"giaTriDoChinhXacMatPhang":0,"nguyenNhanThayDoi":null,"maDoiTuong":"HE03","tenCay":"keo","chieuCao":0}},{"type":"Feature","id":945,"geometry":{"type":"Point","coordinates":[106.33815997720254,10.7698982255679]},"properties":{"OBJECTID":945,"maNhanDang":"","phienBan":0,"ngayPhienBan":1787756708000,"giaTriDoChinhXacMatPhang":0,"nguyenNhanThayDoi":null,"maDoiTuong":"HE03","tenCay":"keo","chieuCao":0}},{"type":"Feature","id":946,"geometry":{"type":"Point","coordinates":[106.33821391769064,10.770284801920385]},"properties":{"OBJECTID":946,"maNhanDang":"","phienBan":0,"ngayPhienBan":1787756708000,"giaTriDoChinhXacMatPhang":0,"nguyenNhanThayDoi":null,"maDoiTuong":"HE03","tenCay":"keo","chieuCao":0}},{"type":"Feature","id":947,"geometry":{"type":"Point","coordinates":[106.33822233653611,10.770054080640856]},"properties":{"OBJECTID":947,"maNhanDang":"","phienBan":0,"ngayPhienBan":1787756708000,"giaTriDoChinhXacMatPhang":0,"nguyenNhanThayDoi":null,"maDoiTuong":"HE03","tenCay":"keo","chieuCao":0}},{"type":"Feature","id":948,"geometry":{"type":"Point","coordinates":[106.33850860409784,10.770051075520108]},"properties":{"OBJECTID":948,"maNhanDang":"","phienBan":0,"ngayPhienBan":1787756708000,"giaTriDoChinhXacMatPhang":0,"nguyenNhanThayDoi":null,"maDoiTuong":"HE03","tenCay":"keo","chieuCao":0}},{"type":"Feature","id":949,"geometry":{"type":"Point","coordinates":[106.33832695537416,10.769628278365154]},"properties":{"OBJECTID":949,"maNhanDang":"","phienBan":0,"ngayPhienBan":1787756708000,"giaTriDoChinhXacMatPhang":0,"nguyenNhanThayDoi":null,"maDoiTuong":"HE03","tenCay":"keo","chieuCao":0}},{"type":"Feature","id":950,"geometry":{"type":"Point","coordinates":[106.33841127622034,10.769959060223428]},"properties":{"OBJECTID":950,"maNhanDang":"","phienBan":0,"ngayPhienBan":1787756708000,"giaTriDoChinhXacMatPhang":0,"nguyenNhanThayDoi":null,"maDoiTuong":"HE03","tenCay":"keo","chieuCao":0}},{"type":"Feature","id":951,"geometry":{"type":"Point","coordinates":[106.33838931472876,10.769784133405595]},"properties":{"OBJECTID":951,"maNhanDang":"","phienBan":0,"ngayPhienBan":1787756708000,"giaTriDoChinhXacMatPhang":0,"nguyenNhanThayDoi":null,"maDoiTuong":"HE03","tenCay":"keo","chieuCao":0}},{"type":"Feature","id":952,"geometry":{"type":"Point","coordinates":[106.33867558111135,10.769781128145903]},"properties":{"OBJECTID":952,"maNhanDang":"","phienBan":0,"ngayPhienBan":1787756708000,"giaTriDoChinhXacMatPhang":0,"nguyenNhanThayDoi":null,"maDoiTuong":"HE03","tenCay":"keo","chieuCao":0}},{"type":"Feature","id":953,"geometry":{"type":"Point","coordinates":[106.3384939332565,10.769358331083527]},"properties":{"OBJECTID":953,"maNhanDang":"","phienBan":0,"ngayPhienBan":1787756708000,"giaTriDoChinhXacMatPhang":0,"nguyenNhanThayDoi":null,"maDoiTuong":"HE03","tenCay":"keo","chieuCao":0}},{"type":"Feature","id":954,"geometry":{"type":"Point","coordinates":[106.33857825419319,10.769689113800535]},"properties":{"OBJECTID":954,"maNhanDang":"","phienBan":0,"ngayPhienBan":1787756708000,"giaTriDoChinhXacMatPhang":0,"nguyenNhanThayDoi":null,"maDoiTuong":"HE03","tenCay":"keo","chieuCao":0}},{"type":"Feature","id":955,"geometry":{"type":"Point","coordinates":[106.33857315203407,10.769476249731674]},"properties":{"OBJECTID":955,"maNhanDang":"","phienBan":0,"ngayPhienBan":1787756708000,"giaTriDoChinhXacMatPhang":0,"nguyenNhanThayDoi":null,"maDoiTuong":"HE03","tenCay":"keo","chieuCao":0}},{"type":"Feature","id":956,"geometry":{"type":"Point","coordinates":[106.33884255783556,10.76951118069282]},"properties":{"OBJECTID":956,"maNhanDang":"","phienBan":0,"ngayPhienBan":1787756708000,"giaTriDoChinhXacMatPhang":0,"nguyenNhanThayDoi":null,"maDoiTuong":"HE03","tenCay":"keo","chieuCao":0}},{"type":"Feature","id":957,"geometry":{"type":"Point","coordinates":[106.33794439121573,10.769796728927195]},"properties":{"OBJECTID":957,"maNhanDang":"","phienBan":0,"ngayPhienBan":1787756708000,"giaTriDoChinhXacMatPhang":0,"nguyenNhanThayDoi":null,"maDoiTuong":"HE03","tenCay":"keo","chieuCao":0}},{"type":"Feature","id":958,"geometry":{"type":"Point","coordinates":[106.33873623092437,10.769440362911611]},"properties":{"OBJECTID":958,"maNhanDang":"","phienBan":0,"ngayPhienBan":1787756708000,"giaTriDoChinhXacMatPhang":0,"nguyenNhanThayDoi":null,"maDoiTuong":"HE03","tenCay":"keo","chieuCao":0}},{"type":"Feature","id":959,"geometry":{"type":"Point","coordinates":[106.33872326933358,10.769244239604301]},"properties":{"OBJECTID":959,"maNhanDang":"","phienBan":0,"ngayPhienBan":1787756708000,"giaTriDoChinhXacMatPhang":0,"nguyenNhanThayDoi":null,"maDoiTuong":"HE03","tenCay":"keo","chieuCao":0}},{"type":"Feature","id":960,"geometry":{"type":"Point","coordinates":[106.33810831289006,10.769767643269663]},"properties":{"OBJECTID":960,"maNhanDang":"","phienBan":0,"ngayPhienBan":1787756708000,"giaTriDoChinhXacMatPhang":0,"nguyenNhanThayDoi":null,"maDoiTuong":"HE03","tenCay":"keo","chieuCao":0}},{"type":"Feature","id":961,"geometry":{"type":"Point","coordinates":[106.33781329864465,10.770231711792103]},"properties":{"OBJECTID":961,"maNhanDang":"","phienBan":0,"ngayPhienBan":1787756708000,"giaTriDoChinhXacMatPhang":0,"nguyenNhanThayDoi":null,"maDoiTuong":"HE03","tenCay":"keo","chieuCao":0}},{"type":"Feature","id":962,"geometry":{"type":"Point","coordinates":[106.33795824637896,10.769997455167234]},"properties":{"OBJECTID":962,"maNhanDang":"","phienBan":0,"ngayPhienBan":1787756708000,"giaTriDoChinhXacMatPhang":0,"nguyenNhanThayDoi":null,"maDoiTuong":"HE03","tenCay":"keo","chieuCao":0}},{"type":"Feature","id":963,"geometry":{"type":"Point","coordinates":[106.33776895442868,10.770085373381162]},"properties":{"OBJECTID":963,"maNhanDang":"","phienBan":0,"ngayPhienBan":1787756708000,"giaTriDoChinhXacMatPhang":0,"nguyenNhanThayDoi":null,"maDoiTuong":"HE03","tenCay":"keo","chieuCao":0}},{"type":"Feature","id":964,"geometry":{"type":"Point","coordinates":[106.33826541458733,10.769523855956228]},"properties":{"OBJECTID":964,"maNhanDang":"","phienBan":0,"ngayPhienBan":1787756708000,"giaTriDoChinhXacMatPhang":0,"nguyenNhanThayDoi":null,"maDoiTuong":"HE03","tenCay":"keo","chieuCao":0}},{"type":"Feature","id":965,"geometry":{"type":"Point","coordinates":[106.33851576529315,10.769094970767341]},"properties":{"OBJECTID":965,"maNhanDang":"","phienBan":0,"ngayPhienBan":1787756708000,"giaTriDoChinhXacMatPhang":0,"nguyenNhanThayDoi":null,"maDoiTuong":"HE03","tenCay":"keo","chieuCao":0}},{"type":"Feature","id":966,"geometry":{"type":"Point","coordinates":[106.33835983650803,10.769132093361501]},"properties":{"OBJECTID":966,"maNhanDang":"","phienBan":0,"ngayPhienBan":1787756708000,"giaTriDoChinhXacMatPhang":0,"nguyenNhanThayDoi":null,"maDoiTuong":"HE03","tenCay":"keo","chieuCao":0}},{"type":"Feature","id":967,"geometry":{"type":"Point","coordinates":[106.3382136223548,10.769358907295892]},"properties":{"OBJECTID":967,"maNhanDang":"","phienBan":0,"ngayPhienBan":1787756708000,"giaTriDoChinhXacMatPhang":0,"nguyenNhanThayDoi":null,"maDoiTuong":"HE03","tenCay":"keo","chieuCao":0}},{"type":"Feature","id":968,"geometry":{"type":"Point","coordinates":[106.33807677997798,10.76959032153237]},"properties":{"OBJECTID":968,"maNhanDang":"","phienBan":0,"ngayPhienBan":1787756708000,"giaTriDoChinhXacMatPhang":0,"nguyenNhanThayDoi":null,"maDoiTuong":"HE03","tenCay":"keo","chieuCao":0}},{"type":"Feature","id":969,"geometry":{"type":"Point","coordinates":[106.33773718737537,10.769891905740218]},"properties":{"OBJECTID":969,"maNhanDang":"","phienBan":0,"ngayPhienBan":1787756708000,"giaTriDoChinhXacMatPhang":0,"nguyenNhanThayDoi":null,"maDoiTuong":"HE03","tenCay":"keo","chieuCao":0}},{"type":"Feature","id":970,"geometry":{"type":"Point","coordinates":[106.33785650443107,10.769475597697864]},"properties":{"OBJECTID":970,"maNhanDang":"","phienBan":0,"ngayPhienBan":1787756708000,"giaTriDoChinhXacMatPhang":0,"nguyenNhanThayDoi":null,"maDoiTuong":"HE03","tenCay":"keo","chieuCao":0}},{"type":"Feature","id":971,"geometry":{"type":"Point","coordinates":[106.33786784302194,10.769691326823244]},"properties":{"OBJECTID":971,"maNhanDang":"","phienBan":0,"ngayPhienBan":1787756708000,"giaTriDoChinhXacMatPhang":0,"nguyenNhanThayDoi":null,"maDoiTuong":"HE03","tenCay":"keo","chieuCao":0}},{"type":"Feature","id":972,"geometry":{"type":"Point","coordinates":[106.33806372806953,10.769362039540361]},"properties":{"OBJECTID":972,"maNhanDang":"","phienBan":0,"ngayPhienBan":1787756708000,"giaTriDoChinhXacMatPhang":0,"nguyenNhanThayDoi":null,"maDoiTuong":"HE03","tenCay":"keo","chieuCao":0}},{"type":"Feature","id":973,"geometry":{"type":"Point","coordinates":[106.33805240132919,10.769152478166554]},"properties":{"OBJECTID":973,"maNhanDang":"","phienBan":0,"ngayPhienBan":1787756708000,"giaTriDoChinhXacMatPhang":0,"nguyenNhanThayDoi":null,"maDoiTuong":"HE03","tenCay":"keo","chieuCao":0}},{"type":"Feature","id":974,"geometry":{"type":"Point","coordinates":[106.33822866356695,10.769133655898205]},"properties":{"OBJECTID":974,"maNhanDang":"","phienBan":0,"ngayPhienBan":1787756708000,"giaTriDoChinhXacMatPhang":0,"nguyenNhanThayDoi":null,"maDoiTuong":"HE03","tenCay":"keo","chieuCao":0}},{"type":"Feature","id":975,"geometry":{"type":"Point","coordinates":[106.33820008383888,10.768917581583999]},"properties":{"OBJECTID":975,"maNhanDang":"","phienBan":0,"ngayPhienBan":1787756708000,"giaTriDoChinhXacMatPhang":0,"nguyenNhanThayDoi":null,"maDoiTuong":"HE03","tenCay":"keo","chieuCao":0}},{"type":"Feature","id":976,"geometry":{"type":"Point","coordinates":[106.3379803135451,10.769025873725841]},"properties":{"OBJECTID":976,"maNhanDang":"","phienBan":0,"ngayPhienBan":1787756708000,"giaTriDoChinhXacMatPhang":0,"nguyenNhanThayDoi":null,"maDoiTuong":"HE03","tenCay":"keo","chieuCao":0}},{"type":"Feature","id":977,"geometry":{"type":"Point","coordinates":[106.33783414487992,10.769275800705728]},"properties":{"OBJECTID":977,"maNhanDang":"","phienBan":0,"ngayPhienBan":1787756708000,"giaTriDoChinhXacMatPhang":0,"nguyenNhanThayDoi":null,"maDoiTuong":"HE03","tenCay":"keo","chieuCao":0}},{"type":"Feature","id":978,"geometry":{"type":"Point","coordinates":[106.33768892275718,10.769278332628245]},"properties":{"OBJECTID":978,"maNhanDang":"","phienBan":0,"ngayPhienBan":1787756708000,"giaTriDoChinhXacMatPhang":0,"nguyenNhanThayDoi":null,"maDoiTuong":"HE03","tenCay":"keo","chieuCao":0}},{"type":"Feature","id":979,"geometry":{"type":"Point","coordinates":[106.33785057124454,10.769029132189907]},"properties":{"OBJECTID":979,"maNhanDang":"","phienBan":0,"ngayPhienBan":1787756708000,"giaTriDoChinhXacMatPhang":0,"nguyenNhanThayDoi":null,"maDoiTuong":"HE03","tenCay":"keo","chieuCao":0}},{"type":"Feature","id":980,"geometry":{"type":"Point","coordinates":[106.33798383578353,10.768792113993804]},"properties":{"OBJECTID":980,"maNhanDang":"","phienBan":0,"ngayPhienBan":1787756708000,"giaTriDoChinhXacMatPhang":0,"nguyenNhanThayDoi":null,"maDoiTuong":"HE03","tenCay":"keo","chieuCao":0}},{"type":"Feature","id":981,"geometry":{"type":"Point","coordinates":[106.3378314953824,10.768803016963314]},"properties":{"OBJECTID":981,"maNhanDang":"","phienBan":0,"ngayPhienBan":1787756708000,"giaTriDoChinhXacMatPhang":0,"nguyenNhanThayDoi":null,"maDoiTuong":"HE03","tenCay":"keo","chieuCao":0}},{"type":"Feature","id":982,"geometry":{"type":"Point","coordinates":[106.33767183343487,10.769062828654542]},"properties":{"OBJECTID":982,"maNhanDang":"","phienBan":0,"ngayPhienBan":1787756708000,"giaTriDoChinhXacMatPhang":0,"nguyenNhanThayDoi":null,"maDoiTuong":"HE03","tenCay":"keo","chieuCao":0}},{"type":"Feature","id":983,"geometry":{"type":"Point","coordinates":[106.33771710835101,10.768735704812322]},"properties":{"OBJECTID":983,"maNhanDang":"","phienBan":0,"ngayPhienBan":1787756708000,"giaTriDoChinhXacMatPhang":0,"nguyenNhanThayDoi":null,"maDoiTuong":"HE03","tenCay":"keo","chieuCao":0}},{"type":"Feature","id":984,"geometry":{"type":"Point","coordinates":[106.3375662119462,10.768987783350974]},"properties":{"OBJECTID":984,"maNhanDang":"","phienBan":0,"ngayPhienBan":1787756708000,"giaTriDoChinhXacMatPhang":0,"nguyenNhanThayDoi":null,"maDoiTuong":"HE03","tenCay":"keo","chieuCao":0}},{"type":"Feature","id":985,"geometry":{"type":"Point","coordinates":[106.33756274702911,10.768762545325806]},"properties":{"OBJECTID":985,"maNhanDang":"","phienBan":0,"ngayPhienBan":1787756708000,"giaTriDoChinhXacMatPhang":0,"nguyenNhanThayDoi":null,"maDoiTuong":"HE03","tenCay":"keo","chieuCao":0}},{"type":"Feature","id":986,"geometry":{"type":"Point","coordinates":[106.33763471089038,10.768600339203905]},"properties":{"OBJECTID":986,"maNhanDang":"","phienBan":0,"ngayPhienBan":1787756708000,"giaTriDoChinhXacMatPhang":0,"nguyenNhanThayDoi":null,"maDoiTuong":"HE03","tenCay":"keo","chieuCao":0}},{"type":"Feature","id":987,"geometry":{"type":"Point","coordinates":[106.33409793066987,10.770707421816264]},"properties":{"OBJECTID":987,"maNhanDang":"","phienBan":0,"ngayPhienBan":1787756708000,"giaTriDoChinhXacMatPhang":0,"nguyenNhanThayDoi":null,"maDoiTuong":"HE03","tenCay":"keo","chieuCao":0}},{"type":"Feature","id":988,"geometry":{"type":"Point","coordinates":[106.33423303101493,10.770567511868389]},"properties":{"OBJECTID":988,"maNhanDang":"","phienBan":0,"ngayPhienBan":1787756708000,"giaTriDoChinhXacMatPhang":0,"nguyenNhanThayDoi":null,"maDoiTuong":"HE03","tenCay":"keo","chieuCao":0}},{"type":"Feature","id":989,"geometry":{"type":"Point","coordinates":[106.3344327753078,10.770613649509237]},"properties":{"OBJECTID":989,"maNhanDang":"","phienBan":0,"ngayPhienBan":1787756708000,"giaTriDoChinhXacMatPhang":0,"nguyenNhanThayDoi":null,"maDoiTuong":"HE03","tenCay":"keo","chieuCao":0}},{"type":"Feature","id":990,"geometry":{"type":"Point","coordinates":[106.33459536582929,10.770450980221771]},"properties":{"OBJECTID":990,"maNhanDang":"","phienBan":0,"ngayPhienBan":1787756708000,"giaTriDoChinhXacMatPhang":0,"nguyenNhanThayDoi":null,"maDoiTuong":"HE03","tenCay":"keo","chieuCao":0}},{"type":"Feature","id":991,"geometry":{"type":"Point","coordinates":[106.33481709998561,10.770514350782319]},"properties":{"OBJECTID":991,"maNhanDang":"","phienBan":0,"ngayPhienBan":1787756708000,"giaTriDoChinhXacMatPhang":0,"nguyenNhanThayDoi":null,"maDoiTuong":"HE03","tenCay":"keo","chieuCao":0}},{"type":"Feature","id":992,"geometry":{"type":"Point","coordinates":[106.33501195125903,10.770341470105762]},"properties":{"OBJECTID":992,"maNhanDang":"","phienBan":0,"ngayPhienBan":1787756708000,"giaTriDoChinhXacMatPhang":0,"nguyenNhanThayDoi":null,"maDoiTuong":"HE03","tenCay":"keo","chieuCao":0}},{"type":"Feature","id":993,"geometry":{"type":"Point","coordinates":[106.33521787318097,10.770397203452147]},"properties":{"OBJECTID":993,"maNhanDang":"","phienBan":0,"ngayPhienBan":1787756708000,"giaTriDoChinhXacMatPhang":0,"nguyenNhanThayDoi":null,"maDoiTuong":"HE03","tenCay":"keo","chieuCao":0}},{"type":"Feature","id":994,"geometry":{"type":"Point","coordinates":[106.33539946498327,10.770219607380447]},"properties":{"OBJECTID":994,"maNhanDang":"","phienBan":0,"ngayPhienBan":1787756708000,"giaTriDoChinhXacMatPhang":0,"nguyenNhanThayDoi":null,"maDoiTuong":"HE03","tenCay":"keo","chieuCao":0}},{"type":"Feature","id":995,"geometry":{"type":"Point","coordinates":[106.3355732697121,10.770292789680195]},"properties":{"OBJECTID":995,"maNhanDang":"","phienBan":0,"ngayPhienBan":1787756708000,"giaTriDoChinhXacMatPhang":0,"nguyenNhanThayDoi":null,"maDoiTuong":"HE03","tenCay":"keo","chieuCao":0}},{"type":"Feature","id":996,"geometry":{"type":"Point","coordinates":[106.33567634661901,10.770150670335925]},"properties":{"OBJECTID":996,"maNhanDang":"","phienBan":0,"ngayPhienBan":1787756708000,"giaTriDoChinhXacMatPhang":0,"nguyenNhanThayDoi":null,"maDoiTuong":"HE03","tenCay":"keo","chieuCao":0}},{"type":"Feature","id":997,"geometry":{"type":"Point","coordinates":[106.33592672861245,10.77007446625497]},"properties":{"OBJECTID":997,"maNhanDang":"","phienBan":0,"ngayPhienBan":1787756708000,"giaTriDoChinhXacMatPhang":0,"nguyenNhanThayDoi":null,"maDoiTuong":"HE03","tenCay":"keo","chieuCao":0}},{"type":"Feature","id":998,"geometry":{"type":"Point","coordinates":[106.3358496067688,10.770220256096525]},"properties":{"OBJECTID":998,"maNhanDang":"","phienBan":0,"ngayPhienBan":1787756708000,"giaTriDoChinhXacMatPhang":0,"nguyenNhanThayDoi":null,"maDoiTuong":"HE03","tenCay":"keo","chieuCao":0}},{"type":"Feature","id":999,"geometry":{"type":"Point","coordinates":[106.33621710674822,10.77010095895703]},"properties":{"OBJECTID":999,"maNhanDang":"","phienBan":0,"ngayPhienBan":1787756708000,"giaTriDoChinhXacMatPhang":0,"nguyenNhanThayDoi":null,"maDoiTuong":"HE03","tenCay":"keo","chieuCao":0}},{"type":"Feature","id":1000,"geometry":{"type":"Point","coordinates":[106.3362831829084,10.769974568388545]},"properties":{"OBJECTID":1000,"maNhanDang":"","phienBan":0,"ngayPhienBan":1787756708000,"giaTriDoChinhXacMatPhang":0,"nguyenNhanThayDoi":null,"maDoiTuong":"HE03","tenCay":"keo","chieuCao":0}},{"type":"Feature","id":1001,"geometry":{"type":"Point","coordinates":[106.33644978790885,10.770043931331568]},"properties":{"OBJECTID":1001,"maNhanDang":"","phienBan":0,"ngayPhienBan":1787756708000,"giaTriDoChinhXacMatPhang":0,"nguyenNhanThayDoi":null,"maDoiTuong":"HE03","tenCay":"keo","chieuCao":0}},{"type":"Feature","id":1002,"geometry":{"type":"Point","coordinates":[106.33666232103424,10.769866933316001]},"properties":{"OBJECTID":1002,"maNhanDang":"","phienBan":0,"ngayPhienBan":1787756708000,"giaTriDoChinhXacMatPhang":0,"nguyenNhanThayDoi":null,"maDoiTuong":"HE03","tenCay":"keo","chieuCao":0}},{"type":"Feature","id":1003,"geometry":{"type":"Point","coordinates":[106.33692688810707,10.769905571952707]},"properties":{"OBJECTID":1003,"maNhanDang":"","phienBan":0,"ngayPhienBan":1787756708000,"giaTriDoChinhXacMatPhang":0,"nguyenNhanThayDoi":null,"maDoiTuong":"HE03","tenCay":"keo","chieuCao":0}},{"type":"Feature","id":1004,"geometry":{"type":"Point","coordinates":[106.33706113876924,10.769756032895815]},"properties":{"OBJECTID":1004,"maNhanDang":"","phienBan":0,"ngayPhienBan":1787756708000,"giaTriDoChinhXacMatPhang":0,"nguyenNhanThayDoi":null,"maDoiTuong":"HE03","tenCay":"keo","chieuCao":0}},{"type":"Feature","id":1005,"geometry":{"type":"Point","coordinates":[106.33380898825422,10.770555476081187]},"properties":{"OBJECTID":1005,"maNhanDang":"","phienBan":0,"ngayPhienBan":1787756708000,"giaTriDoChinhXacMatPhang":0,"nguyenNhanThayDoi":null,"maDoiTuong":"HE03","tenCay":"keo","chieuCao":0}},{"type":"Feature","id":1006,"geometry":{"type":"Point","coordinates":[106.33392047082651,10.770400005976322]},"properties":{"OBJECTID":1006,"maNhanDang":"","phienBan":0,"ngayPhienBan":1787756708000,"giaTriDoChinhXacMatPhang":0,"nguyenNhanThayDoi":null,"maDoiTuong":"HE03","tenCay":"keo","chieuCao":0}},{"type":"Feature","id":1007,"geometry":{"type":"Point","coordinates":[106.33411651715831,10.770467907050628]},"properties":{"OBJECTID":1007,"maNhanDang":"","phienBan":0,"ngayPhienBan":1787756708000,"giaTriDoChinhXacMatPhang":0,"nguyenNhanThayDoi":null,"maDoiTuong":"HE03","tenCay":"keo","chieuCao":0}},{"type":"Feature","id":1008,"geometry":{"type":"Point","coordinates":[106.33422799953713,10.770312436844252]},"properties":{"OBJECTID":1008,"maNhanDang":"","phienBan":0,"ngayPhienBan":1787756708000,"giaTriDoChinhXacMatPhang":0,"nguyenNhanThayDoi":null,"maDoiTuong":"HE03","tenCay":"keo","chieuCao":0}},{"type":"Feature","id":1009,"geometry":{"type":"Point","coordinates":[106.33442404586796,10.770380336819734]},"properties":{"OBJECTID":1009,"maNhanDang":"","phienBan":0,"ngayPhienBan":1787756708000,"giaTriDoChinhXacMatPhang":0,"nguyenNhanThayDoi":null,"maDoiTuong":"HE03","tenCay":"keo","chieuCao":0}},{"type":"Feature","id":1010,"geometry":{"type":"Point","coordinates":[106.33453552713897,10.770224866513569]},"properties":{"OBJECTID":1010,"maNhanDang":"","phienBan":0,"ngayPhienBan":1787756708000,"giaTriDoChinhXacMatPhang":0,"nguyenNhanThayDoi":null,"maDoiTuong":"HE03","tenCay":"keo","chieuCao":0}},{"type":"Feature","id":1011,"geometry":{"type":"Point","coordinates":[106.33473157347058,10.770292766294334]},"properties":{"OBJECTID":1011,"maNhanDang":"","phienBan":0,"ngayPhienBan":1787756708000,"giaTriDoChinhXacMatPhang":0,"nguyenNhanThayDoi":null,"maDoiTuong":"HE03","tenCay":"keo","chieuCao":0}},{"type":"Feature","id":1012,"geometry":{"type":"Point","coordinates":[106.33484305546422,10.770137296789075]},"properties":{"OBJECTID":1012,"maNhanDang":"","phienBan":0,"ngayPhienBan":1787756708000,"giaTriDoChinhXacMatPhang":0,"nguyenNhanThayDoi":null,"maDoiTuong":"HE03","tenCay":"keo","chieuCao":0}},{"type":"Feature","id":1013,"geometry":{"type":"Point","coordinates":[106.33503910179482,10.770205195470997]},"properties":{"OBJECTID":1013,"maNhanDang":"","phienBan":0,"ngayPhienBan":1787756708000,"giaTriDoChinhXacMatPhang":0,"nguyenNhanThayDoi":null,"maDoiTuong":"HE03","tenCay":"keo","chieuCao":0}},{"type":"Feature","id":1014,"geometry":{"type":"Point","coordinates":[106.335150583595,10.770049725864235]},"properties":{"OBJECTID":1014,"maNhanDang":"","phienBan":0,"ngayPhienBan":1787756708000,"giaTriDoChinhXacMatPhang":0,"nguyenNhanThayDoi":null,"maDoiTuong":"HE03","tenCay":"keo","chieuCao":0}},{"type":"Feature","id":1015,"geometry":{"type":"Point","coordinates":[106.33534662992813,10.770117625255532]},"properties":{"OBJECTID":1015,"maNhanDang":"","phienBan":0,"ngayPhienBan":1787756708000,"giaTriDoChinhXacMatPhang":0,"nguyenNhanThayDoi":null,"maDoiTuong":"HE03","tenCay":"keo","chieuCao":0}},{"type":"Feature","id":1016,"geometry":{"type":"Point","coordinates":[106.33545811061872,10.769962154644926]},"properties":{"OBJECTID":1016,"maNhanDang":"","phienBan":0,"ngayPhienBan":1787756708000,"giaTriDoChinhXacMatPhang":0,"nguyenNhanThayDoi":null,"maDoiTuong":"HE03","tenCay":"keo","chieuCao":0}},{"type":"Feature","id":1017,"geometry":{"type":"Point","coordinates":[106.33565415695257,10.770030053841499]},"properties":{"OBJECTID":1017,"maNhanDang":"","phienBan":0,"ngayPhienBan":1787756708000,"giaTriDoChinhXacMatPhang":0,"nguyenNhanThayDoi":null,"maDoiTuong":"HE03","tenCay":"keo","chieuCao":0}},{"type":"Feature","id":1018,"geometry":{"type":"Point","coordinates":[106.33581063602253,10.769858982857725]},"properties":{"OBJECTID":1018,"maNhanDang":"","phienBan":0,"ngayPhienBan":1787756708000,"giaTriDoChinhXacMatPhang":0,"nguyenNhanThayDoi":null,"maDoiTuong":"HE03","tenCay":"keo","chieuCao":0}},{"type":"Feature","id":1019,"geometry":{"type":"Point","coordinates":[106.33594747071506,10.769953727059626]},"properties":{"OBJECTID":1019,"maNhanDang":"","phienBan":0,"ngayPhienBan":1787756708000,"giaTriDoChinhXacMatPhang":0,"nguyenNhanThayDoi":null,"maDoiTuong":"HE03","tenCay":"keo","chieuCao":0}},{"type":"Feature","id":1020,"geometry":{"type":"Point","coordinates":[106.33607316591845,10.769787012218362]},"properties":{"OBJECTID":1020,"maNhanDang":"","phienBan":0,"ngayPhienBan":1787756708000,"giaTriDoChinhXacMatPhang":0,"nguyenNhanThayDoi":null,"maDoiTuong":"HE03","tenCay":"keo","chieuCao":0}},{"type":"Feature","id":1021,"geometry":{"type":"Point","coordinates":[106.33626921225382,10.769854911025485]},"properties":{"OBJECTID":1021,"maNhanDang":"","phienBan":0,"ngayPhienBan":1787756708000,"giaTriDoChinhXacMatPhang":0,"nguyenNhanThayDoi":null,"maDoiTuong":"HE03","tenCay":"keo","chieuCao":0}},{"type":"Feature","id":1022,"geometry":{"type":"Point","coordinates":[106.33638069327836,10.769699440108747]},"properties":{"OBJECTID":1022,"maNhanDang":"","phienBan":0,"ngayPhienBan":1787756708000,"giaTriDoChinhXacMatPhang":0,"nguyenNhanThayDoi":null,"maDoiTuong":"HE03","tenCay":"keo","chieuCao":0}},{"type":"Feature","id":1023,"geometry":{"type":"Point","coordinates":[106.33657673961446,10.769767338721154]},"properties":{"OBJECTID":1023,"maNhanDang":"","phienBan":0,"ngayPhienBan":1787756708000,"giaTriDoChinhXacMatPhang":0,"nguyenNhanThayDoi":null,"maDoiTuong":"HE03","tenCay":"keo","chieuCao":0}},{"type":"Feature","id":1024,"geometry":{"type":"Point","coordinates":[106.33668822044727,10.769611868607059]},"properties":{"OBJECTID":1024,"maNhanDang":"","phienBan":0,"ngayPhienBan":1787756708000,"giaTriDoChinhXacMatPhang":0,"nguyenNhanThayDoi":null,"maDoiTuong":"HE03","tenCay":"keo","chieuCao":0}},{"type":"Feature","id":1025,"geometry":{"type":"Point","coordinates":[106.3368842667841,10.769679767024739]},"properties":{"OBJECTID":1025,"maNhanDang":"","phienBan":0,"ngayPhienBan":1787756708000,"giaTriDoChinhXacMatPhang":0,"nguyenNhanThayDoi":null,"maDoiTuong":"HE03","tenCay":"keo","chieuCao":0}},{"type":"Feature","id":1026,"geometry":{"type":"Point","coordinates":[106.33699574650734,10.769524295906834]},"properties":{"OBJECTID":1026,"maNhanDang":"","phienBan":0,"ngayPhienBan":1787756708000,"giaTriDoChinhXacMatPhang":0,"nguyenNhanThayDoi":null,"maDoiTuong":"HE03","tenCay":"keo","chieuCao":0}},{"type":"Feature","id":1027,"geometry":{"type":"Point","coordinates":[106.33713387481252,10.769608922063442]},"properties":{"OBJECTID":1027,"maNhanDang":"","phienBan":0,"ngayPhienBan":1787756708000,"giaTriDoChinhXacMatPhang":0,"nguyenNhanThayDoi":null,"maDoiTuong":"HE03","tenCay":"keo","chieuCao":0}},{"type":"Feature","id":1028,"geometry":{"type":"Point","coordinates":[106.33351403116738,10.770387722346332]},"properties":{"OBJECTID":1028,"maNhanDang":"","phienBan":0,"ngayPhienBan":1787756708000,"giaTriDoChinhXacMatPhang":0,"nguyenNhanThayDoi":null,"maDoiTuong":"HE03","tenCay":"keo","chieuCao":0}},{"type":"Feature","id":1029,"geometry":{"type":"Point","coordinates":[106.33362551384128,10.770232253245279]},"properties":{"OBJECTID":1029,"maNhanDang":"","phienBan":0,"ngayPhienBan":1787756708000,"giaTriDoChinhXacMatPhang":0,"nguyenNhanThayDoi":null,"maDoiTuong":"HE03","tenCay":"keo","chieuCao":0}},{"type":"Feature","id":1030,"geometry":{"type":"Point","coordinates":[106.33330644429374,10.770192692699835]},"properties":{"OBJECTID":1030,"maNhanDang":"","phienBan":0,"ngayPhienBan":1787756708000,"giaTriDoChinhXacMatPhang":0,"nguyenNhanThayDoi":null,"maDoiTuong":"HE03","tenCay":"keo","chieuCao":0}},{"type":"Feature","id":1031,"geometry":{"type":"Point","coordinates":[106.33345576628294,10.770027801357607]},"properties":{"OBJECTID":1031,"maNhanDang":"","phienBan":0,"ngayPhienBan":1787756708000,"giaTriDoChinhXacMatPhang":0,"nguyenNhanThayDoi":null,"maDoiTuong":"HE03","tenCay":"keo","chieuCao":0}},{"type":"Feature","id":1032,"geometry":{"type":"Point","coordinates":[106.33382160326877,10.770300303610965]},"properties":{"OBJECTID":1032,"maNhanDang":"","phienBan":0,"ngayPhienBan":1787756708000,"giaTriDoChinhXacMatPhang":0,"nguyenNhanThayDoi":null,"maDoiTuong":"HE03","tenCay":"keo","chieuCao":0}},{"type":"Feature","id":1033,"geometry":{"type":"Point","coordinates":[106.33393308574755,10.77014483350429]},"properties":{"OBJECTID":1033,"maNhanDang":"","phienBan":0,"ngayPhienBan":1787756708000,"giaTriDoChinhXacMatPhang":0,"nguyenNhanThayDoi":null,"maDoiTuong":"HE03","tenCay":"keo","chieuCao":0}},{"type":"Feature","id":1034,"geometry":{"type":"Point","coordinates":[106.33361401627117,10.770105274176558]},"properties":{"OBJECTID":1034,"maNhanDang":"","phienBan":0,"ngayPhienBan":1787756708000,"giaTriDoChinhXacMatPhang":0,"nguyenNhanThayDoi":null,"maDoiTuong":"HE03","tenCay":"keo","chieuCao":0}},{"type":"Feature","id":1035,"geometry":{"type":"Point","coordinates":[106.33376333804283,10.76994038179218]},"properties":{"OBJECTID":1035,"maNhanDang":"","phienBan":0,"ngayPhienBan":1787756708000,"giaTriDoChinhXacMatPhang":0,"nguyenNhanThayDoi":null,"maDoiTuong":"HE03","tenCay":"keo","chieuCao":0}},{"type":"Feature","id":1036,"geometry":{"type":"Point","coordinates":[106.33412917517606,10.770212883675168]},"properties":{"OBJECTID":1036,"maNhanDang":"","phienBan":0,"ngayPhienBan":1787756708000,"giaTriDoChinhXacMatPhang":0,"nguyenNhanThayDoi":null,"maDoiTuong":"HE03","tenCay":"keo","chieuCao":0}},{"type":"Feature","id":1037,"geometry":{"type":"Point","coordinates":[106.33424065837573,10.770057413465253]},"properties":{"OBJECTID":1037,"maNhanDang":"","phienBan":0,"ngayPhienBan":1787756708000,"giaTriDoChinhXacMatPhang":0,"nguyenNhanThayDoi":null,"maDoiTuong":"HE03","tenCay":"keo","chieuCao":0}},{"type":"Feature","id":1038,"geometry":{"type":"Point","coordinates":[106.33398063622916,10.770005244056778]},"properties":{"OBJECTID":1038,"maNhanDang":"","phienBan":0,"ngayPhienBan":1787756708000,"giaTriDoChinhXacMatPhang":0,"nguyenNhanThayDoi":null,"maDoiTuong":"HE03","tenCay":"keo","chieuCao":0}},{"type":"Feature","id":1039,"geometry":{"type":"Point","coordinates":[106.33407090961036,10.769852961930432]},"properties":{"OBJECTID":1039,"maNhanDang":"","phienBan":0,"ngayPhienBan":1787756708000,"giaTriDoChinhXacMatPhang":0,"nguyenNhanThayDoi":null,"maDoiTuong":"HE03","tenCay":"keo","chieuCao":0}},{"type":"Feature","id":1040,"geometry":{"type":"Point","coordinates":[106.33443674689092,10.770125463443058]},"properties":{"OBJECTID":1040,"maNhanDang":"","phienBan":0,"ngayPhienBan":1787756708000,"giaTriDoChinhXacMatPhang":0,"nguyenNhanThayDoi":null,"maDoiTuong":"HE03","tenCay":"keo","chieuCao":0}},{"type":"Feature","id":1041,"geometry":{"type":"Point","coordinates":[106.3345482298989,10.769969994035716]},"properties":{"OBJECTID":1041,"maNhanDang":"","phienBan":0,"ngayPhienBan":1787756708000,"giaTriDoChinhXacMatPhang":0,"nguyenNhanThayDoi":null,"maDoiTuong":"HE03","tenCay":"keo","chieuCao":0}},{"type":"Feature","id":1042,"geometry":{"type":"Point","coordinates":[106.33432830301511,10.769915656328495]},"properties":{"OBJECTID":1042,"maNhanDang":"","phienBan":0,"ngayPhienBan":1787756708000,"giaTriDoChinhXacMatPhang":0,"nguyenNhanThayDoi":null,"maDoiTuong":"HE03","tenCay":"keo","chieuCao":0}},{"type":"Feature","id":1043,"geometry":{"type":"Point","coordinates":[106.33437848098546,10.769765541772362]},"properties":{"OBJECTID":1043,"maNhanDang":"","phienBan":0,"ngayPhienBan":1787756708000,"giaTriDoChinhXacMatPhang":0,"nguyenNhanThayDoi":null,"maDoiTuong":"HE03","tenCay":"keo","chieuCao":0}},{"type":"Feature","id":1044,"geometry":{"type":"Point","coordinates":[106.33474431841336,10.77003804291461]},"properties":{"OBJECTID":1044,"maNhanDang":"","phienBan":0,"ngayPhienBan":1787756708000,"giaTriDoChinhXacMatPhang":0,"nguyenNhanThayDoi":null,"maDoiTuong":"HE03","tenCay":"keo","chieuCao":0}},{"type":"Feature","id":1045,"geometry":{"type":"Point","coordinates":[106.33485580122789,10.769882573405761]},"properties":{"OBJECTID":1045,"maNhanDang":"","phienBan":0,"ngayPhienBan":1787756708000,"giaTriDoChinhXacMatPhang":0,"nguyenNhanThayDoi":null,"maDoiTuong":"HE03","tenCay":"keo","chieuCao":0}},{"type":"Feature","id":1046,"geometry":{"type":"Point","coordinates":[106.3345367310438,10.769843014116454]},"properties":{"OBJECTID":1046,"maNhanDang":"","phienBan":0,"ngayPhienBan":1787756708000,"giaTriDoChinhXacMatPhang":0,"nguyenNhanThayDoi":null,"maDoiTuong":"HE03","tenCay":"keo","chieuCao":0}},{"type":"Feature","id":1047,"geometry":{"type":"Point","coordinates":[106.33468605216814,10.769678121317984]},"properties":{"OBJECTID":1047,"maNhanDang":"","phienBan":0,"ngayPhienBan":1787756708000,"giaTriDoChinhXacMatPhang":0,"nguyenNhanThayDoi":null,"maDoiTuong":"HE03","tenCay":"keo","chieuCao":0}},{"type":"Feature","id":1048,"geometry":{"type":"Point","coordinates":[106.33505189065771,10.769950622088126]},"properties":{"OBJECTID":1048,"maNhanDang":"","phienBan":0,"ngayPhienBan":1787756708000,"giaTriDoChinhXacMatPhang":0,"nguyenNhanThayDoi":null,"maDoiTuong":"HE03","tenCay":"keo","chieuCao":0}},{"type":"Feature","id":1049,"geometry":{"type":"Point","coordinates":[106.3352182431889,10.76976668821275]},"properties":{"OBJECTID":1049,"maNhanDang":"","phienBan":0,"ngayPhienBan":1787756708000,"giaTriDoChinhXacMatPhang":0,"nguyenNhanThayDoi":null,"maDoiTuong":"HE03","tenCay":"keo","chieuCao":0}},{"type":"Feature","id":1050,"geometry":{"type":"Point","coordinates":[106.33484430224982,10.769755593503778]},"properties":{"OBJECTID":1050,"maNhanDang":"","phienBan":0,"ngayPhienBan":1787756708000,"giaTriDoChinhXacMatPhang":0,"nguyenNhanThayDoi":null,"maDoiTuong":"HE03","tenCay":"keo","chieuCao":0}},{"type":"Feature","id":1051,"geometry":{"type":"Point","coordinates":[106.3349936231584,10.769590700567296]},"properties":{"OBJECTID":1051,"maNhanDang":"","phienBan":0,"ngayPhienBan":1787756708000,"giaTriDoChinhXacMatPhang":0,"nguyenNhanThayDoi":null,"maDoiTuong":"HE03","tenCay":"keo","chieuCao":0}},{"type":"Feature","id":1052,"geometry":{"type":"Point","coordinates":[106.3353547213617,10.769844540260371]},"properties":{"OBJECTID":1052,"maNhanDang":"","phienBan":0,"ngayPhienBan":1787756708000,"giaTriDoChinhXacMatPhang":0,"nguyenNhanThayDoi":null,"maDoiTuong":"HE03","tenCay":"keo","chieuCao":0}},{"type":"Feature","id":1053,"geometry":{"type":"Point","coordinates":[106.33547094330859,10.769707731256947]},"properties":{"OBJECTID":1053,"maNhanDang":"","phienBan":0,"ngayPhienBan":1787756708000,"giaTriDoChinhXacMatPhang":0,"nguyenNhanThayDoi":null,"maDoiTuong":"HE03","tenCay":"keo","chieuCao":0}},{"type":"Feature","id":1054,"geometry":{"type":"Point","coordinates":[106.33518033963982,10.769660823688957]},"properties":{"OBJECTID":1054,"maNhanDang":"","phienBan":0,"ngayPhienBan":1787756708000,"giaTriDoChinhXacMatPhang":0,"nguyenNhanThayDoi":null,"maDoiTuong":"HE03","tenCay":"keo","chieuCao":0}},{"type":"Feature","id":1055,"geometry":{"type":"Point","coordinates":[106.33530119395799,10.769503280424408]},"properties":{"OBJECTID":1055,"maNhanDang":"","phienBan":0,"ngayPhienBan":1787756708000,"giaTriDoChinhXacMatPhang":0,"nguyenNhanThayDoi":null,"maDoiTuong":"HE03","tenCay":"keo","chieuCao":0}},{"type":"Feature","id":1056,"geometry":{"type":"Point","coordinates":[106.33566703274214,10.769775780453795]},"properties":{"OBJECTID":1056,"maNhanDang":"","phienBan":0,"ngayPhienBan":1787756708000,"giaTriDoChinhXacMatPhang":0,"nguyenNhanThayDoi":null,"maDoiTuong":"HE03","tenCay":"keo","chieuCao":0}},{"type":"Feature","id":1057,"geometry":{"type":"Point","coordinates":[106.33577851406027,10.769620309738094]},"properties":{"OBJECTID":1057,"maNhanDang":"","phienBan":0,"ngayPhienBan":1787756708000,"giaTriDoChinhXacMatPhang":0,"nguyenNhanThayDoi":null,"maDoiTuong":"HE03","tenCay":"keo","chieuCao":0}},{"type":"Feature","id":1058,"geometry":{"type":"Point","coordinates":[106.33545944408638,10.769580752293644]},"properties":{"OBJECTID":1058,"maNhanDang":"","phienBan":0,"ngayPhienBan":1787756708000,"giaTriDoChinhXacMatPhang":0,"nguyenNhanThayDoi":null,"maDoiTuong":"HE03","tenCay":"keo","chieuCao":0}},{"type":"Feature","id":1059,"geometry":{"type":"Point","coordinates":[106.3356087645634,10.769415859081146]},"properties":{"OBJECTID":1059,"maNhanDang":"","phienBan":0,"ngayPhienBan":1787756708000,"giaTriDoChinhXacMatPhang":0,"nguyenNhanThayDoi":null,"maDoiTuong":"HE03","tenCay":"keo","chieuCao":0}},{"type":"Feature","id":1060,"geometry":{"type":"Point","coordinates":[106.33597460440917,10.769688358738412]},"properties":{"OBJECTID":1060,"maNhanDang":"","phienBan":0,"ngayPhienBan":1787756708000,"giaTriDoChinhXacMatPhang":0,"nguyenNhanThayDoi":null,"maDoiTuong":"HE03","tenCay":"keo","chieuCao":0}},{"type":"Feature","id":1061,"geometry":{"type":"Point","coordinates":[106.33608608462124,10.769532888827055]},"properties":{"OBJECTID":1061,"maNhanDang":"","phienBan":0,"ngayPhienBan":1787756708000,"giaTriDoChinhXacMatPhang":0,"nguyenNhanThayDoi":null,"maDoiTuong":"HE03","tenCay":"keo","chieuCao":0}},{"type":"Feature","id":1062,"geometry":{"type":"Point","coordinates":[106.33576701562947,10.769493330790363]},"properties":{"OBJECTID":1062,"maNhanDang":"","phienBan":0,"ngayPhienBan":1787756708000,"giaTriDoChinhXacMatPhang":0,"nguyenNhanThayDoi":null,"maDoiTuong":"HE03","tenCay":"keo","chieuCao":0}},{"type":"Feature","id":1063,"geometry":{"type":"Point","coordinates":[106.33591633497636,10.769328437441592]},"properties":{"OBJECTID":1063,"maNhanDang":"","phienBan":0,"ngayPhienBan":1787756708000,"giaTriDoChinhXacMatPhang":0,"nguyenNhanThayDoi":null,"maDoiTuong":"HE03","tenCay":"keo","chieuCao":0}},{"type":"Feature","id":1064,"geometry":{"type":"Point","coordinates":[106.3362821749694,10.769600936728478]},"properties":{"OBJECTID":1064,"maNhanDang":"","phienBan":0,"ngayPhienBan":1787756708000,"giaTriDoChinhXacMatPhang":0,"nguyenNhanThayDoi":null,"maDoiTuong":"HE03","tenCay":"keo","chieuCao":0}},{"type":"Feature","id":1065,"geometry":{"type":"Point","coordinates":[106.33639365498627,10.769445465811559]},"properties":{"OBJECTID":1065,"maNhanDang":"","phienBan":0,"ngayPhienBan":1787756708000,"giaTriDoChinhXacMatPhang":0,"nguyenNhanThayDoi":null,"maDoiTuong":"HE03","tenCay":"keo","chieuCao":0}},{"type":"Feature","id":1066,"geometry":{"type":"Point","coordinates":[106.33607458606576,10.769405908992523]},"properties":{"OBJECTID":1066,"maNhanDang":"","phienBan":0,"ngayPhienBan":1787756708000,"giaTriDoChinhXacMatPhang":0,"nguyenNhanThayDoi":null,"maDoiTuong":"HE03","tenCay":"keo","chieuCao":0}},{"type":"Feature","id":1067,"geometry":{"type":"Point","coordinates":[106.33622390611123,10.769241015504045]},"properties":{"OBJECTID":1067,"maNhanDang":"","phienBan":0,"ngayPhienBan":1787756708000,"giaTriDoChinhXacMatPhang":0,"nguyenNhanThayDoi":null,"maDoiTuong":"HE03","tenCay":"keo","chieuCao":0}},{"type":"Feature","id":1068,"geometry":{"type":"Point","coordinates":[106.3365897453389,10.769513515326359]},"properties":{"OBJECTID":1068,"maNhanDang":"","phienBan":0,"ngayPhienBan":1787756708000,"giaTriDoChinhXacMatPhang":0,"nguyenNhanThayDoi":null,"maDoiTuong":"HE03","tenCay":"keo","chieuCao":0}},{"type":"Feature","id":1069,"geometry":{"type":"Point","coordinates":[106.33670122516233,10.769358044307973]},"properties":{"OBJECTID":1069,"maNhanDang":"","phienBan":0,"ngayPhienBan":1787756708000,"giaTriDoChinhXacMatPhang":0,"nguyenNhanThayDoi":null,"maDoiTuong":"HE03","tenCay":"keo","chieuCao":0}},{"type":"Feature","id":1070,"geometry":{"type":"Point","coordinates":[106.33638215631133,10.769318487802513]},"properties":{"OBJECTID":1070,"maNhanDang":"","phienBan":0,"ngayPhienBan":1787756708000,"giaTriDoChinhXacMatPhang":0,"nguyenNhanThayDoi":null,"maDoiTuong":"HE03","tenCay":"keo","chieuCao":0}},{"type":"Feature","id":1071,"geometry":{"type":"Point","coordinates":[106.33653147614105,10.769153594176064]},"properties":{"OBJECTID":1071,"maNhanDang":"","phienBan":0,"ngayPhienBan":1787756708000,"giaTriDoChinhXacMatPhang":0,"nguyenNhanThayDoi":null,"maDoiTuong":"HE03","tenCay":"keo","chieuCao":0}},{"type":"Feature","id":1072,"geometry":{"type":"Point","coordinates":[106.33689731551418,10.769426092723887]},"properties":{"OBJECTID":1072,"maNhanDang":"","phienBan":0,"ngayPhienBan":1787756708000,"giaTriDoChinhXacMatPhang":0,"nguyenNhanThayDoi":null,"maDoiTuong":"HE03","tenCay":"keo","chieuCao":0}},{"type":"Feature","id":1073,"geometry":{"type":"Point","coordinates":[106.33700879514417,10.769270621604061]},"properties":{"OBJECTID":1073,"maNhanDang":"","phienBan":0,"ngayPhienBan":1787756708000,"giaTriDoChinhXacMatPhang":0,"nguyenNhanThayDoi":null,"maDoiTuong":"HE03","tenCay":"keo","chieuCao":0}},{"type":"Feature","id":1074,"geometry":{"type":"Point","coordinates":[106.33668972636271,10.769231065412136]},"properties":{"OBJECTID":1074,"maNhanDang":"","phienBan":0,"ngayPhienBan":1787756708000,"giaTriDoChinhXacMatPhang":0,"nguyenNhanThayDoi":null,"maDoiTuong":"HE03","tenCay":"keo","chieuCao":0}},{"type":"Feature","id":1075,"geometry":{"type":"Point","coordinates":[106.33683904597662,10.769066171647717]},"properties":{"OBJECTID":1075,"maNhanDang":"","phienBan":0,"ngayPhienBan":1787756708000,"giaTriDoChinhXacMatPhang":0,"nguyenNhanThayDoi":null,"maDoiTuong":"HE03","tenCay":"keo","chieuCao":0}},{"type":"Feature","id":1076,"geometry":{"type":"Point","coordinates":[106.33706907890165,10.76912894630026]},"properties":{"OBJECTID":1076,"maNhanDang":"","phienBan":0,"ngayPhienBan":1787756708000,"giaTriDoChinhXacMatPhang":0,"nguyenNhanThayDoi":null,"maDoiTuong":"HE03","tenCay":"keo","chieuCao":0}},{"type":"Feature","id":1077,"geometry":{"type":"Point","coordinates":[106.33306544940569,10.770138751755169]},"properties":{"OBJECTID":1077,"maNhanDang":"","phienBan":0,"ngayPhienBan":1787756708000,"giaTriDoChinhXacMatPhang":0,"nguyenNhanThayDoi":null,"maDoiTuong":"HE03","tenCay":"keo","chieuCao":0}},{"type":"Feature","id":1078,"geometry":{"type":"Point","coordinates":[106.33312433174838,10.769986671761508]},"properties":{"OBJECTID":1078,"maNhanDang":"","phienBan":0,"ngayPhienBan":1787756708000,"giaTriDoChinhXacMatPhang":0,"nguyenNhanThayDoi":null,"maDoiTuong":"HE03","tenCay":"keo","chieuCao":0}},{"type":"Feature","id":1079,"geometry":{"type":"Point","coordinates":[106.33283010451028,10.769955495620524]},"properties":{"OBJECTID":1079,"maNhanDang":"","phienBan":0,"ngayPhienBan":1787756708000,"giaTriDoChinhXacMatPhang":0,"nguyenNhanThayDoi":null,"maDoiTuong":"HE03","tenCay":"keo","chieuCao":0}},{"type":"Feature","id":1080,"geometry":{"type":"Point","coordinates":[106.33272438235251,10.769608404223181]},"properties":{"OBJECTID":1080,"maNhanDang":"","phienBan":0,"ngayPhienBan":1787756708000,"giaTriDoChinhXacMatPhang":0,"nguyenNhanThayDoi":null,"maDoiTuong":"HE03","tenCay":"keo","chieuCao":0}},{"type":"Feature","id":1081,"geometry":{"type":"Point","coordinates":[106.33240279288469,10.769568020191588]},"properties":{"OBJECTID":1081,"maNhanDang":"","phienBan":0,"ngayPhienBan":1787756708000,"giaTriDoChinhXacMatPhang":0,"nguyenNhanThayDoi":null,"maDoiTuong":"HE03","tenCay":"keo","chieuCao":0}},{"type":"Feature","id":1082,"geometry":{"type":"Point","coordinates":[106.33343184283412,10.769899045597278]},"properties":{"OBJECTID":1082,"maNhanDang":"","phienBan":0,"ngayPhienBan":1787756708000,"giaTriDoChinhXacMatPhang":0,"nguyenNhanThayDoi":null,"maDoiTuong":"HE03","tenCay":"keo","chieuCao":0}},{"type":"Feature","id":1083,"geometry":{"type":"Point","coordinates":[106.33313761566377,10.769867868841059]},"properties":{"OBJECTID":1083,"maNhanDang":"","phienBan":0,"ngayPhienBan":1787756708000,"giaTriDoChinhXacMatPhang":0,"nguyenNhanThayDoi":null,"maDoiTuong":"HE03","tenCay":"keo","chieuCao":0}},{"type":"Feature","id":1084,"geometry":{"type":"Point","coordinates":[106.33321602567347,10.76971705852775]},"properties":{"OBJECTID":1084,"maNhanDang":"","phienBan":0,"ngayPhienBan":1787756708000,"giaTriDoChinhXacMatPhang":0,"nguyenNhanThayDoi":null,"maDoiTuong":"HE03","tenCay":"keo","chieuCao":0}},{"type":"Feature","id":1085,"geometry":{"type":"Point","coordinates":[106.33289443604961,10.769676674111762]},"properties":{"OBJECTID":1085,"maNhanDang":"","phienBan":0,"ngayPhienBan":1787756708000,"giaTriDoChinhXacMatPhang":0,"nguyenNhanThayDoi":null,"maDoiTuong":"HE03","tenCay":"keo","chieuCao":0}},{"type":"Feature","id":1086,"geometry":{"type":"Point","coordinates":[106.33373935463797,10.769811417326945]},"properties":{"OBJECTID":1086,"maNhanDang":"","phienBan":0,"ngayPhienBan":1787756708000,"giaTriDoChinhXacMatPhang":0,"nguyenNhanThayDoi":null,"maDoiTuong":"HE03","tenCay":"keo","chieuCao":0}},{"type":"Feature","id":1087,"geometry":{"type":"Point","coordinates":[106.33344512753891,10.76978024176368]},"properties":{"OBJECTID":1087,"maNhanDang":"","phienBan":0,"ngayPhienBan":1787756708000,"giaTriDoChinhXacMatPhang":0,"nguyenNhanThayDoi":null,"maDoiTuong":"HE03","tenCay":"keo","chieuCao":0}},{"type":"Feature","id":1088,"geometry":{"type":"Point","coordinates":[106.33352353645674,10.769629431382665]},"properties":{"OBJECTID":1088,"maNhanDang":"","phienBan":0,"ngayPhienBan":1787756708000,"giaTriDoChinhXacMatPhang":0,"nguyenNhanThayDoi":null,"maDoiTuong":"HE03","tenCay":"keo","chieuCao":0}},{"type":"Feature","id":1089,"geometry":{"type":"Point","coordinates":[106.33324527139284,10.769577726920156]},"properties":{"OBJECTID":1089,"maNhanDang":"","phienBan":0,"ngayPhienBan":1787756708000,"giaTriDoChinhXacMatPhang":0,"nguyenNhanThayDoi":null,"maDoiTuong":"HE03","tenCay":"keo","chieuCao":0}},{"type":"Feature","id":1090,"geometry":{"type":"Point","coordinates":[106.33404496491617,10.769734035792744]},"properties":{"OBJECTID":1090,"maNhanDang":"","phienBan":0,"ngayPhienBan":1787756708000,"giaTriDoChinhXacMatPhang":0,"nguyenNhanThayDoi":null,"maDoiTuong":"HE03","tenCay":"keo","chieuCao":0}},{"type":"Feature","id":1091,"geometry":{"type":"Point","coordinates":[106.33373194138859,10.76969719826908]},"properties":{"OBJECTID":1091,"maNhanDang":"","phienBan":0,"ngayPhienBan":1787756708000,"giaTriDoChinhXacMatPhang":0,"nguyenNhanThayDoi":null,"maDoiTuong":"HE03","tenCay":"keo","chieuCao":0}},{"type":"Feature","id":1092,"geometry":{"type":"Point","coordinates":[106.33383104704724,10.769541803941401]},"properties":{"OBJECTID":1092,"maNhanDang":"","phienBan":0,"ngayPhienBan":1787756708000,"giaTriDoChinhXacMatPhang":0,"nguyenNhanThayDoi":null,"maDoiTuong":"HE03","tenCay":"keo","chieuCao":0}},{"type":"Feature","id":1093,"geometry":{"type":"Point","coordinates":[106.33350945756452,10.769501421061538]},"properties":{"OBJECTID":1093,"maNhanDang":"","phienBan":0,"ngayPhienBan":1787756708000,"giaTriDoChinhXacMatPhang":0,"nguyenNhanThayDoi":null,"maDoiTuong":"HE03","tenCay":"keo","chieuCao":0}},{"type":"Feature","id":1094,"geometry":{"type":"Point","coordinates":[106.33435437584383,10.769636162613443]},"properties":{"OBJECTID":1094,"maNhanDang":"","phienBan":0,"ngayPhienBan":1787756708000,"giaTriDoChinhXacMatPhang":0,"nguyenNhanThayDoi":null,"maDoiTuong":"HE03","tenCay":"keo","chieuCao":0}},{"type":"Feature","id":1095,"geometry":{"type":"Point","coordinates":[106.33407521194619,10.769601115923953]},"properties":{"OBJECTID":1095,"maNhanDang":"","phienBan":0,"ngayPhienBan":1787756708000,"giaTriDoChinhXacMatPhang":0,"nguyenNhanThayDoi":null,"maDoiTuong":"HE03","tenCay":"keo","chieuCao":0}},{"type":"Feature","id":1096,"geometry":{"type":"Point","coordinates":[106.33413855744499,10.769454176203975]},"properties":{"OBJECTID":1096,"maNhanDang":"","phienBan":0,"ngayPhienBan":1787756708000,"giaTriDoChinhXacMatPhang":0,"nguyenNhanThayDoi":null,"maDoiTuong":"HE03","tenCay":"keo","chieuCao":0}},{"type":"Feature","id":1097,"geometry":{"type":"Point","coordinates":[106.33381696894631,10.769413793638389]},"properties":{"OBJECTID":1097,"maNhanDang":"","phienBan":0,"ngayPhienBan":1787756708000,"giaTriDoChinhXacMatPhang":0,"nguyenNhanThayDoi":null,"maDoiTuong":"HE03","tenCay":"keo","chieuCao":0}},{"type":"Feature","id":1098,"geometry":{"type":"Point","coordinates":[106.33466188615672,10.7695485343604]},"properties":{"OBJECTID":1098,"maNhanDang":"","phienBan":0,"ngayPhienBan":1787756708000,"giaTriDoChinhXacMatPhang":0,"nguyenNhanThayDoi":null,"maDoiTuong":"HE03","tenCay":"keo","chieuCao":0}},{"type":"Feature","id":1099,"geometry":{"type":"Point","coordinates":[106.33436765926456,10.769517358759609]},"properties":{"OBJECTID":1099,"maNhanDang":"","phienBan":0,"ngayPhienBan":1787756708000,"giaTriDoChinhXacMatPhang":0,"nguyenNhanThayDoi":null,"maDoiTuong":"HE03","tenCay":"keo","chieuCao":0}},{"type":"Feature","id":1100,"geometry":{"type":"Point","coordinates":[106.33444606856429,10.769366548168646]},"properties":{"OBJECTID":1100,"maNhanDang":"","phienBan":0,"ngayPhienBan":1787756708000,"giaTriDoChinhXacMatPhang":0,"nguyenNhanThayDoi":null,"maDoiTuong":"HE03","tenCay":"keo","chieuCao":0}},{"type":"Feature","id":1101,"geometry":{"type":"Point","coordinates":[106.33412447922097,10.769326165920784]},"properties":{"OBJECTID":1101,"maNhanDang":"","phienBan":0,"ngayPhienBan":1787756708000,"giaTriDoChinhXacMatPhang":0,"nguyenNhanThayDoi":null,"maDoiTuong":"HE03","tenCay":"keo","chieuCao":0}},{"type":"Feature","id":1102,"geometry":{"type":"Point","coordinates":[106.33496939719119,10.769460905809465]},"properties":{"OBJECTID":1102,"maNhanDang":"","phienBan":0,"ngayPhienBan":1787756708000,"giaTriDoChinhXacMatPhang":0,"nguyenNhanThayDoi":null,"maDoiTuong":"HE03","tenCay":"keo","chieuCao":0}},{"type":"Feature","id":1103,"geometry":{"type":"Point","coordinates":[106.33467516945423,10.769429730499242]},"properties":{"OBJECTID":1103,"maNhanDang":"","phienBan":0,"ngayPhienBan":1787756708000,"giaTriDoChinhXacMatPhang":0,"nguyenNhanThayDoi":null,"maDoiTuong":"HE03","tenCay":"keo","chieuCao":0}},{"type":"Feature","id":1104,"geometry":{"type":"Point","coordinates":[106.33475357949082,10.769278919837157]},"properties":{"OBJECTID":1104,"maNhanDang":"","phienBan":0,"ngayPhienBan":1787756708000,"giaTriDoChinhXacMatPhang":0,"nguyenNhanThayDoi":null,"maDoiTuong":"HE03","tenCay":"keo","chieuCao":0}},{"type":"Feature","id":1105,"geometry":{"type":"Point","coordinates":[106.33443199021724,10.769238537905293]},"properties":{"OBJECTID":1105,"maNhanDang":"","phienBan":0,"ngayPhienBan":1787756708000,"giaTriDoChinhXacMatPhang":0,"nguyenNhanThayDoi":null,"maDoiTuong":"HE03","tenCay":"keo","chieuCao":0}},{"type":"Feature","id":1106,"geometry":{"type":"Point","coordinates":[106.33527690711847,10.769373276964096]},"properties":{"OBJECTID":1106,"maNhanDang":"","phienBan":0,"ngayPhienBan":1787756708000,"giaTriDoChinhXacMatPhang":0,"nguyenNhanThayDoi":null,"maDoiTuong":"HE03","tenCay":"keo","chieuCao":0}},{"type":"Feature","id":1107,"geometry":{"type":"Point","coordinates":[106.33498268036546,10.769342101940994]},"properties":{"OBJECTID":1107,"maNhanDang":"","phienBan":0,"ngayPhienBan":1787756708000,"giaTriDoChinhXacMatPhang":0,"nguyenNhanThayDoi":null,"maDoiTuong":"HE03","tenCay":"keo","chieuCao":0}},{"type":"Feature","id":1108,"geometry":{"type":"Point","coordinates":[106.33506108931017,10.769191291211241]},"properties":{"OBJECTID":1108,"maNhanDang":"","phienBan":0,"ngayPhienBan":1787756708000,"giaTriDoChinhXacMatPhang":0,"nguyenNhanThayDoi":null,"maDoiTuong":"HE03","tenCay":"keo","chieuCao":0}},{"type":"Feature","id":1109,"geometry":{"type":"Point","coordinates":[106.33473950010635,10.769150909595373]},"properties":{"OBJECTID":1109,"maNhanDang":"","phienBan":0,"ngayPhienBan":1787756708000,"giaTriDoChinhXacMatPhang":0,"nguyenNhanThayDoi":null,"maDoiTuong":"HE03","tenCay":"keo","chieuCao":0}},{"type":"Feature","id":1110,"geometry":{"type":"Point","coordinates":[106.33558441776731,10.769285647820865]},"properties":{"OBJECTID":1110,"maNhanDang":"","phienBan":0,"ngayPhienBan":1787756708000,"giaTriDoChinhXacMatPhang":0,"nguyenNhanThayDoi":null,"maDoiTuong":"HE03","tenCay":"keo","chieuCao":0}},{"type":"Feature","id":1111,"geometry":{"type":"Point","coordinates":[106.33529019108389,10.769254473086585]},"properties":{"OBJECTID":1111,"maNhanDang":"","phienBan":0,"ngayPhienBan":1787756708000,"giaTriDoChinhXacMatPhang":0,"nguyenNhanThayDoi":null,"maDoiTuong":"HE03","tenCay":"keo","chieuCao":0}},{"type":"Feature","id":1112,"geometry":{"type":"Point","coordinates":[106.33536859893678,10.769103662289172]},"properties":{"OBJECTID":1112,"maNhanDang":"","phienBan":0,"ngayPhienBan":1787756708000,"giaTriDoChinhXacMatPhang":0,"nguyenNhanThayDoi":null,"maDoiTuong":"HE03","tenCay":"keo","chieuCao":0}},{"type":"Feature","id":1113,"geometry":{"type":"Point","coordinates":[106.33511428191595,10.76905799435195]},"properties":{"OBJECTID":1113,"maNhanDang":"","phienBan":0,"ngayPhienBan":1787756708000,"giaTriDoChinhXacMatPhang":0,"nguyenNhanThayDoi":null,"maDoiTuong":"HE03","tenCay":"keo","chieuCao":0}},{"type":"Feature","id":1114,"geometry":{"type":"Point","coordinates":[106.33589192730899,10.769198018383216]},"properties":{"OBJECTID":1114,"maNhanDang":"","phienBan":0,"ngayPhienBan":1787756708000,"giaTriDoChinhXacMatPhang":0,"nguyenNhanThayDoi":null,"maDoiTuong":"HE03","tenCay":"keo","chieuCao":0}},{"type":"Feature","id":1115,"geometry":{"type":"Point","coordinates":[106.33556860759185,10.769178694670739]},"properties":{"OBJECTID":1115,"maNhanDang":"","phienBan":0,"ngayPhienBan":1787756708000,"giaTriDoChinhXacMatPhang":0,"nguyenNhanThayDoi":null,"maDoiTuong":"HE03","tenCay":"keo","chieuCao":0}},{"type":"Feature","id":1116,"geometry":{"type":"Point","coordinates":[106.33569366756669,10.76900410737718]},"properties":{"OBJECTID":1116,"maNhanDang":"","phienBan":0,"ngayPhienBan":1787756708000,"giaTriDoChinhXacMatPhang":0,"nguyenNhanThayDoi":null,"maDoiTuong":"HE03","tenCay":"keo","chieuCao":0}},{"type":"Feature","id":1117,"geometry":{"type":"Point","coordinates":[106.33535451930622,10.768975652087086]},"properties":{"OBJECTID":1117,"maNhanDang":"","phienBan":0,"ngayPhienBan":1787756708000,"giaTriDoChinhXacMatPhang":0,"nguyenNhanThayDoi":null,"maDoiTuong":"HE03","tenCay":"keo","chieuCao":0}},{"type":"Feature","id":1118,"geometry":{"type":"Point","coordinates":[106.33619943665785,10.769110388649429]},"properties":{"OBJECTID":1118,"maNhanDang":"","phienBan":0,"ngayPhienBan":1787756708000,"giaTriDoChinhXacMatPhang":0,"nguyenNhanThayDoi":null,"maDoiTuong":"HE03","tenCay":"keo","chieuCao":0}},{"type":"Feature","id":1119,"geometry":{"type":"Point","coordinates":[106.33590521011361,10.769079214492809]},"properties":{"OBJECTID":1119,"maNhanDang":"","phienBan":0,"ngayPhienBan":1787756708000,"giaTriDoChinhXacMatPhang":0,"nguyenNhanThayDoi":null,"maDoiTuong":"HE03","tenCay":"keo","chieuCao":0}},{"type":"Feature","id":1120,"geometry":{"type":"Point","coordinates":[106.33598361852589,10.768928403554911]},"properties":{"OBJECTID":1120,"maNhanDang":"","phienBan":0,"ngayPhienBan":1787756708000,"giaTriDoChinhXacMatPhang":0,"nguyenNhanThayDoi":null,"maDoiTuong":"HE03","tenCay":"keo","chieuCao":0}},{"type":"Feature","id":1121,"geometry":{"type":"Point","coordinates":[106.33566202953131,10.768888022887014]},"properties":{"OBJECTID":1121,"maNhanDang":"","phienBan":0,"ngayPhienBan":1787756708000,"giaTriDoChinhXacMatPhang":0,"nguyenNhanThayDoi":null,"maDoiTuong":"HE03","tenCay":"keo","chieuCao":0}},{"type":"Feature","id":1122,"geometry":{"type":"Point","coordinates":[106.33650694581388,10.769022758619521]},"properties":{"OBJECTID":1122,"maNhanDang":"","phienBan":0,"ngayPhienBan":1787756708000,"giaTriDoChinhXacMatPhang":0,"nguyenNhanThayDoi":null,"maDoiTuong":"HE03","tenCay":"keo","chieuCao":0}},{"type":"Feature","id":1123,"geometry":{"type":"Point","coordinates":[106.33621271933926,10.768991584751724]},"properties":{"OBJECTID":1123,"maNhanDang":"","phienBan":0,"ngayPhienBan":1787756708000,"giaTriDoChinhXacMatPhang":0,"nguyenNhanThayDoi":null,"maDoiTuong":"HE03","tenCay":"keo","chieuCao":0}},{"type":"Feature","id":1124,"geometry":{"type":"Point","coordinates":[106.33629112757403,10.76884077374446]},"properties":{"OBJECTID":1124,"maNhanDang":"","phienBan":0,"ngayPhienBan":1787756708000,"giaTriDoChinhXacMatPhang":0,"nguyenNhanThayDoi":null,"maDoiTuong":"HE03","tenCay":"keo","chieuCao":0}},{"type":"Feature","id":1125,"geometry":{"type":"Point","coordinates":[106.33596953864924,10.768800393392537]},"properties":{"OBJECTID":1125,"maNhanDang":"","phienBan":0,"ngayPhienBan":1787756708000,"giaTriDoChinhXacMatPhang":0,"nguyenNhanThayDoi":null,"maDoiTuong":"HE03","tenCay":"keo","chieuCao":0}},{"type":"Feature","id":1126,"geometry":{"type":"Point","coordinates":[106.33645699534833,10.768664556666163]},"properties":{"OBJECTID":1126,"maNhanDang":"","phienBan":0,"ngayPhienBan":1787756708000,"giaTriDoChinhXacMatPhang":0,"nguyenNhanThayDoi":null,"maDoiTuong":"HE03","tenCay":"keo","chieuCao":0}},{"type":"Feature","id":1127,"geometry":{"type":"Point","coordinates":[106.33665919028724,10.768856824213334]},"properties":{"OBJECTID":1127,"maNhanDang":"","phienBan":0,"ngayPhienBan":1787756708000,"giaTriDoChinhXacMatPhang":0,"nguyenNhanThayDoi":null,"maDoiTuong":"HE03","tenCay":"keo","chieuCao":0}},{"type":"Feature","id":1128,"geometry":{"type":"Point","coordinates":[106.33690693757238,10.768931744603385]},"properties":{"OBJECTID":1128,"maNhanDang":"","phienBan":0,"ngayPhienBan":1787756708000,"giaTriDoChinhXacMatPhang":0,"nguyenNhanThayDoi":null,"maDoiTuong":"HE03","tenCay":"keo","chieuCao":0}},{"type":"Feature","id":1129,"geometry":{"type":"Point","coordinates":[106.33688271064827,10.768677149953751]},"properties":{"OBJECTID":1129,"maNhanDang":"","phienBan":0,"ngayPhienBan":1787756708000,"giaTriDoChinhXacMatPhang":0,"nguyenNhanThayDoi":null,"maDoiTuong":"HE03","tenCay":"keo","chieuCao":0}},{"type":"Feature","id":1130,"geometry":{"type":"Point","coordinates":[106.33698415110548,10.768517807510086]},"properties":{"OBJECTID":1130,"maNhanDang":"","phienBan":0,"ngayPhienBan":1787756708000,"giaTriDoChinhXacMatPhang":0,"nguyenNhanThayDoi":null,"maDoiTuong":"HE03","tenCay":"keo","chieuCao":0}},{"type":"Feature","id":1131,"geometry":{"type":"Point","coordinates":[106.3370829882971,10.768758862141054]},"properties":{"OBJECTID":1131,"maNhanDang":"","phienBan":0,"ngayPhienBan":1787756708000,"giaTriDoChinhXacMatPhang":0,"nguyenNhanThayDoi":null,"maDoiTuong":"HE03","tenCay":"keo","chieuCao":0}},{"type":"Feature","id":1132,"geometry":{"type":"Point","coordinates":[106.33254948219961,10.769783523453874]},"properties":{"OBJECTID":1132,"maNhanDang":"","phienBan":0,"ngayPhienBan":1787756708000,"giaTriDoChinhXacMatPhang":0,"nguyenNhanThayDoi":null,"maDoiTuong":"HE03","tenCay":"keo","chieuCao":0}},{"type":"Feature","id":1133,"geometry":{"type":"Point","coordinates":[106.332648872511,10.769366298859765]},"properties":{"OBJECTID":1133,"maNhanDang":"","phienBan":0,"ngayPhienBan":1787756708000,"giaTriDoChinhXacMatPhang":0,"nguyenNhanThayDoi":null,"maDoiTuong":"HE03","tenCay":"keo","chieuCao":0}},{"type":"Feature","id":1134,"geometry":{"type":"Point","coordinates":[106.33199915491231,10.769421869997325]},"properties":{"OBJECTID":1134,"maNhanDang":"","phienBan":0,"ngayPhienBan":1787756708000,"giaTriDoChinhXacMatPhang":0,"nguyenNhanThayDoi":null,"maDoiTuong":"HE03","tenCay":"keo","chieuCao":0}},{"type":"Feature","id":1135,"geometry":{"type":"Point","coordinates":[106.33240335859556,10.769324207753236]},"properties":{"OBJECTID":1135,"maNhanDang":"","phienBan":0,"ngayPhienBan":1787756708000,"giaTriDoChinhXacMatPhang":0,"nguyenNhanThayDoi":null,"maDoiTuong":"HE03","tenCay":"keo","chieuCao":0}},{"type":"Feature","id":1136,"geometry":{"type":"Point","coordinates":[106.33303162535545,10.769519862213842]},"properties":{"OBJECTID":1136,"maNhanDang":"","phienBan":0,"ngayPhienBan":1787756708000,"giaTriDoChinhXacMatPhang":0,"nguyenNhanThayDoi":null,"maDoiTuong":"HE03","tenCay":"keo","chieuCao":0}},{"type":"Feature","id":1137,"geometry":{"type":"Point","coordinates":[106.33271003595827,10.769479478497948]},"properties":{"OBJECTID":1137,"maNhanDang":"","phienBan":0,"ngayPhienBan":1787756708000,"giaTriDoChinhXacMatPhang":0,"nguyenNhanThayDoi":null,"maDoiTuong":"HE03","tenCay":"keo","chieuCao":0}},{"type":"Feature","id":1138,"geometry":{"type":"Point","coordinates":[106.33295611438402,10.769277756937294]},"properties":{"OBJECTID":1138,"maNhanDang":"","phienBan":0,"ngayPhienBan":1787756708000,"giaTriDoChinhXacMatPhang":0,"nguyenNhanThayDoi":null,"maDoiTuong":"HE03","tenCay":"keo","chieuCao":0}},{"type":"Feature","id":1139,"geometry":{"type":"Point","coordinates":[106.33271060051128,10.769235666072309]},"properties":{"OBJECTID":1139,"maNhanDang":"","phienBan":0,"ngayPhienBan":1787756708000,"giaTriDoChinhXacMatPhang":0,"nguyenNhanThayDoi":null,"maDoiTuong":"HE03","tenCay":"keo","chieuCao":0}},{"type":"Feature","id":1140,"geometry":{"type":"Point","coordinates":[106.33333886816396,10.769431319908932]},"properties":{"OBJECTID":1140,"maNhanDang":"","phienBan":0,"ngayPhienBan":1787756708000,"giaTriDoChinhXacMatPhang":0,"nguyenNhanThayDoi":null,"maDoiTuong":"HE03","tenCay":"keo","chieuCao":0}},{"type":"Feature","id":1141,"geometry":{"type":"Point","coordinates":[106.33301727792312,10.769390936510421]},"properties":{"OBJECTID":1141,"maNhanDang":"","phienBan":0,"ngayPhienBan":1787756708000,"giaTriDoChinhXacMatPhang":0,"nguyenNhanThayDoi":null,"maDoiTuong":"HE03","tenCay":"keo","chieuCao":0}},{"type":"Feature","id":1142,"geometry":{"type":"Point","coordinates":[106.33326335697527,10.76918921381343]},"properties":{"OBJECTID":1142,"maNhanDang":"","phienBan":0,"ngayPhienBan":1787756708000,"giaTriDoChinhXacMatPhang":0,"nguyenNhanThayDoi":null,"maDoiTuong":"HE03","tenCay":"keo","chieuCao":0}},{"type":"Feature","id":1143,"geometry":{"type":"Point","coordinates":[106.33301784406135,10.769147124092331]},"properties":{"OBJECTID":1143,"maNhanDang":"","phienBan":0,"ngayPhienBan":1787756708000,"giaTriDoChinhXacMatPhang":0,"nguyenNhanThayDoi":null,"maDoiTuong":"HE03","tenCay":"keo","chieuCao":0}},{"type":"Feature","id":1144,"geometry":{"type":"Point","coordinates":[106.3336461107781,10.769342777308459]},"properties":{"OBJECTID":1144,"maNhanDang":"","phienBan":0,"ngayPhienBan":1787756708000,"giaTriDoChinhXacMatPhang":0,"nguyenNhanThayDoi":null,"maDoiTuong":"HE03","tenCay":"keo","chieuCao":0}},{"type":"Feature","id":1145,"geometry":{"type":"Point","coordinates":[106.3333245215223,10.769302394223901]},"properties":{"OBJECTID":1145,"maNhanDang":"","phienBan":0,"ngayPhienBan":1787756708000,"giaTriDoChinhXacMatPhang":0,"nguyenNhanThayDoi":null,"maDoiTuong":"HE03","tenCay":"keo","chieuCao":0}},{"type":"Feature","id":1146,"geometry":{"type":"Point","coordinates":[106.33357059937384,10.769100671298091]},"properties":{"OBJECTID":1146,"maNhanDang":"","phienBan":0,"ngayPhienBan":1787756708000,"giaTriDoChinhXacMatPhang":0,"nguyenNhanThayDoi":null,"maDoiTuong":"HE03","tenCay":"keo","chieuCao":0}},{"type":"Feature","id":1147,"geometry":{"type":"Point","coordinates":[106.33332508558829,10.769058581820248]},"properties":{"OBJECTID":1147,"maNhanDang":"","phienBan":0,"ngayPhienBan":1787756708000,"giaTriDoChinhXacMatPhang":0,"nguyenNhanThayDoi":null,"maDoiTuong":"HE03","tenCay":"keo","chieuCao":0}},{"type":"Feature","id":1148,"geometry":{"type":"Point","coordinates":[106.33395335228347,10.769254234414122]},"properties":{"OBJECTID":1148,"maNhanDang":"","phienBan":0,"ngayPhienBan":1787756708000,"giaTriDoChinhXacMatPhang":0,"nguyenNhanThayDoi":null,"maDoiTuong":"HE03","tenCay":"keo","chieuCao":0}},{"type":"Feature","id":1149,"geometry":{"type":"Point","coordinates":[106.33363176309837,10.76921385164526]},"properties":{"OBJECTID":1149,"maNhanDang":"","phienBan":0,"ngayPhienBan":1787756708000,"giaTriDoChinhXacMatPhang":0,"nguyenNhanThayDoi":null,"maDoiTuong":"HE03","tenCay":"keo","chieuCao":0}},{"type":"Feature","id":1150,"geometry":{"type":"Point","coordinates":[106.33387784066367,10.769012128488935]},"properties":{"OBJECTID":1150,"maNhanDang":"","phienBan":0,"ngayPhienBan":1787756708000,"giaTriDoChinhXacMatPhang":0,"nguyenNhanThayDoi":null,"maDoiTuong":"HE03","tenCay":"keo","chieuCao":0}},{"type":"Feature","id":1151,"geometry":{"type":"Point","coordinates":[106.33363232783522,10.768970039250888]},"properties":{"OBJECTID":1151,"maNhanDang":"","phienBan":0,"ngayPhienBan":1787756708000,"giaTriDoChinhXacMatPhang":0,"nguyenNhanThayDoi":null,"maDoiTuong":"HE03","tenCay":"keo","chieuCao":0}},{"type":"Feature","id":1152,"geometry":{"type":"Point","coordinates":[106.33426059450879,10.769165691222529]},"properties":{"OBJECTID":1152,"maNhanDang":"","phienBan":0,"ngayPhienBan":1787756708000,"giaTriDoChinhXacMatPhang":0,"nguyenNhanThayDoi":null,"maDoiTuong":"HE03","tenCay":"keo","chieuCao":0}},{"type":"Feature","id":1153,"geometry":{"type":"Point","coordinates":[106.33393900539438,10.769125308769327]},"properties":{"OBJECTID":1153,"maNhanDang":"","phienBan":0,"ngayPhienBan":1787756708000,"giaTriDoChinhXacMatPhang":0,"nguyenNhanThayDoi":null,"maDoiTuong":"HE03","tenCay":"keo","chieuCao":0}},{"type":"Feature","id":1154,"geometry":{"type":"Point","coordinates":[106.33418508358783,10.768923585380781]},"properties":{"OBJECTID":1154,"maNhanDang":"","phienBan":0,"ngayPhienBan":1787756708000,"giaTriDoChinhXacMatPhang":0,"nguyenNhanThayDoi":null,"maDoiTuong":"HE03","tenCay":"keo","chieuCao":0}},{"type":"Feature","id":1155,"geometry":{"type":"Point","coordinates":[106.33393956988776,10.768881496385973]},"properties":{"OBJECTID":1155,"maNhanDang":"","phienBan":0,"ngayPhienBan":1787756708000,"giaTriDoChinhXacMatPhang":0,"nguyenNhanThayDoi":null,"maDoiTuong":"HE03","tenCay":"keo","chieuCao":0}},{"type":"Feature","id":1156,"geometry":{"type":"Point","coordinates":[106.33456783653968,10.769077147735388]},"properties":{"OBJECTID":1156,"maNhanDang":"","phienBan":0,"ngayPhienBan":1787756708000,"giaTriDoChinhXacMatPhang":0,"nguyenNhanThayDoi":null,"maDoiTuong":"HE03","tenCay":"keo","chieuCao":0}},{"type":"Feature","id":1157,"geometry":{"type":"Point","coordinates":[106.334246247496,10.769036765597839]},"properties":{"OBJECTID":1157,"maNhanDang":"","phienBan":0,"ngayPhienBan":1787756708000,"giaTriDoChinhXacMatPhang":0,"nguyenNhanThayDoi":null,"maDoiTuong":"HE03","tenCay":"keo","chieuCao":0}},{"type":"Feature","id":1158,"geometry":{"type":"Point","coordinates":[106.33449232448883,10.768835041980505]},"properties":{"OBJECTID":1158,"maNhanDang":"","phienBan":0,"ngayPhienBan":1787756708000,"giaTriDoChinhXacMatPhang":0,"nguyenNhanThayDoi":null,"maDoiTuong":"HE03","tenCay":"keo","chieuCao":0}},{"type":"Feature","id":1159,"geometry":{"type":"Point","coordinates":[106.33424681083152,10.768792953227228]},"properties":{"OBJECTID":1159,"maNhanDang":"","phienBan":0,"ngayPhienBan":1787756708000,"giaTriDoChinhXacMatPhang":0,"nguyenNhanThayDoi":null,"maDoiTuong":"HE03","tenCay":"keo","chieuCao":0}},{"type":"Feature","id":1160,"geometry":{"type":"Point","coordinates":[106.33487507837614,10.76898860395271]},"properties":{"OBJECTID":1160,"maNhanDang":"","phienBan":0,"ngayPhienBan":1787756708000,"giaTriDoChinhXacMatPhang":0,"nguyenNhanThayDoi":null,"maDoiTuong":"HE03","tenCay":"keo","chieuCao":0}},{"type":"Feature","id":1161,"geometry":{"type":"Point","coordinates":[106.33455348940319,10.768948222130811]},"properties":{"OBJECTID":1161,"maNhanDang":"","phienBan":0,"ngayPhienBan":1787756708000,"giaTriDoChinhXacMatPhang":0,"nguyenNhanThayDoi":null,"maDoiTuong":"HE03","tenCay":"keo","chieuCao":0}},{"type":"Feature","id":1162,"geometry":{"type":"Point","coordinates":[106.33479956610981,10.768746498282999]},"properties":{"OBJECTID":1162,"maNhanDang":"","phienBan":0,"ngayPhienBan":1787756708000,"giaTriDoChinhXacMatPhang":0,"nguyenNhanThayDoi":null,"maDoiTuong":"HE03","tenCay":"keo","chieuCao":0}},{"type":"Feature","id":1163,"geometry":{"type":"Point","coordinates":[106.33455405249522,10.768704409771246]},"properties":{"OBJECTID":1163,"maNhanDang":"","phienBan":0,"ngayPhienBan":1787756708000,"giaTriDoChinhXacMatPhang":0,"nguyenNhanThayDoi":null,"maDoiTuong":"HE03","tenCay":"keo","chieuCao":0}},{"type":"Feature","id":1164,"geometry":{"type":"Point","coordinates":[106.33518232001818,10.768900059874484]},"properties":{"OBJECTID":1164,"maNhanDang":"","phienBan":0,"ngayPhienBan":1787756708000,"giaTriDoChinhXacMatPhang":0,"nguyenNhanThayDoi":null,"maDoiTuong":"HE03","tenCay":"keo","chieuCao":0}},{"type":"Feature","id":1165,"geometry":{"type":"Point","coordinates":[106.33486073111598,10.768859678368264]},"properties":{"OBJECTID":1165,"maNhanDang":"","phienBan":0,"ngayPhienBan":1787756708000,"giaTriDoChinhXacMatPhang":0,"nguyenNhanThayDoi":null,"maDoiTuong":"HE03","tenCay":"keo","chieuCao":0}},{"type":"Feature","id":1166,"geometry":{"type":"Point","coordinates":[106.33510680753632,10.768657954289964]},"properties":{"OBJECTID":1166,"maNhanDang":"","phienBan":0,"ngayPhienBan":1787756708000,"giaTriDoChinhXacMatPhang":0,"nguyenNhanThayDoi":null,"maDoiTuong":"HE03","tenCay":"keo","chieuCao":0}},{"type":"Feature","id":1167,"geometry":{"type":"Point","coordinates":[106.33486129396454,10.768615866019699]},"properties":{"OBJECTID":1167,"maNhanDang":"","phienBan":0,"ngayPhienBan":1787756708000,"giaTriDoChinhXacMatPhang":0,"nguyenNhanThayDoi":null,"maDoiTuong":"HE03","tenCay":"keo","chieuCao":0}},{"type":"Feature","id":1168,"geometry":{"type":"Point","coordinates":[106.33548956055142,10.768811515502472]},"properties":{"OBJECTID":1168,"maNhanDang":"","phienBan":0,"ngayPhienBan":1787756708000,"giaTriDoChinhXacMatPhang":0,"nguyenNhanThayDoi":null,"maDoiTuong":"HE03","tenCay":"keo","chieuCao":0}},{"type":"Feature","id":1169,"geometry":{"type":"Point","coordinates":[106.33516797171995,10.768771134311883]},"properties":{"OBJECTID":1169,"maNhanDang":"","phienBan":0,"ngayPhienBan":1787756708000,"giaTriDoChinhXacMatPhang":0,"nguyenNhanThayDoi":null,"maDoiTuong":"HE03","tenCay":"keo","chieuCao":0}},{"type":"Feature","id":1170,"geometry":{"type":"Point","coordinates":[106.33541404785404,10.768569410003122]},"properties":{"OBJECTID":1170,"maNhanDang":"","phienBan":0,"ngayPhienBan":1787756708000,"giaTriDoChinhXacMatPhang":0,"nguyenNhanThayDoi":null,"maDoiTuong":"HE03","tenCay":"keo","chieuCao":0}},{"type":"Feature","id":1171,"geometry":{"type":"Point","coordinates":[106.33516853523939,10.768527321972661]},"properties":{"OBJECTID":1171,"maNhanDang":"","phienBan":0,"ngayPhienBan":1787756708000,"giaTriDoChinhXacMatPhang":0,"nguyenNhanThayDoi":null,"maDoiTuong":"HE03","tenCay":"keo","chieuCao":0}},{"type":"Feature","id":1172,"geometry":{"type":"Point","coordinates":[106.33579680180458,10.768722970833224]},"properties":{"OBJECTID":1172,"maNhanDang":"","phienBan":0,"ngayPhienBan":1787756708000,"giaTriDoChinhXacMatPhang":0,"nguyenNhanThayDoi":null,"maDoiTuong":"HE03","tenCay":"keo","chieuCao":0}},{"type":"Feature","id":1173,"geometry":{"type":"Point","coordinates":[106.33547521304386,10.76868258995828]},"properties":{"OBJECTID":1173,"maNhanDang":"","phienBan":0,"ngayPhienBan":1787756708000,"giaTriDoChinhXacMatPhang":0,"nguyenNhanThayDoi":null,"maDoiTuong":"HE03","tenCay":"keo","chieuCao":0}},{"type":"Feature","id":1174,"geometry":{"type":"Point","coordinates":[106.33572128980607,10.768480865417336]},"properties":{"OBJECTID":1174,"maNhanDang":"","phienBan":0,"ngayPhienBan":1787756708000,"giaTriDoChinhXacMatPhang":0,"nguyenNhanThayDoi":null,"maDoiTuong":"HE03","tenCay":"keo","chieuCao":0}},{"type":"Feature","id":1175,"geometry":{"type":"Point","coordinates":[106.33547577631808,10.768438776726017]},"properties":{"OBJECTID":1175,"maNhanDang":"","phienBan":0,"ngayPhienBan":1787756708000,"giaTriDoChinhXacMatPhang":0,"nguyenNhanThayDoi":null,"maDoiTuong":"HE03","tenCay":"keo","chieuCao":0}},{"type":"Feature","id":1176,"geometry":{"type":"Point","coordinates":[106.33610404286328,10.768634425868438]},"properties":{"OBJECTID":1176,"maNhanDang":"","phienBan":0,"ngayPhienBan":1787756708000,"giaTriDoChinhXacMatPhang":0,"nguyenNhanThayDoi":null,"maDoiTuong":"HE03","tenCay":"keo","chieuCao":0}},{"type":"Feature","id":1177,"geometry":{"type":"Point","coordinates":[106.33578245417334,10.768594045309165]},"properties":{"OBJECTID":1177,"maNhanDang":"","phienBan":0,"ngayPhienBan":1787756708000,"giaTriDoChinhXacMatPhang":0,"nguyenNhanThayDoi":null,"maDoiTuong":"HE03","tenCay":"keo","chieuCao":0}},{"type":"Feature","id":1178,"geometry":{"type":"Point","coordinates":[106.33602852973492,10.768392320539501]},"properties":{"OBJECTID":1178,"maNhanDang":"","phienBan":0,"ngayPhienBan":1787756708000,"giaTriDoChinhXacMatPhang":0,"nguyenNhanThayDoi":null,"maDoiTuong":"HE03","tenCay":"keo","chieuCao":0}},{"type":"Feature","id":1179,"geometry":{"type":"Point","coordinates":[106.33578301629147,10.768350232993772]},"properties":{"OBJECTID":1179,"maNhanDang":"","phienBan":0,"ngayPhienBan":1787756708000,"giaTriDoChinhXacMatPhang":0,"nguyenNhanThayDoi":null,"maDoiTuong":"HE03","tenCay":"keo","chieuCao":0}},{"type":"Feature","id":1180,"geometry":{"type":"Point","coordinates":[106.33641128281316,10.76854588060991]},"properties":{"OBJECTID":1180,"maNhanDang":"","phienBan":0,"ngayPhienBan":1787756708000,"giaTriDoChinhXacMatPhang":0,"nguyenNhanThayDoi":null,"maDoiTuong":"HE03","tenCay":"keo","chieuCao":0}},{"type":"Feature","id":1181,"geometry":{"type":"Point","coordinates":[106.33608969510834,10.768505500364519]},"properties":{"OBJECTID":1181,"maNhanDang":"","phienBan":0,"ngayPhienBan":1787756708000,"giaTriDoChinhXacMatPhang":0,"nguyenNhanThayDoi":null,"maDoiTuong":"HE03","tenCay":"keo","chieuCao":0}},{"type":"Feature","id":1182,"geometry":{"type":"Point","coordinates":[106.33633577038368,10.768303775364437]},"properties":{"OBJECTID":1182,"maNhanDang":"","phienBan":0,"ngayPhienBan":1787756708000,"giaTriDoChinhXacMatPhang":0,"nguyenNhanThayDoi":null,"maDoiTuong":"HE03","tenCay":"keo","chieuCao":0}},{"type":"Feature","id":1183,"geometry":{"type":"Point","coordinates":[106.33609025789737,10.768261688058477]},"properties":{"OBJECTID":1183,"maNhanDang":"","phienBan":0,"ngayPhienBan":1787756708000,"giaTriDoChinhXacMatPhang":0,"nguyenNhanThayDoi":null,"maDoiTuong":"HE03","tenCay":"keo","chieuCao":0}},{"type":"Feature","id":1184,"geometry":{"type":"Point","coordinates":[106.33671852439728,10.768457335052435]},"properties":{"OBJECTID":1184,"maNhanDang":"","phienBan":0,"ngayPhienBan":1787756708000,"giaTriDoChinhXacMatPhang":0,"nguyenNhanThayDoi":null,"maDoiTuong":"HE03","tenCay":"keo","chieuCao":0}},{"type":"Feature","id":1185,"geometry":{"type":"Point","coordinates":[106.3363969358489,10.768416955124401]},"properties":{"OBJECTID":1185,"maNhanDang":"","phienBan":0,"ngayPhienBan":1787756708000,"giaTriDoChinhXacMatPhang":0,"nguyenNhanThayDoi":null,"maDoiTuong":"HE03","tenCay":"keo","chieuCao":0}},{"type":"Feature","id":1186,"geometry":{"type":"Point","coordinates":[106.33664301083797,10.768215229893874]},"properties":{"OBJECTID":1186,"maNhanDang":"","phienBan":0,"ngayPhienBan":1787756708000,"giaTriDoChinhXacMatPhang":0,"nguyenNhanThayDoi":null,"maDoiTuong":"HE03","tenCay":"keo","chieuCao":0}},{"type":"Feature","id":1187,"geometry":{"type":"Point","coordinates":[106.33639749747837,10.768173141927054]},"properties":{"OBJECTID":1187,"maNhanDang":"","phienBan":0,"ngayPhienBan":1787756708000,"giaTriDoChinhXacMatPhang":0,"nguyenNhanThayDoi":null,"maDoiTuong":"HE03","tenCay":"keo","chieuCao":0}},{"type":"Feature","id":1188,"geometry":{"type":"Point","coordinates":[106.33702576395824,10.768368789202899]},"properties":{"OBJECTID":1188,"maNhanDang":"","phienBan":0,"ngayPhienBan":1787756708000,"giaTriDoChinhXacMatPhang":0,"nguyenNhanThayDoi":null,"maDoiTuong":"HE03","tenCay":"keo","chieuCao":0}},{"type":"Feature","id":1189,"geometry":{"type":"Point","coordinates":[106.3367041754789,10.768328408686433]},"properties":{"OBJECTID":1189,"maNhanDang":"","phienBan":0,"ngayPhienBan":1787756708000,"giaTriDoChinhXacMatPhang":0,"nguyenNhanThayDoi":null,"maDoiTuong":"HE03","tenCay":"keo","chieuCao":0}},{"type":"Feature","id":1190,"geometry":{"type":"Point","coordinates":[106.33702799483825,10.768242156813571]},"properties":{"OBJECTID":1190,"maNhanDang":"","phienBan":0,"ngayPhienBan":1787756708000,"giaTriDoChinhXacMatPhang":0,"nguyenNhanThayDoi":null,"maDoiTuong":"HE03","tenCay":"keo","chieuCao":0}},{"type":"Feature","id":1191,"geometry":{"type":"Point","coordinates":[106.33670473778275,10.768084597306625]},"properties":{"OBJECTID":1191,"maNhanDang":"","phienBan":0,"ngayPhienBan":1787756708000,"giaTriDoChinhXacMatPhang":0,"nguyenNhanThayDoi":null,"maDoiTuong":"HE03","tenCay":"keo","chieuCao":0}},{"type":"Feature","id":1192,"geometry":{"type":"Point","coordinates":[106.33220333038126,10.769493391562351]},"properties":{"OBJECTID":1192,"maNhanDang":"","phienBan":0,"ngayPhienBan":1787756708000,"giaTriDoChinhXacMatPhang":0,"nguyenNhanThayDoi":null,"maDoiTuong":"HE03","tenCay":"keo","chieuCao":0}},{"type":"Feature","id":1193,"geometry":{"type":"Point","coordinates":[106.33208408492497,10.769278267848311]},"properties":{"OBJECTID":1193,"maNhanDang":"","phienBan":0,"ngayPhienBan":1787756708000,"giaTriDoChinhXacMatPhang":0,"nguyenNhanThayDoi":null,"maDoiTuong":"HE03","tenCay":"keo","chieuCao":0}},{"type":"Feature","id":1194,"geometry":{"type":"Point","coordinates":[106.33216827611672,10.769128031875255]},"properties":{"OBJECTID":1194,"maNhanDang":"","phienBan":0,"ngayPhienBan":1787756708000,"giaTriDoChinhXacMatPhang":0,"nguyenNhanThayDoi":null,"maDoiTuong":"HE03","tenCay":"keo","chieuCao":0}},{"type":"Feature","id":1195,"geometry":{"type":"Point","coordinates":[106.33239148888811,10.769190275869635]},"properties":{"OBJECTID":1195,"maNhanDang":"","phienBan":0,"ngayPhienBan":1787756708000,"giaTriDoChinhXacMatPhang":0,"nguyenNhanThayDoi":null,"maDoiTuong":"HE03","tenCay":"keo","chieuCao":0}},{"type":"Feature","id":1196,"geometry":{"type":"Point","coordinates":[106.33247567990267,10.769040040725601]},"properties":{"OBJECTID":1196,"maNhanDang":"","phienBan":0,"ngayPhienBan":1787756708000,"giaTriDoChinhXacMatPhang":0,"nguyenNhanThayDoi":null,"maDoiTuong":"HE03","tenCay":"keo","chieuCao":0}},{"type":"Feature","id":1197,"geometry":{"type":"Point","coordinates":[106.33220416153057,10.768990167884615]},"properties":{"OBJECTID":1197,"maNhanDang":"","phienBan":0,"ngayPhienBan":1787756708000,"giaTriDoChinhXacMatPhang":0,"nguyenNhanThayDoi":null,"maDoiTuong":"HE03","tenCay":"keo","chieuCao":0}},{"type":"Feature","id":1198,"geometry":{"type":"Point","coordinates":[106.33233254768339,10.76882109875301]},"properties":{"OBJECTID":1198,"maNhanDang":"","phienBan":0,"ngayPhienBan":1787756708000,"giaTriDoChinhXacMatPhang":0,"nguyenNhanThayDoi":null,"maDoiTuong":"HE03","tenCay":"keo","chieuCao":0}},{"type":"Feature","id":1199,"geometry":{"type":"Point","coordinates":[106.33269889265959,10.76910228449912]},"properties":{"OBJECTID":1199,"maNhanDang":"","phienBan":0,"ngayPhienBan":1787756708000,"giaTriDoChinhXacMatPhang":0,"nguyenNhanThayDoi":null,"maDoiTuong":"HE03","tenCay":"keo","chieuCao":0}},{"type":"Feature","id":1200,"geometry":{"type":"Point","coordinates":[106.33251156516654,10.768902176706455]},"properties":{"OBJECTID":1200,"maNhanDang":"","phienBan":0,"ngayPhienBan":1787756708000,"giaTriDoChinhXacMatPhang":0,"nguyenNhanThayDoi":null,"maDoiTuong":"HE03","tenCay":"keo","chieuCao":0}},{"type":"Feature","id":1201,"geometry":{"type":"Point","coordinates":[106.33362110372637,10.768838307706137]},"properties":{"OBJECTID":1201,"maNhanDang":"","phienBan":0,"ngayPhienBan":1787756708000,"giaTriDoChinhXacMatPhang":0,"nguyenNhanThayDoi":null,"maDoiTuong":"HE03","tenCay":"keo","chieuCao":0}},{"type":"Feature","id":1202,"geometry":{"type":"Point","coordinates":[106.33370529493787,10.768688071356008]},"properties":{"OBJECTID":1202,"maNhanDang":"","phienBan":0,"ngayPhienBan":1787756708000,"giaTriDoChinhXacMatPhang":0,"nguyenNhanThayDoi":null,"maDoiTuong":"HE03","tenCay":"keo","chieuCao":0}},{"type":"Feature","id":1203,"geometry":{"type":"Point","coordinates":[106.33343377674116,10.768638200488855]},"properties":{"OBJECTID":1203,"maNhanDang":"","phienBan":0,"ngayPhienBan":1787756708000,"giaTriDoChinhXacMatPhang":0,"nguyenNhanThayDoi":null,"maDoiTuong":"HE03","tenCay":"keo","chieuCao":0}},{"type":"Feature","id":1204,"geometry":{"type":"Point","coordinates":[106.33354820243372,10.768476685599531]},"properties":{"OBJECTID":1204,"maNhanDang":"","phienBan":0,"ngayPhienBan":1787756708000,"giaTriDoChinhXacMatPhang":0,"nguyenNhanThayDoi":null,"maDoiTuong":"HE03","tenCay":"keo","chieuCao":0}},{"type":"Feature","id":1205,"geometry":{"type":"Point","coordinates":[106.33392850763862,10.768750315150182]},"properties":{"OBJECTID":1205,"maNhanDang":"","phienBan":0,"ngayPhienBan":1787756708000,"giaTriDoChinhXacMatPhang":0,"nguyenNhanThayDoi":null,"maDoiTuong":"HE03","tenCay":"keo","chieuCao":0}},{"type":"Feature","id":1206,"geometry":{"type":"Point","coordinates":[106.33401269775686,10.768600078726744]},"properties":{"OBJECTID":1206,"maNhanDang":"","phienBan":0,"ngayPhienBan":1787756708000,"giaTriDoChinhXacMatPhang":0,"nguyenNhanThayDoi":null,"maDoiTuong":"HE03","tenCay":"keo","chieuCao":0}},{"type":"Feature","id":1207,"geometry":{"type":"Point","coordinates":[106.33374117960183,10.768550207222898]},"properties":{"OBJECTID":1207,"maNhanDang":"","phienBan":0,"ngayPhienBan":1787756708000,"giaTriDoChinhXacMatPhang":0,"nguyenNhanThayDoi":null,"maDoiTuong":"HE03","tenCay":"keo","chieuCao":0}},{"type":"Feature","id":1208,"geometry":{"type":"Point","coordinates":[106.333800372599,10.768402600019755]},"properties":{"OBJECTID":1208,"maNhanDang":"","phienBan":0,"ngayPhienBan":1787756708000,"giaTriDoChinhXacMatPhang":0,"nguyenNhanThayDoi":null,"maDoiTuong":"HE03","tenCay":"keo","chieuCao":0}},{"type":"Feature","id":1209,"geometry":{"type":"Point","coordinates":[106.33423591044138,10.768662321395952]},"properties":{"OBJECTID":1209,"maNhanDang":"","phienBan":0,"ngayPhienBan":1787756708000,"giaTriDoChinhXacMatPhang":0,"nguyenNhanThayDoi":null,"maDoiTuong":"HE03","tenCay":"keo","chieuCao":0}},{"type":"Feature","id":1210,"geometry":{"type":"Point","coordinates":[106.33432010038243,10.768512085801552]},"properties":{"OBJECTID":1210,"maNhanDang":"","phienBan":0,"ngayPhienBan":1787756708000,"giaTriDoChinhXacMatPhang":0,"nguyenNhanThayDoi":null,"maDoiTuong":"HE03","tenCay":"keo","chieuCao":0}},{"type":"Feature","id":1211,"geometry":{"type":"Point","coordinates":[106.33404858227085,10.768462214565137]},"properties":{"OBJECTID":1211,"maNhanDang":"","phienBan":0,"ngayPhienBan":1787756708000,"giaTriDoChinhXacMatPhang":0,"nguyenNhanThayDoi":null,"maDoiTuong":"HE03","tenCay":"keo","chieuCao":0}},{"type":"Feature","id":1212,"geometry":{"type":"Point","coordinates":[106.33418205668146,10.768297527258422]},"properties":{"OBJECTID":1212,"maNhanDang":"","phienBan":0,"ngayPhienBan":1787756708000,"giaTriDoChinhXacMatPhang":0,"nguyenNhanThayDoi":null,"maDoiTuong":"HE03","tenCay":"keo","chieuCao":0}},{"type":"Feature","id":1213,"geometry":{"type":"Point","coordinates":[106.33454331305244,10.768574328249912]},"properties":{"OBJECTID":1213,"maNhanDang":"","phienBan":0,"ngayPhienBan":1787756708000,"giaTriDoChinhXacMatPhang":0,"nguyenNhanThayDoi":null,"maDoiTuong":"HE03","tenCay":"keo","chieuCao":0}},{"type":"Feature","id":1214,"geometry":{"type":"Point","coordinates":[106.33462750372721,10.768424091674666]},"properties":{"OBJECTID":1214,"maNhanDang":"","phienBan":0,"ngayPhienBan":1787756708000,"giaTriDoChinhXacMatPhang":0,"nguyenNhanThayDoi":null,"maDoiTuong":"HE03","tenCay":"keo","chieuCao":0}},{"type":"Feature","id":1215,"geometry":{"type":"Point","coordinates":[106.3343559847447,10.768374220707395]},"properties":{"OBJECTID":1215,"maNhanDang":"","phienBan":0,"ngayPhienBan":1787756708000,"giaTriDoChinhXacMatPhang":0,"nguyenNhanThayDoi":null,"maDoiTuong":"HE03","tenCay":"keo","chieuCao":0}},{"type":"Feature","id":1216,"geometry":{"type":"Point","coordinates":[106.33448945985941,10.768209533276485]},"properties":{"OBJECTID":1216,"maNhanDang":"","phienBan":0,"ngayPhienBan":1787756708000,"giaTriDoChinhXacMatPhang":0,"nguyenNhanThayDoi":null,"maDoiTuong":"HE03","tenCay":"keo","chieuCao":0}},{"type":"Feature","id":1217,"geometry":{"type":"Point","coordinates":[106.33480483128979,10.768494961474552]},"properties":{"OBJECTID":1217,"maNhanDang":"","phienBan":0,"ngayPhienBan":1787756708000,"giaTriDoChinhXacMatPhang":0,"nguyenNhanThayDoi":null,"maDoiTuong":"HE03","tenCay":"keo","chieuCao":0}},{"type":"Feature","id":1218,"geometry":{"type":"Point","coordinates":[106.33493490688028,10.768336098155961]},"properties":{"OBJECTID":1218,"maNhanDang":"","phienBan":0,"ngayPhienBan":1787756708000,"giaTriDoChinhXacMatPhang":0,"nguyenNhanThayDoi":null,"maDoiTuong":"HE03","tenCay":"keo","chieuCao":0}},{"type":"Feature","id":1219,"geometry":{"type":"Point","coordinates":[106.33466338794125,10.768286227456114]},"properties":{"OBJECTID":1219,"maNhanDang":"","phienBan":0,"ngayPhienBan":1787756708000,"giaTriDoChinhXacMatPhang":0,"nguyenNhanThayDoi":null,"maDoiTuong":"HE03","tenCay":"keo","chieuCao":0}},{"type":"Feature","id":1220,"geometry":{"type":"Point","coordinates":[106.33479875534321,10.768115261881249]},"properties":{"OBJECTID":1220,"maNhanDang":"","phienBan":0,"ngayPhienBan":1787756708000,"giaTriDoChinhXacMatPhang":0,"nguyenNhanThayDoi":null,"maDoiTuong":"HE03","tenCay":"keo","chieuCao":0}},{"type":"Feature","id":1221,"geometry":{"type":"Point","coordinates":[106.3351581186069,10.768398340164351]},"properties":{"OBJECTID":1221,"maNhanDang":"","phienBan":0,"ngayPhienBan":1787756708000,"giaTriDoChinhXacMatPhang":0,"nguyenNhanThayDoi":null,"maDoiTuong":"HE03","tenCay":"keo","chieuCao":0}},{"type":"Feature","id":1222,"geometry":{"type":"Point","coordinates":[106.33524230892557,10.768248104343115]},"properties":{"OBJECTID":1222,"maNhanDang":"","phienBan":0,"ngayPhienBan":1787756708000,"giaTriDoChinhXacMatPhang":0,"nguyenNhanThayDoi":null,"maDoiTuong":"HE03","tenCay":"keo","chieuCao":0}},{"type":"Feature","id":1223,"geometry":{"type":"Point","coordinates":[106.33497079003001,10.768198233910683]},"properties":{"OBJECTID":1223,"maNhanDang":"","phienBan":0,"ngayPhienBan":1787756708000,"giaTriDoChinhXacMatPhang":0,"nguyenNhanThayDoi":null,"maDoiTuong":"HE03","tenCay":"keo","chieuCao":0}},{"type":"Feature","id":1224,"geometry":{"type":"Point","coordinates":[106.3351061572148,10.768027268211821]},"properties":{"OBJECTID":1224,"maNhanDang":"","phienBan":0,"ngayPhienBan":1787756708000,"giaTriDoChinhXacMatPhang":0,"nguyenNhanThayDoi":null,"maDoiTuong":"HE03","tenCay":"keo","chieuCao":0}},{"type":"Feature","id":1225,"geometry":{"type":"Point","coordinates":[106.33546552155202,10.768310346128924]},"properties":{"OBJECTID":1225,"maNhanDang":"","phienBan":0,"ngayPhienBan":1787756708000,"giaTriDoChinhXacMatPhang":0,"nguyenNhanThayDoi":null,"maDoiTuong":"HE03","tenCay":"keo","chieuCao":0}},{"type":"Feature","id":1226,"geometry":{"type":"Point","coordinates":[106.33554971077568,10.768160109330317]},"properties":{"OBJECTID":1226,"maNhanDang":"","phienBan":0,"ngayPhienBan":1787756708000,"giaTriDoChinhXacMatPhang":0,"nguyenNhanThayDoi":null,"maDoiTuong":"HE03","tenCay":"keo","chieuCao":0}},{"type":"Feature","id":1227,"geometry":{"type":"Point","coordinates":[106.33527819283792,10.768110239163555]},"properties":{"OBJECTID":1227,"maNhanDang":"","phienBan":0,"ngayPhienBan":1787756708000,"giaTriDoChinhXacMatPhang":0,"nguyenNhanThayDoi":null,"maDoiTuong":"HE03","tenCay":"keo","chieuCao":0}},{"type":"Feature","id":1228,"geometry":{"type":"Point","coordinates":[106.33540658170801,10.767943678630582]},"properties":{"OBJECTID":1228,"maNhanDang":"","phienBan":0,"ngayPhienBan":1787756708000,"giaTriDoChinhXacMatPhang":0,"nguyenNhanThayDoi":null,"maDoiTuong":"HE03","tenCay":"keo","chieuCao":0}},{"type":"Feature","id":1229,"geometry":{"type":"Point","coordinates":[106.33577292338758,10.768222350895282]},"properties":{"OBJECTID":1229,"maNhanDang":"","phienBan":0,"ngayPhienBan":1787756708000,"giaTriDoChinhXacMatPhang":0,"nguyenNhanThayDoi":null,"maDoiTuong":"HE03","tenCay":"keo","chieuCao":0}},{"type":"Feature","id":1230,"geometry":{"type":"Point","coordinates":[106.33580814215523,10.768085349434044]},"properties":{"OBJECTID":1230,"maNhanDang":"","phienBan":0,"ngayPhienBan":1787756708000,"giaTriDoChinhXacMatPhang":0,"nguyenNhanThayDoi":null,"maDoiTuong":"HE03","tenCay":"keo","chieuCao":0}},{"type":"Feature","id":1231,"geometry":{"type":"Point","coordinates":[106.33558559453981,10.768022245026383]},"properties":{"OBJECTID":1231,"maNhanDang":"","phienBan":0,"ngayPhienBan":1787756708000,"giaTriDoChinhXacMatPhang":0,"nguyenNhanThayDoi":null,"maDoiTuong":"HE03","tenCay":"keo","chieuCao":0}},{"type":"Feature","id":1232,"geometry":{"type":"Point","coordinates":[106.3357170171894,10.767868069331124]},"properties":{"OBJECTID":1232,"maNhanDang":"","phienBan":0,"ngayPhienBan":1787756708000,"giaTriDoChinhXacMatPhang":0,"nguyenNhanThayDoi":null,"maDoiTuong":"HE03","tenCay":"keo","chieuCao":0}},{"type":"Feature","id":1233,"geometry":{"type":"Point","coordinates":[106.33608032503143,10.768134356269854]},"properties":{"OBJECTID":1233,"maNhanDang":"","phienBan":0,"ngayPhienBan":1787756708000,"giaTriDoChinhXacMatPhang":0,"nguyenNhanThayDoi":null,"maDoiTuong":"HE03","tenCay":"keo","chieuCao":0}},{"type":"Feature","id":1234,"geometry":{"type":"Point","coordinates":[106.33616451481336,10.767984120223575]},"properties":{"OBJECTID":1234,"maNhanDang":"","phienBan":0,"ngayPhienBan":1787756708000,"giaTriDoChinhXacMatPhang":0,"nguyenNhanThayDoi":null,"maDoiTuong":"HE03","tenCay":"keo","chieuCao":0}},{"type":"Feature","id":1235,"geometry":{"type":"Point","coordinates":[106.33589603095892,10.767946634640392]},"properties":{"OBJECTID":1235,"maNhanDang":"","phienBan":0,"ngayPhienBan":1787756708000,"giaTriDoChinhXacMatPhang":0,"nguyenNhanThayDoi":null,"maDoiTuong":"HE03","tenCay":"keo","chieuCao":0}},{"type":"Feature","id":1236,"geometry":{"type":"Point","coordinates":[106.33613052182493,10.767746261630146]},"properties":{"OBJECTID":1236,"maNhanDang":"","phienBan":0,"ngayPhienBan":1787756708000,"giaTriDoChinhXacMatPhang":0,"nguyenNhanThayDoi":null,"maDoiTuong":"HE03","tenCay":"keo","chieuCao":0}},{"type":"Feature","id":1237,"geometry":{"type":"Point","coordinates":[106.33646698631001,10.768010267171805]},"properties":{"OBJECTID":1237,"maNhanDang":"","phienBan":0,"ngayPhienBan":1787756708000,"giaTriDoChinhXacMatPhang":0,"nguyenNhanThayDoi":null,"maDoiTuong":"HE03","tenCay":"keo","chieuCao":0}},{"type":"Feature","id":1238,"geometry":{"type":"Point","coordinates":[106.33369445238016,10.768307634766577]},"properties":{"OBJECTID":1238,"maNhanDang":"","phienBan":0,"ngayPhienBan":1787756708000,"giaTriDoChinhXacMatPhang":0,"nguyenNhanThayDoi":null,"maDoiTuong":"HE03","tenCay":"keo","chieuCao":0}},{"type":"Feature","id":1239,"geometry":{"type":"Point","coordinates":[106.33342369653521,10.768116828619954]},"properties":{"OBJECTID":1239,"maNhanDang":"","phienBan":0,"ngayPhienBan":1787756708000,"giaTriDoChinhXacMatPhang":0,"nguyenNhanThayDoi":null,"maDoiTuong":"HE03","tenCay":"keo","chieuCao":0}},{"type":"Feature","id":1240,"geometry":{"type":"Point","coordinates":[106.33400181340012,10.76821949849208]},"properties":{"OBJECTID":1240,"maNhanDang":"","phienBan":0,"ngayPhienBan":1787756708000,"giaTriDoChinhXacMatPhang":0,"nguyenNhanThayDoi":null,"maDoiTuong":"HE03","tenCay":"keo","chieuCao":0}},{"type":"Feature","id":1241,"geometry":{"type":"Point","coordinates":[106.33358621188195,10.768203798290834]},"properties":{"OBJECTID":1241,"maNhanDang":"","phienBan":0,"ngayPhienBan":1787756708000,"giaTriDoChinhXacMatPhang":0,"nguyenNhanThayDoi":null,"maDoiTuong":"HE03","tenCay":"keo","chieuCao":0}},{"type":"Feature","id":1242,"geometry":{"type":"Point","coordinates":[106.3337310574578,10.768028692618783]},"properties":{"OBJECTID":1242,"maNhanDang":"","phienBan":0,"ngayPhienBan":1787756708000,"giaTriDoChinhXacMatPhang":0,"nguyenNhanThayDoi":null,"maDoiTuong":"HE03","tenCay":"keo","chieuCao":0}},{"type":"Feature","id":1243,"geometry":{"type":"Point","coordinates":[106.33430917331206,10.768131361923523]},"properties":{"OBJECTID":1243,"maNhanDang":"","phienBan":0,"ngayPhienBan":1787756708000,"giaTriDoChinhXacMatPhang":0,"nguyenNhanThayDoi":null,"maDoiTuong":"HE03","tenCay":"keo","chieuCao":0}},{"type":"Feature","id":1244,"geometry":{"type":"Point","coordinates":[106.33389357283546,10.768115662126915]},"properties":{"OBJECTID":1244,"maNhanDang":"","phienBan":0,"ngayPhienBan":1787756708000,"giaTriDoChinhXacMatPhang":0,"nguyenNhanThayDoi":null,"maDoiTuong":"HE03","tenCay":"keo","chieuCao":0}},{"type":"Feature","id":1245,"geometry":{"type":"Point","coordinates":[106.33403841727063,10.767940555419436]},"properties":{"OBJECTID":1245,"maNhanDang":"","phienBan":0,"ngayPhienBan":1787756708000,"giaTriDoChinhXacMatPhang":0,"nguyenNhanThayDoi":null,"maDoiTuong":"HE03","tenCay":"keo","chieuCao":0}},{"type":"Feature","id":1246,"geometry":{"type":"Point","coordinates":[106.33461653394473,10.768043225057436]},"properties":{"OBJECTID":1246,"maNhanDang":"","phienBan":0,"ngayPhienBan":1787756708000,"giaTriDoChinhXacMatPhang":0,"nguyenNhanThayDoi":null,"maDoiTuong":"HE03","tenCay":"keo","chieuCao":0}},{"type":"Feature","id":1247,"geometry":{"type":"Point","coordinates":[106.33420093267927,10.768027524764836]},"properties":{"OBJECTID":1247,"maNhanDang":"","phienBan":0,"ngayPhienBan":1787756708000,"giaTriDoChinhXacMatPhang":0,"nguyenNhanThayDoi":null,"maDoiTuong":"HE03","tenCay":"keo","chieuCao":0}},{"type":"Feature","id":1248,"geometry":{"type":"Point","coordinates":[106.33434577780589,10.767852418826683]},"properties":{"OBJECTID":1248,"maNhanDang":"","phienBan":0,"ngayPhienBan":1787756708000,"giaTriDoChinhXacMatPhang":0,"nguyenNhanThayDoi":null,"maDoiTuong":"HE03","tenCay":"keo","chieuCao":0}},{"type":"Feature","id":1249,"geometry":{"type":"Point","coordinates":[106.33492389438193,10.767955086991478]},"properties":{"OBJECTID":1249,"maNhanDang":"","phienBan":0,"ngayPhienBan":1787756708000,"giaTriDoChinhXacMatPhang":0,"nguyenNhanThayDoi":null,"maDoiTuong":"HE03","tenCay":"keo","chieuCao":0}},{"type":"Feature","id":1250,"geometry":{"type":"Point","coordinates":[106.33450829324545,10.767939388009323]},"properties":{"OBJECTID":1250,"maNhanDang":"","phienBan":0,"ngayPhienBan":1787756708000,"giaTriDoChinhXacMatPhang":0,"nguyenNhanThayDoi":null,"maDoiTuong":"HE03","tenCay":"keo","chieuCao":0}},{"type":"Feature","id":1251,"geometry":{"type":"Point","coordinates":[106.33465313814749,10.767764281938129]},"properties":{"OBJECTID":1251,"maNhanDang":"","phienBan":0,"ngayPhienBan":1787756708000,"giaTriDoChinhXacMatPhang":0,"nguyenNhanThayDoi":null,"maDoiTuong":"HE03","tenCay":"keo","chieuCao":0}},{"type":"Feature","id":1252,"geometry":{"type":"Point","coordinates":[106.33415142518123,10.767793302463648]},"properties":{"OBJECTID":1252,"maNhanDang":"","phienBan":0,"ngayPhienBan":1787756708000,"giaTriDoChinhXacMatPhang":0,"nguyenNhanThayDoi":null,"maDoiTuong":"HE03","tenCay":"keo","chieuCao":0}},{"type":"Feature","id":1253,"geometry":{"type":"Point","coordinates":[106.33523125371283,10.767866949535581]},"properties":{"OBJECTID":1253,"maNhanDang":"","phienBan":0,"ngayPhienBan":1787756708000,"giaTriDoChinhXacMatPhang":0,"nguyenNhanThayDoi":null,"maDoiTuong":"HE03","tenCay":"keo","chieuCao":0}},{"type":"Feature","id":1254,"geometry":{"type":"Point","coordinates":[106.33481565361799,10.767851250958044]},"properties":{"OBJECTID":1254,"maNhanDang":"","phienBan":0,"ngayPhienBan":1787756708000,"giaTriDoChinhXacMatPhang":0,"nguyenNhanThayDoi":null,"maDoiTuong":"HE03","tenCay":"keo","chieuCao":0}},{"type":"Feature","id":1255,"geometry":{"type":"Point","coordinates":[106.33496049738108,10.76767614475555]},"properties":{"OBJECTID":1255,"maNhanDang":"","phienBan":0,"ngayPhienBan":1787756708000,"giaTriDoChinhXacMatPhang":0,"nguyenNhanThayDoi":null,"maDoiTuong":"HE03","tenCay":"keo","chieuCao":0}},{"type":"Feature","id":1256,"geometry":{"type":"Point","coordinates":[106.33445878553066,10.767705165767605]},"properties":{"OBJECTID":1256,"maNhanDang":"","phienBan":0,"ngayPhienBan":1787756708000,"giaTriDoChinhXacMatPhang":0,"nguyenNhanThayDoi":null,"maDoiTuong":"HE03","tenCay":"keo","chieuCao":0}},{"type":"Feature","id":1257,"geometry":{"type":"Point","coordinates":[106.33553861376443,10.767778811782188]},"properties":{"OBJECTID":1257,"maNhanDang":"","phienBan":0,"ngayPhienBan":1787756708000,"giaTriDoChinhXacMatPhang":0,"nguyenNhanThayDoi":null,"maDoiTuong":"HE03","tenCay":"keo","chieuCao":0}},{"type":"Feature","id":1258,"geometry":{"type":"Point","coordinates":[106.33512301288248,10.767763113612721]},"properties":{"OBJECTID":1258,"maNhanDang":"","phienBan":0,"ngayPhienBan":1787756708000,"giaTriDoChinhXacMatPhang":0,"nguyenNhanThayDoi":null,"maDoiTuong":"HE03","tenCay":"keo","chieuCao":0}},{"type":"Feature","id":1259,"geometry":{"type":"Point","coordinates":[106.33526785733532,10.767588007275469]},"properties":{"OBJECTID":1259,"maNhanDang":"","phienBan":0,"ngayPhienBan":1787756708000,"giaTriDoChinhXacMatPhang":0,"nguyenNhanThayDoi":null,"maDoiTuong":"HE03","tenCay":"keo","chieuCao":0}},{"type":"Feature","id":1260,"geometry":{"type":"Point","coordinates":[106.33476614477206,10.767617028777495]},"properties":{"OBJECTID":1260,"maNhanDang":"","phienBan":0,"ngayPhienBan":1787756708000,"giaTriDoChinhXacMatPhang":0,"nguyenNhanThayDoi":null,"maDoiTuong":"HE03","tenCay":"keo","chieuCao":0}},{"type":"Feature","id":1261,"geometry":{"type":"Point","coordinates":[106.3358459736223,10.76769067373302]},"properties":{"OBJECTID":1261,"maNhanDang":"","phienBan":0,"ngayPhienBan":1787756708000,"giaTriDoChinhXacMatPhang":0,"nguyenNhanThayDoi":null,"maDoiTuong":"HE03","tenCay":"keo","chieuCao":0}},{"type":"Feature","id":1262,"geometry":{"type":"Point","coordinates":[106.33543037286763,10.767674975969902]},"properties":{"OBJECTID":1262,"maNhanDang":"","phienBan":0,"ngayPhienBan":1787756708000,"giaTriDoChinhXacMatPhang":0,"nguyenNhanThayDoi":null,"maDoiTuong":"HE03","tenCay":"keo","chieuCao":0}},{"type":"Feature","id":1263,"geometry":{"type":"Point","coordinates":[106.33557521709587,10.767499869499638]},"properties":{"OBJECTID":1263,"maNhanDang":"","phienBan":0,"ngayPhienBan":1787756708000,"giaTriDoChinhXacMatPhang":0,"nguyenNhanThayDoi":null,"maDoiTuong":"HE03","tenCay":"keo","chieuCao":0}},{"type":"Feature","id":1264,"geometry":{"type":"Point","coordinates":[106.33507350564848,10.767528891488187]},"properties":{"OBJECTID":1264,"maNhanDang":"","phienBan":0,"ngayPhienBan":1787756708000,"giaTriDoChinhXacMatPhang":0,"nguyenNhanThayDoi":null,"maDoiTuong":"HE03","tenCay":"keo","chieuCao":0}},{"type":"Feature","id":1265,"geometry":{"type":"Point","coordinates":[106.33540977190681,10.767419468363814]},"properties":{"OBJECTID":1265,"maNhanDang":"","phienBan":0,"ngayPhienBan":1787756708000,"giaTriDoChinhXacMatPhang":0,"nguyenNhanThayDoi":null,"maDoiTuong":"HE03","tenCay":"keo","chieuCao":0}},{"type":"Feature","id":1266,"geometry":{"type":"Point","coordinates":[106.33363594236191,10.767816409970166]},"properties":{"OBJECTID":1266,"maNhanDang":"","phienBan":0,"ngayPhienBan":1787756708000,"giaTriDoChinhXacMatPhang":0,"nguyenNhanThayDoi":null,"maDoiTuong":"HE03","tenCay":"keo","chieuCao":0}},{"type":"Feature","id":1267,"geometry":{"type":"Point","coordinates":[106.33394332316499,10.767728345161858]},"properties":{"OBJECTID":1267,"maNhanDang":"","phienBan":0,"ngayPhienBan":1787756708000,"giaTriDoChinhXacMatPhang":0,"nguyenNhanThayDoi":null,"maDoiTuong":"HE03","tenCay":"keo","chieuCao":0}},{"type":"Feature","id":1268,"geometry":{"type":"Point","coordinates":[106.33371053946799,10.767665960230715]},"properties":{"OBJECTID":1268,"maNhanDang":"","phienBan":0,"ngayPhienBan":1787756708000,"giaTriDoChinhXacMatPhang":0,"nguyenNhanThayDoi":null,"maDoiTuong":"HE03","tenCay":"keo","chieuCao":0}},{"type":"Feature","id":1269,"geometry":{"type":"Point","coordinates":[106.33376865227071,10.767514922198972]},"properties":{"OBJECTID":1269,"maNhanDang":"","phienBan":0,"ngayPhienBan":1787756708000,"giaTriDoChinhXacMatPhang":0,"nguyenNhanThayDoi":null,"maDoiTuong":"HE03","tenCay":"keo","chieuCao":0}},{"type":"Feature","id":1270,"geometry":{"type":"Point","coordinates":[106.33425070468712,10.767640279151902]},"properties":{"OBJECTID":1270,"maNhanDang":"","phienBan":0,"ngayPhienBan":1787756708000,"giaTriDoChinhXacMatPhang":0,"nguyenNhanThayDoi":null,"maDoiTuong":"HE03","tenCay":"keo","chieuCao":0}},{"type":"Feature","id":1271,"geometry":{"type":"Point","coordinates":[106.33401792100781,10.767577894450929]},"properties":{"OBJECTID":1271,"maNhanDang":"","phienBan":0,"ngayPhienBan":1787756708000,"giaTriDoChinhXacMatPhang":0,"nguyenNhanThayDoi":null,"maDoiTuong":"HE03","tenCay":"keo","chieuCao":0}},{"type":"Feature","id":1272,"geometry":{"type":"Point","coordinates":[106.33407603363983,10.767426856369637]},"properties":{"OBJECTID":1272,"maNhanDang":"","phienBan":0,"ngayPhienBan":1787756708000,"giaTriDoChinhXacMatPhang":0,"nguyenNhanThayDoi":null,"maDoiTuong":"HE03","tenCay":"keo","chieuCao":0}},{"type":"Feature","id":1273,"geometry":{"type":"Point","coordinates":[106.33455808418879,10.767552213753669]},"properties":{"OBJECTID":1273,"maNhanDang":"","phienBan":0,"ngayPhienBan":1787756708000,"giaTriDoChinhXacMatPhang":0,"nguyenNhanThayDoi":null,"maDoiTuong":"HE03","tenCay":"keo","chieuCao":0}},{"type":"Feature","id":1274,"geometry":{"type":"Point","coordinates":[106.33432530052546,10.767489828378752]},"properties":{"OBJECTID":1274,"maNhanDang":"","phienBan":0,"ngayPhienBan":1787756708000,"giaTriDoChinhXacMatPhang":0,"nguyenNhanThayDoi":null,"maDoiTuong":"HE03","tenCay":"keo","chieuCao":0}},{"type":"Feature","id":1275,"geometry":{"type":"Point","coordinates":[106.3343834139028,10.767338791150308]},"properties":{"OBJECTID":1275,"maNhanDang":"","phienBan":0,"ngayPhienBan":1787756708000,"giaTriDoChinhXacMatPhang":0,"nguyenNhanThayDoi":null,"maDoiTuong":"HE03","tenCay":"keo","chieuCao":0}},{"type":"Feature","id":1276,"geometry":{"type":"Point","coordinates":[106.33486546532384,10.767464147152074]},"properties":{"OBJECTID":1276,"maNhanDang":"","phienBan":0,"ngayPhienBan":1787756708000,"giaTriDoChinhXacMatPhang":0,"nguyenNhanThayDoi":null,"maDoiTuong":"HE03","tenCay":"keo","chieuCao":0}},{"type":"Feature","id":1277,"geometry":{"type":"Point","coordinates":[106.33463268167999,10.767401762911421]},"properties":{"OBJECTID":1277,"maNhanDang":"","phienBan":0,"ngayPhienBan":1787756708000,"giaTriDoChinhXacMatPhang":0,"nguyenNhanThayDoi":null,"maDoiTuong":"HE03","tenCay":"keo","chieuCao":0}},{"type":"Feature","id":1278,"geometry":{"type":"Point","coordinates":[106.33469079397049,10.767250724731056]},"properties":{"OBJECTID":1278,"maNhanDang":"","phienBan":0,"ngayPhienBan":1787756708000,"giaTriDoChinhXacMatPhang":0,"nguyenNhanThayDoi":null,"maDoiTuong":"HE03","tenCay":"keo","chieuCao":0}},{"type":"Feature","id":1279,"geometry":{"type":"Point","coordinates":[106.33517284535102,10.767376080256406]},"properties":{"OBJECTID":1279,"maNhanDang":"","phienBan":0,"ngayPhienBan":1787756708000,"giaTriDoChinhXacMatPhang":0,"nguyenNhanThayDoi":null,"maDoiTuong":"HE03","tenCay":"keo","chieuCao":0}},{"type":"Feature","id":1280,"geometry":{"type":"Point","coordinates":[106.33494006172489,10.767313696245907]},"properties":{"OBJECTID":1280,"maNhanDang":"","phienBan":0,"ngayPhienBan":1787756708000,"giaTriDoChinhXacMatPhang":0,"nguyenNhanThayDoi":null,"maDoiTuong":"HE03","tenCay":"keo","chieuCao":0}},{"type":"Feature","id":1281,"geometry":{"type":"Point","coordinates":[106.33499817475901,10.767162658014298]},"properties":{"OBJECTID":1281,"maNhanDang":"","phienBan":0,"ngayPhienBan":1787756708000,"giaTriDoChinhXacMatPhang":0,"nguyenNhanThayDoi":null,"maDoiTuong":"HE03","tenCay":"keo","chieuCao":0}},{"type":"Feature","id":1282,"geometry":{"type":"Point","coordinates":[106.33522374213129,10.767229276846887]},"properties":{"OBJECTID":1282,"maNhanDang":"","phienBan":0,"ngayPhienBan":1787756708000,"giaTriDoChinhXacMatPhang":0,"nguyenNhanThayDoi":null,"maDoiTuong":"HE03","tenCay":"keo","chieuCao":0}},{"type":"Feature","id":1283,"geometry":{"type":"Point","coordinates":[106.33382636227104,10.767249222437535]},"properties":{"OBJECTID":1283,"maNhanDang":"","phienBan":0,"ngayPhienBan":1787756708000,"giaTriDoChinhXacMatPhang":0,"nguyenNhanThayDoi":null,"maDoiTuong":"HE03","tenCay":"keo","chieuCao":0}},{"type":"Feature","id":1284,"geometry":{"type":"Point","coordinates":[106.33374574487138,10.767394754380261]},"properties":{"OBJECTID":1284,"maNhanDang":"","phienBan":0,"ngayPhienBan":1787756708000,"giaTriDoChinhXacMatPhang":0,"nguyenNhanThayDoi":null,"maDoiTuong":"HE03","tenCay":"keo","chieuCao":0}},{"type":"Feature","id":1285,"geometry":{"type":"Point","coordinates":[106.33413378201739,10.767161291202569]},"properties":{"OBJECTID":1285,"maNhanDang":"","phienBan":0,"ngayPhienBan":1787756708000,"giaTriDoChinhXacMatPhang":0,"nguyenNhanThayDoi":null,"maDoiTuong":"HE03","tenCay":"keo","chieuCao":0}},{"type":"Feature","id":1286,"geometry":{"type":"Point","coordinates":[106.33405316479069,10.767306823217085]},"properties":{"OBJECTID":1286,"maNhanDang":"","phienBan":0,"ngayPhienBan":1787756708000,"giaTriDoChinhXacMatPhang":0,"nguyenNhanThayDoi":null,"maDoiTuong":"HE03","tenCay":"keo","chieuCao":0}},{"type":"Feature","id":1287,"geometry":{"type":"Point","coordinates":[106.3341663618982,10.767021072645738]},"properties":{"OBJECTID":1287,"maNhanDang":"","phienBan":0,"ngayPhienBan":1787756708000,"giaTriDoChinhXacMatPhang":0,"nguyenNhanThayDoi":null,"maDoiTuong":"HE03","tenCay":"keo","chieuCao":0}},{"type":"Feature","id":1288,"geometry":{"type":"Point","coordinates":[106.33444120156869,10.767073358767599]},"properties":{"OBJECTID":1288,"maNhanDang":"","phienBan":0,"ngayPhienBan":1787756708000,"giaTriDoChinhXacMatPhang":0,"nguyenNhanThayDoi":null,"maDoiTuong":"HE03","tenCay":"keo","chieuCao":0}},{"type":"Feature","id":1289,"geometry":{"type":"Point","coordinates":[106.33436058451497,10.767218890853876]},"properties":{"OBJECTID":1289,"maNhanDang":"","phienBan":0,"ngayPhienBan":1787756708000,"giaTriDoChinhXacMatPhang":0,"nguyenNhanThayDoi":null,"maDoiTuong":"HE03","tenCay":"keo","chieuCao":0}},{"type":"Feature","id":1290,"geometry":{"type":"Point","coordinates":[106.33447378129836,10.766933140185646]},"properties":{"OBJECTID":1290,"maNhanDang":"","phienBan":0,"ngayPhienBan":1787756708000,"giaTriDoChinhXacMatPhang":0,"nguyenNhanThayDoi":null,"maDoiTuong":"HE03","tenCay":"keo","chieuCao":0}},{"type":"Feature","id":1291,"geometry":{"type":"Point","coordinates":[106.33474862092848,10.766985426940824]},"properties":{"OBJECTID":1291,"maNhanDang":"","phienBan":0,"ngayPhienBan":1787756708000,"giaTriDoChinhXacMatPhang":0,"nguyenNhanThayDoi":null,"maDoiTuong":"HE03","tenCay":"keo","chieuCao":0}},{"type":"Feature","id":1292,"geometry":{"type":"Point","coordinates":[106.33466800404771,10.767130959098878]},"properties":{"OBJECTID":1292,"maNhanDang":"","phienBan":0,"ngayPhienBan":1787756708000,"giaTriDoChinhXacMatPhang":0,"nguyenNhanThayDoi":null,"maDoiTuong":"HE03","tenCay":"keo","chieuCao":0}},{"type":"Feature","id":1293,"geometry":{"type":"Point","coordinates":[106.33437511502679,10.766704407119688]},"properties":{"OBJECTID":1293,"maNhanDang":"","phienBan":0,"ngayPhienBan":1787756708000,"giaTriDoChinhXacMatPhang":0,"nguyenNhanThayDoi":null,"maDoiTuong":"HE03","tenCay":"keo","chieuCao":0}},{"type":"Feature","id":1294,"geometry":{"type":"Point","coordinates":[106.33425195274381,10.766866346484631]},"properties":{"OBJECTID":1294,"maNhanDang":"","phienBan":0,"ngayPhienBan":1787756708000,"giaTriDoChinhXacMatPhang":0,"nguyenNhanThayDoi":null,"maDoiTuong":"HE03","tenCay":"keo","chieuCao":0}},{"type":"Feature","id":1295,"geometry":{"type":"Point","coordinates":[106.33866814755332,10.776178434959045]},"properties":{"OBJECTID":1295,"maNhanDang":"","phienBan":0,"ngayPhienBan":1787756708000,"giaTriDoChinhXacMatPhang":0,"nguyenNhanThayDoi":null,"maDoiTuong":"HE03","tenCay":"keo","chieuCao":0}},{"type":"Feature","id":1296,"geometry":{"type":"Point","coordinates":[106.33904356921515,10.776139116516553]},"properties":{"OBJECTID":1296,"maNhanDang":"","phienBan":0,"ngayPhienBan":1787756708000,"giaTriDoChinhXacMatPhang":0,"nguyenNhanThayDoi":null,"maDoiTuong":"HE03","tenCay":"keo","chieuCao":0}},{"type":"Feature","id":1297,"geometry":{"type":"Point","coordinates":[106.33887489383896,10.775902800125166]},"properties":{"OBJECTID":1297,"maNhanDang":"","phienBan":0,"ngayPhienBan":1787756708000,"giaTriDoChinhXacMatPhang":0,"nguyenNhanThayDoi":null,"maDoiTuong":"HE03","tenCay":"keo","chieuCao":0}},{"type":"Feature","id":1298,"geometry":{"type":"Point","coordinates":[106.33932056418838,10.776077796441529]},"properties":{"OBJECTID":1298,"maNhanDang":"","phienBan":0,"ngayPhienBan":1787756708000,"giaTriDoChinhXacMatPhang":0,"nguyenNhanThayDoi":null,"maDoiTuong":"HE03","tenCay":"keo","chieuCao":0}},{"type":"Feature","id":1299,"geometry":{"type":"Point","coordinates":[106.33945778827383,10.775871105309353]},"properties":{"OBJECTID":1299,"maNhanDang":"","phienBan":0,"ngayPhienBan":1787756708000,"giaTriDoChinhXacMatPhang":0,"nguyenNhanThayDoi":null,"maDoiTuong":"HE03","tenCay":"keo","chieuCao":0}},{"type":"Feature","id":1300,"geometry":{"type":"Point","coordinates":[106.33962796635366,10.776013440166114]},"properties":{"OBJECTID":1300,"maNhanDang":"","phienBan":0,"ngayPhienBan":1787756708000,"giaTriDoChinhXacMatPhang":0,"nguyenNhanThayDoi":null,"maDoiTuong":"HE03","tenCay":"keo","chieuCao":0}},{"type":"Feature","id":1301,"geometry":{"type":"Point","coordinates":[106.33917064378242,10.775875007406]},"properties":{"OBJECTID":1301,"maNhanDang":"","phienBan":0,"ngayPhienBan":1787756708000,"giaTriDoChinhXacMatPhang":0,"nguyenNhanThayDoi":null,"maDoiTuong":"HE03","tenCay":"keo","chieuCao":0}},{"type":"Feature","id":1302,"geometry":{"type":"Point","coordinates":[106.33935368848948,10.775639698554674]},"properties":{"OBJECTID":1302,"maNhanDang":"","phienBan":0,"ngayPhienBan":1787756708000,"giaTriDoChinhXacMatPhang":0,"nguyenNhanThayDoi":null,"maDoiTuong":"HE03","tenCay":"keo","chieuCao":0}},{"type":"Feature","id":1303,"geometry":{"type":"Point","coordinates":[106.33951809979435,10.775380473672653]},"properties":{"OBJECTID":1303,"maNhanDang":"","phienBan":0,"ngayPhienBan":1787756708000,"giaTriDoChinhXacMatPhang":0,"nguyenNhanThayDoi":null,"maDoiTuong":"HE03","tenCay":"keo","chieuCao":0}},{"type":"Feature","id":1304,"geometry":{"type":"Point","coordinates":[106.33965689288129,10.77505087540816]},"properties":{"OBJECTID":1304,"maNhanDang":"","phienBan":0,"ngayPhienBan":1787756708000,"giaTriDoChinhXacMatPhang":0,"nguyenNhanThayDoi":null,"maDoiTuong":"HE03","tenCay":"keo","chieuCao":0}},{"type":"Feature","id":1305,"geometry":{"type":"Point","coordinates":[106.33951883327835,10.774827922435371]},"properties":{"OBJECTID":1305,"maNhanDang":"","phienBan":0,"ngayPhienBan":1787756708000,"giaTriDoChinhXacMatPhang":0,"nguyenNhanThayDoi":null,"maDoiTuong":"HE03","tenCay":"keo","chieuCao":0}},{"type":"Feature","id":1306,"geometry":{"type":"Point","coordinates":[106.33935294383821,10.775148796091509]},"properties":{"OBJECTID":1306,"maNhanDang":"","phienBan":0,"ngayPhienBan":1787756708000,"giaTriDoChinhXacMatPhang":0,"nguyenNhanThayDoi":null,"maDoiTuong":"HE03","tenCay":"keo","chieuCao":0}},{"type":"Feature","id":1307,"geometry":{"type":"Point","coordinates":[106.33917340467546,10.775444521897972]},"properties":{"OBJECTID":1307,"maNhanDang":"","phienBan":0,"ngayPhienBan":1787756708000,"giaTriDoChinhXacMatPhang":0,"nguyenNhanThayDoi":null,"maDoiTuong":"HE03","tenCay":"keo","chieuCao":0}},{"type":"Feature","id":1308,"geometry":{"type":"Point","coordinates":[106.3390207658518,10.775702425046166]},"properties":{"OBJECTID":1308,"maNhanDang":"","phienBan":0,"ngayPhienBan":1787756708000,"giaTriDoChinhXacMatPhang":0,"nguyenNhanThayDoi":null,"maDoiTuong":"HE03","tenCay":"keo","chieuCao":0}},{"type":"Feature","id":1309,"geometry":{"type":"Point","coordinates":[106.33837088262996,10.776257809831035]},"properties":{"OBJECTID":1309,"maNhanDang":"","phienBan":0,"ngayPhienBan":1787756708000,"giaTriDoChinhXacMatPhang":0,"nguyenNhanThayDoi":null,"maDoiTuong":"HE03","tenCay":"keo","chieuCao":0}},{"type":"Feature","id":1310,"geometry":{"type":"Point","coordinates":[106.33851820261894,10.775999073547244]},"properties":{"OBJECTID":1310,"maNhanDang":"","phienBan":0,"ngayPhienBan":1787756708000,"giaTriDoChinhXacMatPhang":0,"nguyenNhanThayDoi":null,"maDoiTuong":"HE03","tenCay":"keo","chieuCao":0}},{"type":"Feature","id":1311,"geometry":{"type":"Point","coordinates":[106.33868766089334,10.77576175302584]},"properties":{"OBJECTID":1311,"maNhanDang":"","phienBan":0,"ngayPhienBan":1787756708000,"giaTriDoChinhXacMatPhang":0,"nguyenNhanThayDoi":null,"maDoiTuong":"HE03","tenCay":"keo","chieuCao":0}},{"type":"Feature","id":1312,"geometry":{"type":"Point","coordinates":[106.33885868468876,10.775437118823325]},"properties":{"OBJECTID":1312,"maNhanDang":"","phienBan":0,"ngayPhienBan":1787756708000,"giaTriDoChinhXacMatPhang":0,"nguyenNhanThayDoi":null,"maDoiTuong":"HE03","tenCay":"keo","chieuCao":0}},{"type":"Feature","id":1313,"geometry":{"type":"Point","coordinates":[106.33903661474912,10.775152624244324]},"properties":{"OBJECTID":1313,"maNhanDang":"","phienBan":0,"ngayPhienBan":1787756708000,"giaTriDoChinhXacMatPhang":0,"nguyenNhanThayDoi":null,"maDoiTuong":"HE03","tenCay":"keo","chieuCao":0}},{"type":"Feature","id":1314,"geometry":{"type":"Point","coordinates":[106.33919076676432,10.774905618935533]},"properties":{"OBJECTID":1314,"maNhanDang":"","phienBan":0,"ngayPhienBan":1787756708000,"giaTriDoChinhXacMatPhang":0,"nguyenNhanThayDoi":null,"maDoiTuong":"HE03","tenCay":"keo","chieuCao":0}},{"type":"Feature","id":1315,"geometry":{"type":"Point","coordinates":[106.33935854757922,10.774619259347318]},"properties":{"OBJECTID":1315,"maNhanDang":"","phienBan":0,"ngayPhienBan":1787756708000,"giaTriDoChinhXacMatPhang":0,"nguyenNhanThayDoi":null,"maDoiTuong":"HE03","tenCay":"keo","chieuCao":0}},{"type":"Feature","id":1316,"geometry":{"type":"Point","coordinates":[106.33906133534983,10.774688637178279]},"properties":{"OBJECTID":1316,"maNhanDang":"","phienBan":0,"ngayPhienBan":1787756708000,"giaTriDoChinhXacMatPhang":0,"nguyenNhanThayDoi":null,"maDoiTuong":"HE03","tenCay":"keo","chieuCao":0}},{"type":"Feature","id":1317,"geometry":{"type":"Point","coordinates":[106.33891570828312,10.774942337350868]},"properties":{"OBJECTID":1317,"maNhanDang":"","phienBan":0,"ngayPhienBan":1787756708000,"giaTriDoChinhXacMatPhang":0,"nguyenNhanThayDoi":null,"maDoiTuong":"HE03","tenCay":"keo","chieuCao":0}},{"type":"Feature","id":1318,"geometry":{"type":"Point","coordinates":[106.33872736785359,10.775206984974691]},"properties":{"OBJECTID":1318,"maNhanDang":"","phienBan":0,"ngayPhienBan":1787756708000,"giaTriDoChinhXacMatPhang":0,"nguyenNhanThayDoi":null,"maDoiTuong":"HE03","tenCay":"keo","chieuCao":0}},{"type":"Feature","id":1319,"geometry":{"type":"Point","coordinates":[106.33852564519292,10.775530017488435]},"properties":{"OBJECTID":1319,"maNhanDang":"","phienBan":0,"ngayPhienBan":1787756708000,"giaTriDoChinhXacMatPhang":0,"nguyenNhanThayDoi":null,"maDoiTuong":"HE03","tenCay":"keo","chieuCao":0}},{"type":"Feature","id":1320,"geometry":{"type":"Point","coordinates":[106.33832043016309,10.775826247274857]},"properties":{"OBJECTID":1320,"maNhanDang":"","phienBan":0,"ngayPhienBan":1787756708000,"giaTriDoChinhXacMatPhang":0,"nguyenNhanThayDoi":null,"maDoiTuong":"HE03","tenCay":"keo","chieuCao":0}},{"type":"Feature","id":1321,"geometry":{"type":"Point","coordinates":[106.33816618813614,10.776090597502677]},"properties":{"OBJECTID":1321,"maNhanDang":"","phienBan":0,"ngayPhienBan":1787756708000,"giaTriDoChinhXacMatPhang":0,"nguyenNhanThayDoi":null,"maDoiTuong":"HE03","tenCay":"keo","chieuCao":0}},{"type":"Feature","id":1322,"geometry":{"type":"Point","coordinates":[106.33801206276434,10.776342635423884]},"properties":{"OBJECTID":1322,"maNhanDang":"","phienBan":0,"ngayPhienBan":1787756708000,"giaTriDoChinhXacMatPhang":0,"nguyenNhanThayDoi":null,"maDoiTuong":"HE03","tenCay":"keo","chieuCao":0}},{"type":"Feature","id":1323,"geometry":{"type":"Point","coordinates":[106.33788071386347,10.776069019547492]},"properties":{"OBJECTID":1323,"maNhanDang":"","phienBan":0,"ngayPhienBan":1787756708000,"giaTriDoChinhXacMatPhang":0,"nguyenNhanThayDoi":null,"maDoiTuong":"HE03","tenCay":"keo","chieuCao":0}},{"type":"Feature","id":1324,"geometry":{"type":"Point","coordinates":[106.33805019853182,10.775845482285185]},"properties":{"OBJECTID":1324,"maNhanDang":"","phienBan":0,"ngayPhienBan":1787756708000,"giaTriDoChinhXacMatPhang":0,"nguyenNhanThayDoi":null,"maDoiTuong":"HE03","tenCay":"keo","chieuCao":0}},{"type":"Feature","id":1325,"geometry":{"type":"Point","coordinates":[106.33820778064154,10.775592834756223]},"properties":{"OBJECTID":1325,"maNhanDang":"","phienBan":0,"ngayPhienBan":1787756708000,"giaTriDoChinhXacMatPhang":0,"nguyenNhanThayDoi":null,"maDoiTuong":"HE03","tenCay":"keo","chieuCao":0}},{"type":"Feature","id":1326,"geometry":{"type":"Point","coordinates":[106.33839256426334,10.775313300952899]},"properties":{"OBJECTID":1326,"maNhanDang":"","phienBan":0,"ngayPhienBan":1787756708000,"giaTriDoChinhXacMatPhang":0,"nguyenNhanThayDoi":null,"maDoiTuong":"HE03","tenCay":"keo","chieuCao":0}},{"type":"Feature","id":1327,"geometry":{"type":"Point","coordinates":[106.3385790051446,10.77499178659648]},"properties":{"OBJECTID":1327,"maNhanDang":"","phienBan":0,"ngayPhienBan":1787756708000,"giaTriDoChinhXacMatPhang":0,"nguyenNhanThayDoi":null,"maDoiTuong":"HE03","tenCay":"keo","chieuCao":0}},{"type":"Feature","id":1328,"geometry":{"type":"Point","coordinates":[106.33875842853516,10.774645712067743]},"properties":{"OBJECTID":1328,"maNhanDang":"","phienBan":0,"ngayPhienBan":1787756708000,"giaTriDoChinhXacMatPhang":0,"nguyenNhanThayDoi":null,"maDoiTuong":"HE03","tenCay":"keo","chieuCao":0}},{"type":"Feature","id":1329,"geometry":{"type":"Point","coordinates":[106.33893123756475,10.774390282305205]},"properties":{"OBJECTID":1329,"maNhanDang":"","phienBan":0,"ngayPhienBan":1787756708000,"giaTriDoChinhXacMatPhang":0,"nguyenNhanThayDoi":null,"maDoiTuong":"HE03","tenCay":"keo","chieuCao":0}},{"type":"Feature","id":1330,"geometry":{"type":"Point","coordinates":[106.3386544136691,10.774430205236362]},"properties":{"OBJECTID":1330,"maNhanDang":"","phienBan":0,"ngayPhienBan":1787756708000,"giaTriDoChinhXacMatPhang":0,"nguyenNhanThayDoi":null,"maDoiTuong":"HE03","tenCay":"keo","chieuCao":0}},{"type":"Feature","id":1331,"geometry":{"type":"Point","coordinates":[106.33843484929012,10.774711405468194]},"properties":{"OBJECTID":1331,"maNhanDang":"","phienBan":0,"ngayPhienBan":1787756708000,"giaTriDoChinhXacMatPhang":0,"nguyenNhanThayDoi":null,"maDoiTuong":"HE03","tenCay":"keo","chieuCao":0}},{"type":"Feature","id":1332,"geometry":{"type":"Point","coordinates":[106.33820931420667,10.775090398801488]},"properties":{"OBJECTID":1332,"maNhanDang":"","phienBan":0,"ngayPhienBan":1787756708000,"giaTriDoChinhXacMatPhang":0,"nguyenNhanThayDoi":null,"maDoiTuong":"HE03","tenCay":"keo","chieuCao":0}},{"type":"Feature","id":1333,"geometry":{"type":"Point","coordinates":[106.3380548141196,10.775356874998362]},"properties":{"OBJECTID":1333,"maNhanDang":"","phienBan":0,"ngayPhienBan":1787756708000,"giaTriDoChinhXacMatPhang":0,"nguyenNhanThayDoi":null,"maDoiTuong":"HE03","tenCay":"keo","chieuCao":0}},{"type":"Feature","id":1334,"geometry":{"type":"Point","coordinates":[106.33786811149777,10.775651812677477]},"properties":{"OBJECTID":1334,"maNhanDang":"","phienBan":0,"ngayPhienBan":1787756708000,"giaTriDoChinhXacMatPhang":0,"nguyenNhanThayDoi":null,"maDoiTuong":"HE03","tenCay":"keo","chieuCao":0}},{"type":"Feature","id":1335,"geometry":{"type":"Point","coordinates":[106.33780106952383,10.775289593287445]},"properties":{"OBJECTID":1335,"maNhanDang":"","phienBan":0,"ngayPhienBan":1787756708000,"giaTriDoChinhXacMatPhang":0,"nguyenNhanThayDoi":null,"maDoiTuong":"HE03","tenCay":"keo","chieuCao":0}},{"type":"Feature","id":1336,"geometry":{"type":"Point","coordinates":[106.33811327190313,10.774796169417131]},"properties":{"OBJECTID":1336,"maNhanDang":"","phienBan":0,"ngayPhienBan":1787756708000,"giaTriDoChinhXacMatPhang":0,"nguyenNhanThayDoi":null,"maDoiTuong":"HE03","tenCay":"keo","chieuCao":0}},{"type":"Feature","id":1337,"geometry":{"type":"Point","coordinates":[106.33834064778758,10.774425303218399]},"properties":{"OBJECTID":1337,"maNhanDang":"","phienBan":0,"ngayPhienBan":1787756708000,"giaTriDoChinhXacMatPhang":0,"nguyenNhanThayDoi":null,"maDoiTuong":"HE03","tenCay":"keo","chieuCao":0}},{"type":"Feature","id":1338,"geometry":{"type":"Point","coordinates":[106.33794771287315,10.775007730787559]},"properties":{"OBJECTID":1338,"maNhanDang":"","phienBan":0,"ngayPhienBan":1787756708000,"giaTriDoChinhXacMatPhang":0,"nguyenNhanThayDoi":null,"maDoiTuong":"HE03","tenCay":"keo","chieuCao":0}},{"type":"Feature","id":1339,"geometry":{"type":"Point","coordinates":[106.33848478587215,10.774164206978009]},"properties":{"OBJECTID":1339,"maNhanDang":"","phienBan":0,"ngayPhienBan":1787756708000,"giaTriDoChinhXacMatPhang":0,"nguyenNhanThayDoi":null,"maDoiTuong":"HE03","tenCay":"keo","chieuCao":0}},{"type":"Feature","id":1340,"geometry":{"type":"Point","coordinates":[106.33816953296301,10.77420661095568]},"properties":{"OBJECTID":1340,"maNhanDang":"","phienBan":0,"ngayPhienBan":1787756708000,"giaTriDoChinhXacMatPhang":0,"nguyenNhanThayDoi":null,"maDoiTuong":"HE03","tenCay":"keo","chieuCao":0}},{"type":"Feature","id":1341,"geometry":{"type":"Point","coordinates":[106.33799450209091,10.774474631404471]},"properties":{"OBJECTID":1341,"maNhanDang":"","phienBan":0,"ngayPhienBan":1787756708000,"giaTriDoChinhXacMatPhang":0,"nguyenNhanThayDoi":null,"maDoiTuong":"HE03","tenCay":"keo","chieuCao":0}},{"type":"Feature","id":1342,"geometry":{"type":"Point","coordinates":[106.33780900485165,10.774748255332611]},"properties":{"OBJECTID":1342,"maNhanDang":"","phienBan":0,"ngayPhienBan":1787756708000,"giaTriDoChinhXacMatPhang":0,"nguyenNhanThayDoi":null,"maDoiTuong":"HE03","tenCay":"keo","chieuCao":0}},{"type":"Feature","id":1343,"geometry":{"type":"Point","coordinates":[106.33780657853758,10.774329955047168]},"properties":{"OBJECTID":1343,"maNhanDang":"","phienBan":0,"ngayPhienBan":1787756708000,"giaTriDoChinhXacMatPhang":0,"nguyenNhanThayDoi":null,"maDoiTuong":"HE03","tenCay":"keo","chieuCao":0}},{"type":"Feature","id":1344,"geometry":{"type":"Point","coordinates":[106.33796122949116,10.774095647431004]},"properties":{"OBJECTID":1344,"maNhanDang":"","phienBan":0,"ngayPhienBan":1787756708000,"giaTriDoChinhXacMatPhang":0,"nguyenNhanThayDoi":null,"maDoiTuong":"HE03","tenCay":"keo","chieuCao":0}},{"type":"Feature","id":1345,"geometry":{"type":"Point","coordinates":[106.33790110299637,10.773860061985472]},"properties":{"OBJECTID":1345,"maNhanDang":"","phienBan":0,"ngayPhienBan":1787756708000,"giaTriDoChinhXacMatPhang":0,"nguyenNhanThayDoi":null,"maDoiTuong":"HE03","tenCay":"keo","chieuCao":0}},{"type":"Feature","id":1346,"geometry":{"type":"Point","coordinates":[106.33775137143098,10.773988301293684]},"properties":{"OBJECTID":1346,"maNhanDang":"","phienBan":0,"ngayPhienBan":1787756708000,"giaTriDoChinhXacMatPhang":0,"nguyenNhanThayDoi":null,"maDoiTuong":"HE03","tenCay":"keo","chieuCao":0}}]
}