{
  "type" : "FeatureCollection",
  "features" : [{"type":"Feature","id":12,"geometry":{"type":"LineString","coordinates":[[106.34491713084741,10.786060410079291],[106.34817220400785,10.787850482315667],[106.35125041193989,10.789550068825427],[106.35135477703862,10.789611053474818],[106.35139815019831,10.789623205233907],[106.35142086510679,10.789627242184578],[106.35146729577093,10.789618993394932],[106.35150648063534,10.789601580298061],[106.35153014184668,10.789562782950146],[106.35173623509444,10.789245250781542],[106.35231868428438,10.788335232055051],[106.352349739079,10.78829817782737],[106.35235588864712,10.788275729815766],[106.35235170029111,10.788246164988193],[106.35234543278138,10.788208445644608],[106.35232885962526,10.788178903108086],[106.35231539891512,10.788157514884171],[106.35226423426343,10.788126556933637],[106.3492382902454,10.786442280929112],[106.34838705176352,10.785969397815702],[106.34654117445959,10.784959716771608],[106.34583850849647,10.784574633323226]]},"properties":{"OBJECTID":12,"maNhanDang":" ","phienBan":0,"ngayPhienBan":1787739118000,"giaTriDoChinhXacMatPhang":0,"nguyenNhanThayDoi":null,"maDoiTuong":"KG05","loaiTrangThaiDuongBoNuoc":1,"loaiDuongBoNuoc":"Phá","SHAPE_Length":1822.9223980144329}},{"type":"Feature","id":13,"geometry":{"type":"LineString","coordinates":[[106.35609940059945,10.788239209230795],[106.35609600033939,10.788192412680447],[106.35607750640187,10.78816187961973],[106.35597404888154,10.788096743198208],[106.355030951318,10.787576691626509],[106.35484938527831,10.787475997489754],[106.35357837941964,10.786774236489414],[106.35350391174164,10.786737628364184],[106.35345845553456,10.786741799871418],[106.35341309072099,10.786790892100571],[106.35336362533651,10.78685632751967],[106.35329361641566,10.786983057270232],[106.35244850315475,10.788289821633558],[106.35022317883814,10.791726806224109],[106.35018203509379,10.791820810759814],[106.35014080037239,10.791869894549951],[106.35012853041798,10.791935257369623],[106.35014100292248,10.791971984685089],[106.35014152341454,10.79199097330933],[106.35270256303538,10.793321352135564],[106.35274804282784,10.793329431138346],[106.35277696717924,10.79332529008504],[106.35282236558095,10.793292533046531],[106.35286359819989,10.793243448920023],[106.35292126779257,10.793145328971185],[106.35320776821176,10.792709824653821],[106.35609940059945,10.788239209230795]]},"properties":{"OBJECTID":13,"maNhanDang":" ","phienBan":0,"ngayPhienBan":1787739118000,"giaTriDoChinhXacMatPhang":0,"nguyenNhanThayDoi":null,"maDoiTuong":"KG05","loaiTrangThaiDuongBoNuoc":1,"loaiDuongBoNuoc":"Phá","SHAPE_Length":2018.9138529682505}},{"type":"Feature","id":14,"geometry":{"type":"LineString","coordinates":[[106.34588251630983,10.784503667419413],[106.34602258421697,10.78457851926683],[106.34927374862215,10.786353287168435],[106.34928957686923,10.786394745518496],[106.35232137183236,10.78806469600452],[106.35236459729778,10.788086353591002],[106.35238690051531,10.788094016702342],[106.35240725182801,10.788101406957304],[106.35242340474271,10.788098073762992],[106.35244428425968,10.788090601458579],[106.35246599461948,10.788080652121092],[106.3525007609944,10.788051411085821],[106.35313727781084,10.787091457414322],[106.3533222554022,10.786752603475678],[106.35332933228904,10.786700902522885],[106.35332407903071,10.786638079905583],[106.35330106086376,10.786605662296566],[106.35320944424555,10.78654420317913],[106.3467983701386,10.783026777009804]]},"properties":{"OBJECTID":14,"maNhanDang":" ","phienBan":0,"ngayPhienBan":1787739118000,"giaTriDoChinhXacMatPhang":0,"nguyenNhanThayDoi":null,"maDoiTuong":"KG05","loaiTrangThaiDuongBoNuoc":1,"loaiDuongBoNuoc":"Phá","SHAPE_Length":1830.7002469903009}},{"type":"Feature","id":15,"geometry":{"type":"LineString","coordinates":[[106.34293097132029,10.789263159242029],[106.34599622860064,10.790872882096696],[106.34934005950545,10.792622726919264],[106.34941408639695,10.792664332872919],[106.34946429899283,10.792682500145444],[106.3494854258979,10.792682459213529],[106.34951179832719,10.792664143566883],[106.34954340409874,10.792622332977039],[106.3495881435928,10.792543969643029],[106.35032838198833,10.791411732610749],[106.35039154492384,10.791302022778211],[106.35039409773781,10.791257661064186],[106.35038344629845,10.791213323159926],[106.35035169913952,10.791184683317415],[106.3502829612133,10.79114567834225],[106.35009792242309,10.791054712664012],[106.3493987480428,10.790686599719022],[106.34702700863828,10.789441149546464],[106.34385395581587,10.787774822405231]]},"properties":{"OBJECTID":15,"maNhanDang":" ","phienBan":0,"ngayPhienBan":1787739118000,"giaTriDoChinhXacMatPhang":0,"nguyenNhanThayDoi":null,"maDoiTuong":"KG05","loaiTrangThaiDuongBoNuoc":1,"loaiDuongBoNuoc":"Phá","SHAPE_Length":1812.2494438373565}},{"type":"Feature","id":16,"geometry":{"type":"LineString","coordinates":[[106.34197657748463,10.79079772417909],[106.34493266939691,10.792350121750818],[106.34844710732455,10.794213095212738],[106.34847608674096,10.794222834132617],[106.34850358214941,10.794222005227947],[106.34853490283838,10.794185701226928],[106.34941159062878,10.792814148245316],[106.34941946668297,10.792790649994492],[106.34941412290027,10.792759347881391],[106.34940086687328,10.792733281346871],[106.34936648394149,10.792707255736939],[106.34928718749089,10.792670880229661],[106.34917793513425,10.792611824692113],[106.34595344268587,10.790932309406418],[106.34289265928626,10.789324937277131]]},"properties":{"OBJECTID":16,"maNhanDang":" ","phienBan":0,"ngayPhienBan":1787739118000,"giaTriDoChinhXacMatPhang":0,"nguyenNhanThayDoi":null,"maDoiTuong":"KG05","loaiTrangThaiDuongBoNuoc":1,"loaiDuongBoNuoc":"Phá","SHAPE_Length":1808.1864822109781}},{"type":"Feature","id":17,"geometry":{"type":"LineString","coordinates":[[106.34646660565446,10.795150218689511],[106.34736966348213,10.795610035402195],[106.34743841425376,10.795654259399495],[106.34747278191355,10.795672457574183],[106.34750711348617,10.795672391261895],[106.34754140896538,10.79565406046299],[106.34758624554105,10.795625270601775],[106.34761522313326,10.795588685515954],[106.34838973126634,10.794414197628564],[106.3484080986683,10.794354150004274],[106.34840270848638,10.794299364967909],[106.34838676512688,10.794249820594578],[106.34834972056973,10.794213363139901],[106.34717995585333,10.793624443716935],[106.34488988490446,10.792409550734801],[106.34193360036545,10.790857051888196]]},"properties":{"OBJECTID":17,"maNhanDang":" ","phienBan":0,"ngayPhienBan":1787739118000,"giaTriDoChinhXacMatPhang":0,"nguyenNhanThayDoi":null,"maDoiTuong":"KG05","loaiTrangThaiDuongBoNuoc":1,"loaiDuongBoNuoc":"Phá","SHAPE_Length":1116.7251516974279}},{"type":"Feature","id":18,"geometry":{"type":"LineString","coordinates":[[106.35690988464674,10.791952085130205],[106.35605655286011,10.793213503858448],[106.3559791607656,10.793336634073427],[106.35592571317137,10.793416494401427],[106.35586423076732,10.793484192294462],[106.3558217148706,10.793555241587205],[106.35574553086254,10.793666194840492],[106.35570130851063,10.793738120815563],[106.35565211774613,10.793789358157943],[106.35563049598161,10.793828164465422],[106.35557826683925,10.793901932370431],[106.35550701386862,10.7940140928318],[106.35533060224083,10.794304117359951],[106.3551344774656,10.79457705860664],[106.35479399833841,10.795094461820172],[106.35443690950595,10.795655507093532],[106.35427591566211,10.795879863654937],[106.35413072101561,10.796091278805724],[106.35395006923206,10.796345506942783],[106.35381533010113,10.796543305763448],[106.35364415061152,10.79677331804562],[106.3535166849058,10.796970368430594],[106.35338304034437,10.797149647269348]]},"properties":{"OBJECTID":18,"maNhanDang":" ","phienBan":0,"ngayPhienBan":1787739118000,"giaTriDoChinhXacMatPhang":0,"nguyenNhanThayDoi":null,"maDoiTuong":"KG05","loaiTrangThaiDuongBoNuoc":1,"loaiDuongBoNuoc":"Phá","SHAPE_Length":692.73043262135411}},{"type":"Feature","id":19,"geometry":{"type":"LineString","coordinates":[[106.35337344019983,10.797059675970775],[106.35378968529439,10.796431459572833],[106.35424849626398,10.795757708860245],[106.35470151175326,10.795105186179079],[106.3550209269669,10.794609222378019],[106.35539169337633,10.79407097091957],[106.35544099227711,10.793975955309079],[106.35544733138534,10.793935889681503],[106.35543672970336,10.793905867347108]]},"properties":{"OBJECTID":19,"maNhanDang":" ","phienBan":0,"ngayPhienBan":1787739118000,"giaTriDoChinhXacMatPhang":0,"nguyenNhanThayDoi":null,"maDoiTuong":"KG05","loaiTrangThaiDuongBoNuoc":1,"loaiDuongBoNuoc":"Phá","SHAPE_Length":417.32673704188204}},{"type":"Feature","id":20,"geometry":{"type":"LineString","coordinates":[[106.35858805615867,10.789447495076661],[106.35858648053546,10.789451546711787],[106.35857052730891,10.789483230442777],[106.35853755100506,10.789512969484178],[106.35847964462208,10.789591224255227],[106.35819899433521,10.790027681641714],[106.35814308040241,10.790100987042216],[106.35786064650613,10.790536756934415],[106.35761487055488,10.790891243391878],[106.35705370566903,10.791747972990656],[106.35690988464674,10.791952085130205]]},"properties":{"OBJECTID":20,"maNhanDang":" ","phienBan":0,"ngayPhienBan":1787739118000,"giaTriDoChinhXacMatPhang":0,"nguyenNhanThayDoi":null,"maDoiTuong":"KG05","loaiTrangThaiDuongBoNuoc":1,"loaiDuongBoNuoc":"Phá","SHAPE_Length":332.55781944016053}},{"type":"Feature","id":21,"geometry":{"type":"LineString","coordinates":[[106.3519160378099,10.78167157330034],[106.35112319962025,10.781239555436686],[106.35034409118704,10.780816186323058],[106.35031603077334,10.780784154317635],[106.35031709478228,10.780755383899113],[106.35034057852673,10.780739847591628],[106.35037642005551,10.780743097964995],[106.35045712227739,10.78078166760549],[106.35062864652305,10.780878702636906],[106.35162034152005,10.781429164675568],[106.35195325043489,10.78161104224502]]},"properties":{"OBJECTID":21,"maNhanDang":" ","phienBan":0,"ngayPhienBan":1787739118000,"giaTriDoChinhXacMatPhang":0,"nguyenNhanThayDoi":null,"maDoiTuong":"KG05","loaiTrangThaiDuongBoNuoc":1,"loaiDuongBoNuoc":"Phá","SHAPE_Length":408.51089999594444}},{"type":"Feature","id":22,"geometry":{"type":"LineString","coordinates":[[106.34767971431835,10.781604149619151],[106.34692231508825,10.782826289663616],[106.34692098383981,10.782828893019046],[106.34692009235773,10.782831677788623],[106.34691966423908,10.782834570260977],[106.34691971081592,10.782837493873895],[106.34692023085539,10.782840371240894],[106.34692121059233,10.782843126199595],[106.34692262409361,10.7828456858277],[106.34692443394459,10.782847982373212],[106.3469265922395,10.782849955047789],[106.34692904184941,10.78285155163578],[106.34699734274052,10.782888983401342],[106.34700017452366,10.782890240389936],[106.34700317702485,10.782891004590619],[106.34700626516931,10.782891254350046],[106.34700935145564,10.782890982591381],[106.34701234843503,10.782890197014801],[106.34701517118918,10.78288891987933],[106.3470177397364,10.782887187372129],[106.34701998129786,10.782885048583152],[106.34702183235973,10.782882564114194],[106.34777509375462,10.781658157122338],[106.34777641421245,10.781655554740398],[106.34777729613778,10.781652772976869],[106.34777771628238,10.781649885161233],[106.34777766357089,10.78164696741859],[106.34777713939283,10.781644096662941],[106.34777615756596,10.781641348569671],[106.34777474397201,10.781638795580688],[106.34777293587442,10.781636504994797],[106.34777078093607,10.781634537193652],[106.34776833596284,10.781632944050047],[106.34770417466062,10.781597782777762],[106.34770134908771,10.781596527406446],[106.34769835324305,10.781595762727369],[106.34769527166723,10.78159551031923],[106.34769219132016,10.781595777304808],[106.34768919912705,10.781596556149958],[106.34768637952547,10.781597824876222],[106.34768381208259,10.781599547681042],[106.34768156924983,10.781601675948082],[106.34767971431835,10.781604149619151]]},"properties":{"OBJECTID":22,"maNhanDang":" ","phienBan":0,"ngayPhienBan":1787739118000,"giaTriDoChinhXacMatPhang":0,"nguyenNhanThayDoi":null,"maDoiTuong":"KG05","loaiTrangThaiDuongBoNuoc":1,"loaiDuongBoNuoc":"Phá","SHAPE_Length":346.18182458226488}},{"type":"Feature","id":23,"geometry":{"type":"LineString","coordinates":[[106.34787985942482,10.781694062726837],[106.34781906305948,10.781660744766626],[106.34781623735347,10.78165948953002],[106.34781324139779,10.781658725015244],[106.34781015973925,10.781658472797155],[106.34780707934326,10.781658739993425],[106.34780408713958,10.781659519063691],[106.34780126756917,10.781660788022338],[106.34779870020122,10.781662511058942],[106.34779645748768,10.781664639548854],[106.34779460271865,10.781667113425403],[106.34703720382053,10.78288925192137],[106.347035872614,10.782891855284339],[106.34703498116615,10.782894640051891],[106.34703455307226,10.782897532515411],[106.34703459966336,10.782900456115737],[106.34703511970622,10.782903333469557],[106.3470360994361,10.782906088417642],[106.34703751292102,10.782908648040651],[106.34703932274817,10.782910944589213],[106.34704148101413,10.782912917277134],[106.34704393059285,10.782914513890329],[106.34710886653507,10.782950100526259],[106.34711169817957,10.782951357700073],[106.34711470057593,10.782952122103614],[106.34711778865133,10.782952372077526],[106.34712087490527,10.782952100538809],[106.34712387188884,10.782951315181501],[106.34712669468263,10.782950038258676],[106.34712926330285,10.782948305951898],[106.34713150496775,10.782946167346019],[106.34713335615983,10.782943683038361],[106.3478866172274,10.78171927579602],[106.34788793768291,10.781716673413333],[106.34788881960607,10.781713891649519],[106.34788923974872,10.781711003833989],[106.34788918703561,10.78170808609176],[106.34788866285626,10.781705215336737],[106.34788768102845,10.781702467244209],[106.34788626743392,10.781699914255984],[106.34788445933609,10.781697623670777],[106.34788230439779,10.781695655870154],[106.34787985942482,10.781694062726837]]},"properties":{"OBJECTID":23,"maNhanDang":" ","phienBan":0,"ngayPhienBan":1787739118000,"giaTriDoChinhXacMatPhang":0,"nguyenNhanThayDoi":null,"maDoiTuong":"KG05","loaiTrangThaiDuongBoNuoc":1,"loaiDuongBoNuoc":"Phá","SHAPE_Length":345.34015182379312}},{"type":"Feature","id":24,"geometry":{"type":"LineString","coordinates":[[106.34790605662592,10.781728192445687],[106.34714865622813,10.782950333005275],[106.34714732517675,10.782952936505652],[106.34714643390393,10.782955721383519],[106.34714600600027,10.782958613927459],[106.34714605279174,10.782961537576298],[106.34714657303982,10.782964414945567],[106.34714755297436,10.782967169875745],[106.347148966658,10.78296972944808],[106.34715077667272,10.782972025914647],[106.34715293511023,10.782973998491521],[106.34715538484001,10.782975594967635],[106.34722766040797,10.783015203313276],[106.34723049205479,10.783016460476084],[106.34723349445096,10.783017224870791],[106.3472365825245,10.783017474838504],[106.34723966877579,10.783017203296462],[106.34724266575682,10.783016417938727],[106.34724548854905,10.783015141018176],[106.34724805716951,10.783013408715959],[106.34725029883712,10.783011270116338],[106.34725215003493,10.783008785815884],[106.34800541075379,10.781784378306718],[106.34800673122501,10.7817817759263],[106.3480076131606,10.781778994161082],[106.34800803331169,10.781776106341631],[106.3480079806026,10.781773188594237],[106.34800745642282,10.781770317834116],[106.34800647459032,10.781767569737854],[106.34800506098738,10.781765016748466],[106.34800325287819,10.781762726165731],[106.34800109792663,10.781760758372075],[106.34799865293972,10.781759165240834],[106.34793051514359,10.78172182558972],[106.34792768973433,10.781720570431505],[106.34792469409103,10.78171980591808],[106.34792161274291,10.781719553622024],[106.34791853263755,10.781719820662468],[106.34791554068751,10.781720599504229],[106.34791272131778,10.781721868170431],[106.34791015408362,10.781723590862621],[106.34790791142568,10.781725718970925],[106.34790605662592,10.781728192445687]]},"properties":{"OBJECTID":24,"maNhanDang":" ","phienBan":0,"ngayPhienBan":1787739118000,"giaTriDoChinhXacMatPhang":0,"nguyenNhanThayDoi":null,"maDoiTuong":"KG05","loaiTrangThaiDuongBoNuoc":1,"loaiDuongBoNuoc":"Phá","SHAPE_Length":347.17574078773799}},{"type":"Feature","id":25,"geometry":{"type":"LineString","coordinates":[[106.34802504605423,10.781793403061865],[106.34726764600036,10.783015542082204],[106.3472663148726,10.783018145459396],[106.34726542348912,10.783020930223195],[106.34726499544188,10.783023822670168],[106.34726504205986,10.783026746246865],[106.34726556210924,10.783029623575933],[106.34726654182606,10.783032378504045],[106.34726795528044,10.783034938117417],[106.34726976506298,10.783037234671598],[106.34727192327473,10.783039207384439],[106.34727437279503,10.783040804044793],[106.34734033219924,10.783076952811689],[106.34734316414908,10.783078210020351],[106.34734616685647,10.783078974390582],[106.34734925523428,10.783079224262575],[106.34735234176775,10.78307895255576],[106.3473553389944,10.783078166969439],[106.34735816198243,10.783076889764613],[106.34736073073734,10.783075157133187],[106.34736297246887,10.783073018172391],[106.34736482365349,10.783070533493543],[106.34811808404162,10.781846125731326],[106.34811940416195,10.781843523354249],[106.34812028576462,10.781840741653179],[106.34812070561091,10.781837853952844],[106.34812065263378,10.781834936372073],[106.34812012822971,10.781832065817337],[106.3481191462218,10.781829317955513],[106.34811773249548,10.781826765219336],[106.34811592431608,10.781824474898091],[106.34811376934664,10.781822507363893],[106.34811132439143,10.781820914480297],[106.34804950457048,10.781787034388195],[106.34804667902948,10.781785779354657],[106.34804368327418,10.781785014997791],[106.34804060184088,10.781784762886733],[106.34803752168357,10.78178503013573],[106.34803452972019,10.781785809203361],[106.34803171038004,10.781787078105369],[106.34802914322118,10.78178880103501],[106.34802690068544,10.781790929373479],[106.34802504605423,10.781793403061865]]},"properties":{"OBJECTID":25,"maNhanDang":" ","phienBan":0,"ngayPhienBan":1787739118000,"giaTriDoChinhXacMatPhang":0,"nguyenNhanThayDoi":null,"maDoiTuong":"KG05","loaiTrangThaiDuongBoNuoc":1,"loaiDuongBoNuoc":"Phá","SHAPE_Length":345.5961855738841}},{"type":"Feature","id":26,"geometry":{"type":"LineString","coordinates":[[106.34813769188872,10.781855136066392],[106.34738029216392,10.783077275341329],[106.34737896105264,10.783079878832204],[106.34737806973193,10.783082663714492],[106.34737764179499,10.783085556272518],[106.34737768856928,10.783088479940441],[106.34737820881669,10.783091357328942],[106.34737918876631,10.783094112273718],[106.34738060247892,10.783096671851538],[106.34738241253363,10.783098968310531],[106.3473845710184,10.783100940863561],[106.34738702079827,10.783102537297262],[106.34744225001387,10.783132806602948],[106.34744508195988,10.783134063845546],[106.34744808467123,10.783134828241765],[106.34745117305799,10.783135078130369],[106.34745425960236,10.783134806430088],[106.34745725683871,10.783134020840285],[106.34746007983225,10.783132743622774],[106.3474626485858,10.783131010970974],[106.3474648903068,10.783128871984269],[106.34746674146997,10.78312638727664],[106.34822000155891,10.781901979285529],[106.34822132186981,10.781899376766823],[106.34822220362598,10.781896594891457],[106.34822262358341,10.781893706992522],[106.3482225706716,10.781890789198007],[106.34822204628533,10.781887918423974],[106.34822106424799,10.781885170346978],[106.34821965044711,10.781882617409158],[106.34821784215188,10.781880326908576],[106.34821568703087,10.781878359225184],[106.34821324189528,10.781876766229139],[106.34816215040702,10.781848767383693],[106.34815932486148,10.781847512377881],[106.34815632910798,10.781846748042758],[106.34815324768063,10.78184649594632],[106.34815016753103,10.781846763202216],[106.34814717557481,10.781847542269027],[106.34814435623888,10.781848811163066],[106.34814178907918,10.781850534078714],[106.34813954653579,10.781852662398782],[106.34813769188872,10.781855136066392]]},"properties":{"OBJECTID":26,"maNhanDang":" ","phienBan":0,"ngayPhienBan":1787739118000,"giaTriDoChinhXacMatPhang":0,"nguyenNhanThayDoi":null,"maDoiTuong":"KG05","loaiTrangThaiDuongBoNuoc":1,"loaiDuongBoNuoc":"Phá","SHAPE_Length":342.91336586047254}},{"type":"Feature","id":27,"geometry":{"type":"LineString","coordinates":[[106.34823961490235,10.78191099141133],[106.34748221547882,10.783133132724837],[106.3474808843368,10.783135736100277],[106.34747999294234,10.783138520865737],[106.34747956488802,10.783141413316645],[106.3474796115032,10.783144336898316],[106.34748013155411,10.783147214232118],[106.34748111127651,10.783149969163473],[106.34748252474004,10.783152528777428],[106.34748433453447,10.783154825328515],[106.34748649275984,10.783156798033765],[106.34748894229426,10.783158394681459],[106.34755533380782,10.783194777631151],[106.34755816544536,10.783196034880216],[106.34756116785215,10.783196799340788],[106.34756425594891,10.783197049350344],[106.34756734222823,10.783196777824362],[106.34757033923418,10.783195992457076],[106.34757316204056,10.783194715503447],[106.34757573065748,10.783192983148528],[106.347577972298,10.783190844482075],[106.34757982344074,10.783188360107511],[106.34833308319774,10.781963951862402],[106.34833440362634,10.781961349473747],[106.34833528552659,10.781958567709854],[106.34833570565138,10.781955679898651],[106.34833565292612,10.781952762163495],[106.3483351287407,10.781949891416549],[106.34833414691273,10.781947143331355],[106.34833273332345,10.781944590348061],[106.34833092523536,10.781942299763889],[106.34832877031008,10.781940331959158],[106.34832632535195,10.781938738805646],[106.34826407342609,10.781904624528668],[106.34826124800885,10.781903369412337],[106.34825825236707,10.781902604932204],[106.34825517102681,10.781902352659111],[106.34825209093221,10.78190261971128],[106.3482490989923,10.781903398553474],[106.34824627962868,10.781904667209615],[106.34824371239351,10.781906389882861],[106.34824146972475,10.781908517965672],[106.34823961490235,10.78191099141133]]},"properties":{"OBJECTID":27,"maNhanDang":" ","phienBan":0,"ngayPhienBan":1787739118000,"giaTriDoChinhXacMatPhang":0,"nguyenNhanThayDoi":null,"maDoiTuong":"KG05","loaiTrangThaiDuongBoNuoc":1,"loaiDuongBoNuoc":"Phá","SHAPE_Length":345.70395283588118}},{"type":"Feature","id":28,"geometry":{"type":"LineString","coordinates":[[106.3475904940029,10.783214046609459],[106.34759048118707,10.783214039401409]]},"properties":{"OBJECTID":28,"maNhanDang":" ","phienBan":0,"ngayPhienBan":1787739118000,"giaTriDoChinhXacMatPhang":0,"nguyenNhanThayDoi":null,"maDoiTuong":"KG05","loaiTrangThaiDuongBoNuoc":1,"loaiDuongBoNuoc":"Phá","SHAPE_Length":0.0016124513518958705}},{"type":"Feature","id":29,"geometry":{"type":"LineString","coordinates":[[106.34838696621377,10.781971973783447],[106.3484455949376,10.782004042735238],[106.34844804217244,10.782005634712602],[106.34845019938507,10.782007601889257],[106.34845200965772,10.782009892361524],[106.34845342522662,10.782012445695614],[106.34845440874219,10.78201519452217],[106.34845493425448,10.782018066313793],[106.34845498789795,10.782020985298661],[106.34845456825722,10.782023874459776],[106.34845368640444,10.782026657567028],[106.34845236560719,10.782029261188526],[106.34769911896635,10.783253651594936],[106.34769726870778,10.783256134869175],[106.34769502832089,10.783258272806101],[106.34769246122214,10.78326000488919],[106.34768964007597,10.783261282090031],[106.34768664473782,10.783262068256125],[106.34768355999387,10.783262341134227],[106.34768047316098,10.783262093000237],[106.34767747161519,10.783261330877847],[106.34767464031833,10.783260076339726],[106.3476019144109,10.783220295387464],[106.34759946241272,10.783218699809744],[106.3475973017419,10.783216727586405],[106.34759548964161,10.78321443096805],[106.34759407412028,10.783211870799558],[106.34759309267967,10.783209114908113],[106.34759257132134,10.783206236306228],[106.34759252385776,10.783203311257418],[106.34759295154637,10.783200417255731],[106.34759384305634,10.783197630972669],[106.34759517476867,10.783195026225924],[106.34835256839374,10.781972893708645],[106.34835442316965,10.781970420200626],[106.34835666581566,10.78196829206189],[106.34835923304803,10.781966569344986],[106.34836205242374,10.781965300662115],[106.34836504438469,10.781964521813403],[106.3483681245027,10.781964254776668],[106.34837120586198,10.781964507087237],[106.34837420151167,10.78196527162533],[106.34837702691954,10.781966526816959],[106.34838695339795,10.781971966575428],[106.34838696621377,10.781971973783447]]},"properties":{"OBJECTID":29,"maNhanDang":" ","phienBan":0,"ngayPhienBan":1787739118000,"giaTriDoChinhXacMatPhang":0,"nguyenNhanThayDoi":null,"maDoiTuong":"KG05","loaiTrangThaiDuongBoNuoc":1,"loaiDuongBoNuoc":"Phá","SHAPE_Length":347.27663416299185}},{"type":"Feature","id":30,"geometry":{"type":"LineString","coordinates":[[106.35240535279326,10.793972355419367],[106.35267381220311,10.793572265734491],[106.35269917124116,10.793528219428831],[106.35271819716587,10.793499898639787],[106.35273246778469,10.793477872385976],[106.35273878783752,10.793457432938389],[106.35274035389047,10.793444859342642],[106.3527339505912,10.793424444681447],[106.3527036810008,10.793397791239745],[106.35263365522059,10.793372784742727],[106.35105089826203,10.792547091498973],[106.35015552529491,10.792097058099007],[106.35008389514836,10.792064199321304],[106.35005048424591,10.792057978837143],[106.35001712192756,10.792075328039862],[106.34997489019548,10.792108624609584],[106.34942482940201,10.79294593438844],[106.34895730520687,10.79367478004122],[106.34851260156162,10.794358482796431],[106.34802707641242,10.795095368706784],[106.34765391363806,10.79565468392811],[106.34765295986962,10.795677349655319],[106.34765500970261,10.795704936903823],[106.34766306308229,10.795742367201813],[106.34768508391612,10.795782726906832],[106.34771204533861,10.795799425906251],[106.34857480457511,10.796232843011026],[106.34962762681999,10.796779373092749],[106.35024609670535,10.797097066151226],[106.35028502264991,10.797111770763317],[106.35031194519915,10.797108763925793],[106.35033985469923,10.797100826040307],[106.35036874515365,10.79708401706913],[106.35038267929366,10.797069209864565],[106.35045133782337,10.796989257587516],[106.35047318493764,10.796941916502385],[106.35067028726878,10.796669296105415],[106.35089217296299,10.796321484442442],[106.35098259983261,10.796154774336836],[106.35101654674969,10.796101948971438],[106.35103844072631,10.796078257095637],[106.35106330309726,10.796041748414549],[106.35108316441493,10.795998351199659],[106.35109606660311,10.795966793078538],[106.35116268238764,10.795863197103531],[106.35144030808583,10.79546605598499],[106.35174472917556,10.794999710057104],[106.35189288844359,10.794775734104126],[106.3521883814621,10.794310303832169],[106.35224209256016,10.794237278544637],[106.35224501589764,10.794202785222808],[106.35231069502615,10.794129736626999],[106.35240535279326,10.793972355419367]]},"properties":{"OBJECTID":30,"maNhanDang":" ","phienBan":0,"ngayPhienBan":1787739118000,"giaTriDoChinhXacMatPhang":0,"nguyenNhanThayDoi":null,"maDoiTuong":"KG05","loaiTrangThaiDuongBoNuoc":1,"loaiDuongBoNuoc":"Phá","SHAPE_Length":1635.0600342421271}},{"type":"Feature","id":31,"geometry":{"type":"LineString","coordinates":[[106.35293693059612,10.778140189013689],[106.35197383154159,10.777610747765562],[106.35061478804437,10.776878405202146]]},"properties":{"OBJECTID":31,"maNhanDang":" ","phienBan":0,"ngayPhienBan":1787739118000,"giaTriDoChinhXacMatPhang":0,"nguyenNhanThayDoi":null,"maDoiTuong":"KG05","loaiTrangThaiDuongBoNuoc":1,"loaiDuongBoNuoc":"Phá","SHAPE_Length":289.7823726042102}},{"type":"Feature","id":32,"geometry":{"type":"LineString","coordinates":[[106.35068815094095,10.776754011147931],[106.35299927950082,10.778019251456357]]},"properties":{"OBJECTID":32,"maNhanDang":" ","phienBan":0,"ngayPhienBan":1787739118000,"giaTriDoChinhXacMatPhang":0,"nguyenNhanThayDoi":null,"maDoiTuong":"KG05","loaiTrangThaiDuongBoNuoc":1,"loaiDuongBoNuoc":"Phá","SHAPE_Length":288.90991447141874}},{"type":"Feature","id":33,"geometry":{"type":"LineString","coordinates":[[106.35683084769734,10.791910442016743],[106.35697081642066,10.79170320929914],[106.35753198147361,10.790846479839979],[106.35777775749224,10.790491993444029],[106.35806019147755,10.790056225430195],[106.35811610542358,10.789982920043823],[106.35839675579265,10.789546460918823],[106.35839251091456,10.789470901393207],[106.35838999210786,10.789434274226275],[106.35829336031765,10.789396222750625],[106.35819423545509,10.789335232020521],[106.35811955736659,10.789283678989271],[106.35776118229249,10.789088865125699],[106.35638864257051,10.788323884460301],[106.35638542022411,10.788322086198692],[106.35629406757863,10.788271534549633],[106.35625218408627,10.788254386335595],[106.35622546049198,10.788261329689087],[106.35620997572052,10.788274991964817],[106.35343731185537,10.792545710470305],[106.35339894950997,10.792624436168726],[106.35337591100729,10.792660001200291],[106.35337595655764,10.792682834948],[106.35338370523023,10.792705653674144],[106.35342227328476,10.792730949189682],[106.35347881529997,10.792756209644434],[106.35352487439006,10.792784262492617]]},"properties":{"OBJECTID":33,"maNhanDang":" ","phienBan":0,"ngayPhienBan":1787739118000,"giaTriDoChinhXacMatPhang":0,"nguyenNhanThayDoi":null,"maDoiTuong":"KG05","loaiTrangThaiDuongBoNuoc":1,"loaiDuongBoNuoc":"Phá","SHAPE_Length":1196.8783311269235}},{"type":"Feature","id":34,"geometry":{"type":"LineString","coordinates":[[106.35352487439006,10.792784262492617],[106.35353719544065,10.79279160864615],[106.35542398848146,10.793790083117919],[106.35545902502635,10.793794231254401],[106.35548955646694,10.793783457976717],[106.35552894409835,10.793764879487625],[106.35557814855618,10.793727778568366],[106.35566858925793,10.793610745431316],[106.35595532162969,10.793189705641158],[106.35629726529895,10.792683245215937],[106.35682768561513,10.7919177370319]]},"properties":{"OBJECTID":34,"maNhanDang":" ","phienBan":0,"ngayPhienBan":1787739118000,"giaTriDoChinhXacMatPhang":0,"nguyenNhanThayDoi":null,"maDoiTuong":"KG05","loaiTrangThaiDuongBoNuoc":1,"loaiDuongBoNuoc":"Phá","SHAPE_Length":496.97097521107315}},{"type":"Feature","id":35,"geometry":{"type":"LineString","coordinates":[[106.35628843549304,10.788168749942875],[106.35629333815899,10.788182227634183],[106.35632938364823,10.78820649346793],[106.35640524337373,10.788245654927634],[106.35665090355444,10.788381914358402]]},"properties":{"OBJECTID":35,"maNhanDang":" ","phienBan":0,"ngayPhienBan":1787739118000,"giaTriDoChinhXacMatPhang":0,"nguyenNhanThayDoi":null,"maDoiTuong":"KG05","loaiTrangThaiDuongBoNuoc":1,"loaiDuongBoNuoc":"Phá","SHAPE_Length":46.515985026361705}},{"type":"Feature","id":36,"geometry":{"type":"LineString","coordinates":[[106.35357096867111,10.786574152830998],[106.353557446793,10.78660646264759],[106.35355386502962,10.786624336372537],[106.35355671362053,10.786641401956652],[106.35356522647217,10.786660501562428],[106.35358977236983,10.786676731047793],[106.35362075021239,10.786692947990124],[106.35365896973562,10.786713519399525],[106.35400269508095,10.786900474154626],[106.35469772359662,10.787297149046006],[106.35521520228897,10.787581419701382],[106.3561422622741,10.78809373230373],[106.35616664005335,10.788097123745231]]},"properties":{"OBJECTID":36,"maNhanDang":" ","phienBan":0,"ngayPhienBan":1787739118000,"giaTriDoChinhXacMatPhang":0,"nguyenNhanThayDoi":null,"maDoiTuong":"KG05","loaiTrangThaiDuongBoNuoc":1,"loaiDuongBoNuoc":"Phá","SHAPE_Length":336.16786380134101}},{"type":"Feature","id":37,"geometry":{"type":"LineString","coordinates":[[106.34684078967466,10.782958370833365],[106.34703626603184,10.783063787858536],[106.35028742086971,10.784838545837445],[106.35030324733333,10.784880004140012],[106.35333947732248,10.786557158630226],[106.35338253303284,10.786580892218993],[106.35340669264166,10.786590504490931],[106.35342591573014,10.786592512087646],[106.35344838723212,10.786591981882845],[106.35346503727752,10.786588540986328],[106.35348235853732,10.786575947522254],[106.353509681576,10.786540404880762]]},"properties":{"OBJECTID":37,"maNhanDang":" ","phienBan":0,"ngayPhienBan":1787739118000,"giaTriDoChinhXacMatPhang":0,"nguyenNhanThayDoi":null,"maDoiTuong":"KG05","loaiTrangThaiDuongBoNuoc":1,"loaiDuongBoNuoc":"Phá","SHAPE_Length":837.70274098891923}},{"type":"Feature","id":38,"geometry":{"type":"LineString","coordinates":[[106.34779659797053,10.781417036337185],[106.35136028373945,10.783377384529675],[106.35149523253691,10.783450824373279]]},"properties":{"OBJECTID":38,"maNhanDang":" ","phienBan":0,"ngayPhienBan":1787739118000,"giaTriDoChinhXacMatPhang":0,"nguyenNhanThayDoi":null,"maDoiTuong":"KG05","loaiTrangThaiDuongBoNuoc":1,"loaiDuongBoNuoc":"Phá","SHAPE_Length":462.83392589193812}},{"type":"Feature","id":39,"geometry":{"type":"LineString","coordinates":[[106.34389474683012,10.787709045207349],[106.35037665591202,10.791098205123399],[106.35041485889289,10.791117625123913],[106.3504346346613,10.79112612684578],[106.35045848888757,10.791131004268458],[106.35047638171551,10.791130682047145],[106.35049322176911,10.791126998630329],[106.3505049950739,10.791111839408339],[106.35053902738444,10.791061711760358],[106.35134636048987,10.789817048213104],[106.35136945564167,10.789751993411654],[106.35134114440599,10.789707438515359],[106.3512660707524,10.789649599268351],[106.3505376363188,10.789244280574037],[106.34488261335574,10.786116071151197]]},"properties":{"OBJECTID":39,"maNhanDang":" ","phienBan":0,"ngayPhienBan":1787739118000,"giaTriDoChinhXacMatPhang":0,"nguyenNhanThayDoi":null,"maDoiTuong":"KG05","loaiTrangThaiDuongBoNuoc":1,"loaiDuongBoNuoc":"Phá","SHAPE_Length":1811.6853558150217}},{"type":"Feature","id":40,"geometry":{"type":"LineString","coordinates":[[106.35106282404098,10.778997910837761],[106.35114799805305,10.779121661056562],[106.35123295773352,10.779234137578426],[106.35135723598557,10.779323474244741],[106.35151281943385,10.779411014206408],[106.35186278950371,10.779639396349248],[106.35191023415362,10.779688468932337],[106.35197144528259,10.779671000377041],[106.35204126678315,10.779564542941424],[106.35202968764415,10.779535453538168],[106.35127488562348,10.779120588459016],[106.35106282404098,10.778997910837761]]},"properties":{"OBJECTID":40,"maNhanDang":" ","phienBan":0,"ngayPhienBan":1787739118000,"giaTriDoChinhXacMatPhang":0,"nguyenNhanThayDoi":null,"maDoiTuong":"KG05","loaiTrangThaiDuongBoNuoc":1,"loaiDuongBoNuoc":"Phá","SHAPE_Length":267.60547490612646}},{"type":"Feature","id":41,"geometry":{"type":"LineString","coordinates":[[106.34936438416513,10.779824869971849],[106.34944068606563,10.779679632861317],[106.34950519844405,10.77966685066059],[106.34938967961249,10.779840443821255],[106.34936438416513,10.779824869971849]]},"properties":{"OBJECTID":41,"maNhanDang":" ","phienBan":0,"ngayPhienBan":1787739118000,"giaTriDoChinhXacMatPhang":0,"nguyenNhanThayDoi":null,"maDoiTuong":"KG05","loaiTrangThaiDuongBoNuoc":1,"loaiDuongBoNuoc":"Phá","SHAPE_Length":51.540929243207124}},{"type":"Feature","id":42,"geometry":{"type":"LineString","coordinates":[[106.34987799164193,10.77944797944663],[106.34959261111842,10.779915619120606],[106.34963106549718,10.779935302817005],[106.34991597377751,10.77948039913259],[106.34987799164193,10.77944797944663]]},"properties":{"OBJECTID":42,"maNhanDang":" ","phienBan":0,"ngayPhienBan":1787739118000,"giaTriDoChinhXacMatPhang":0,"nguyenNhanThayDoi":null,"maDoiTuong":"KG05","loaiTrangThaiDuongBoNuoc":1,"loaiDuongBoNuoc":"Phá","SHAPE_Length":129.81640096558891}},{"type":"Feature","id":43,"geometry":{"type":"LineString","coordinates":[[106.34995660012628,10.779585638689971],[106.34971869579026,10.779983585530358],[106.3497404794274,10.779998867796404],[106.3499868399588,10.779599964301616],[106.34995660012628,10.779585638689971]]},"properties":{"OBJECTID":43,"maNhanDang":" ","phienBan":0,"ngayPhienBan":1787739118000,"giaTriDoChinhXacMatPhang":0,"nguyenNhanThayDoi":null,"maDoiTuong":"KG05","loaiTrangThaiDuongBoNuoc":1,"loaiDuongBoNuoc":"Phá","SHAPE_Length":109.41641735549632}},{"type":"Feature","id":44,"geometry":{"type":"LineString","coordinates":[[106.35006142353254,10.779658323938492],[106.34981558567122,10.7800671715412],[106.34984345742511,10.780081574077492],[106.35009271395811,10.779681390119832],[106.35006142353254,10.779658323938492]]},"properties":{"OBJECTID":44,"maNhanDang":" ","phienBan":0,"ngayPhienBan":1787739118000,"giaTriDoChinhXacMatPhang":0,"nguyenNhanThayDoi":null,"maDoiTuong":"KG05","loaiTrangThaiDuongBoNuoc":1,"loaiDuongBoNuoc":"Phá","SHAPE_Length":112.301846440952}},{"type":"Feature","id":45,"geometry":{"type":"LineString","coordinates":[[106.35014876233656,10.779739478246483],[106.34991394590881,10.780140583582124],[106.34993837765683,10.780163256215987],[106.35017842190685,10.779760902121774],[106.35014876233656,10.779739478246483]]},"properties":{"OBJECTID":45,"maNhanDang":" ","phienBan":0,"ngayPhienBan":1787739118000,"giaTriDoChinhXacMatPhang":0,"nguyenNhanThayDoi":null,"maDoiTuong":"KG05","loaiTrangThaiDuongBoNuoc":1,"loaiDuongBoNuoc":"Phá","SHAPE_Length":110.6124791796892}},{"type":"Feature","id":46,"geometry":{"type":"LineString","coordinates":[[106.3502532476741,10.779816856341306],[106.35003228405454,10.780194726752431],[106.35006442530036,10.780213370251845],[106.35028751377808,10.779841878624904],[106.3502532476741,10.779816856341306]]},"properties":{"OBJECTID":46,"maNhanDang":" ","phienBan":0,"ngayPhienBan":1787739118000,"giaTriDoChinhXacMatPhang":0,"nguyenNhanThayDoi":null,"maDoiTuong":"KG05","loaiTrangThaiDuongBoNuoc":1,"loaiDuongBoNuoc":"Phá","SHAPE_Length":104.79965267221492}},{"type":"Feature","id":47,"geometry":{"type":"LineString","coordinates":[[106.35036894080777,10.779883652826019],[106.35013933740113,10.780257471617132],[106.35016640107347,10.780279361609027],[106.35039608846073,10.77990179063511],[106.35036894080777,10.779883652826019]]},"properties":{"OBJECTID":47,"maNhanDang":" ","phienBan":0,"ngayPhienBan":1787739118000,"giaTriDoChinhXacMatPhang":0,"nguyenNhanThayDoi":null,"maDoiTuong":"KG05","loaiTrangThaiDuongBoNuoc":1,"loaiDuongBoNuoc":"Phá","SHAPE_Length":104.51645818441912}},{"type":"Feature","id":48,"geometry":{"type":"LineString","coordinates":[[106.35047580020047,10.779945448652134],[106.35024438840045,10.780324894502471],[106.35027667545114,10.780347886400934],[106.35051250637228,10.779960548238115],[106.35047580020047,10.779945448652134]]},"properties":{"OBJECTID":48,"maNhanDang":" ","phienBan":0,"ngayPhienBan":1787739118000,"giaTriDoChinhXacMatPhang":0,"nguyenNhanThayDoi":null,"maDoiTuong":"KG05","loaiTrangThaiDuongBoNuoc":1,"loaiDuongBoNuoc":"Phá","SHAPE_Length":107.71559141892986}},{"type":"Feature","id":49,"geometry":{"type":"LineString","coordinates":[[106.35059408907067,10.780007014336464],[106.35031164530082,10.780483406012735],[106.35032966755359,10.780515475557797],[106.35062491929185,10.780023915412503],[106.35059408907067,10.780007014336464]]},"properties":{"OBJECTID":49,"maNhanDang":" ","phienBan":0,"ngayPhienBan":1787739118000,"giaTriDoChinhXacMatPhang":0,"nguyenNhanThayDoi":null,"maDoiTuong":"KG05","loaiTrangThaiDuongBoNuoc":1,"loaiDuongBoNuoc":"Phá","SHAPE_Length":132.22774700978067}},{"type":"Feature","id":50,"geometry":{"type":"LineString","coordinates":[[106.35147109407626,10.781219351564635],[106.35148997232389,10.781217334932801],[106.35150685804905,10.781201941541582],[106.35154153156573,10.780980840697216],[106.35151242764934,10.78097226309727],[106.35141166933752,10.781141985887986],[106.35133584448101,10.781101671173923],[106.35151481957351,10.780778868596901],[106.35149077897101,10.780744201593253],[106.35129716734154,10.78108321228321],[106.35120894960953,10.78103224602296],[106.35142137121539,10.780695497074808],[106.35138950746617,10.780673914871318],[106.35118474021995,10.781012039442903],[106.35111149950639,10.780971726887401],[106.35138931462596,10.780484733047921],[106.35135216706695,10.780459228277689],[106.35107512814456,10.780953089905838],[106.35099462723643,10.780905439296722],[106.35128267930652,10.78041623776827],[106.35125008006908,10.78040184454335],[106.3509613266454,10.780896128427464],[106.35088264425529,10.780848816007541],[106.35117758030898,10.780361608308766],[106.35114793431477,10.780342480915658],[106.35085164024929,10.780833783163807],[106.35077067022426,10.78079115294703],[106.35104702934218,10.780318546389875],[106.35102141297098,10.780293371799614],[106.35073211040178,10.780771874642461],[106.35065265592995,10.780729892403153],[106.35095175477932,10.780219750748541],[106.3509146369677,10.780213810514935],[106.35061663168399,10.780714737271625],[106.35054245369072,10.780672034150841],[106.35084174294981,10.780163774553957],[106.35080982340716,10.78014536215607],[106.35050793289629,10.780656968308872],[106.3504281982153,10.780610140593591],[106.35073237248353,10.78010381904887],[106.35069879395284,10.780079726704555],[106.35037771536548,10.780624378519827],[106.35046292427262,10.780673388974673],[106.35061751935177,10.780760271281498],[106.35080460062558,10.7808552092817],[106.35096847472506,10.780950165067916],[106.35114371036907,10.781042865592429],[106.35128111005415,10.781117946295835],[106.35147109407626,10.781219351564635]]},"properties":{"OBJECTID":50,"maNhanDang":" ","phienBan":0,"ngayPhienBan":1787739118000,"giaTriDoChinhXacMatPhang":0,"nguyenNhanThayDoi":null,"maDoiTuong":"KG05","loaiTrangThaiDuongBoNuoc":1,"loaiDuongBoNuoc":"Phá","SHAPE_Length":1383.0535824950921}},{"type":"Feature","id":51,"geometry":{"type":"LineString","coordinates":[[106.35180120883714,10.777621879831843],[106.35101449746287,10.7788913483132],[106.35099581330117,10.778843648255824],[106.35175268776464,10.777629141751888],[106.35165840162865,10.77756175810177],[106.35097257749618,10.778700186063793],[106.35094013152026,10.778684590048403],[106.35163594269029,10.77755539166856],[106.3515557156351,10.777509841741562],[106.35124877033721,10.778022324439247],[106.35092243544983,10.778540375744139],[106.35089396156407,10.778512783695597],[106.35128017943543,10.77789241530844],[106.35152412046423,10.777503617803591],[106.35143803379903,10.777451484739151],[106.35090327324021,10.778325445834383],[106.35087415869972,10.778297547632215],[106.35111050235599,10.777915366867722],[106.35140402802276,10.777434978655553],[106.35133478801403,10.777393909742639],[106.35086163102177,10.77816358479223],[106.35083625919999,10.778118691348531],[106.35102509188326,10.777825247659981],[106.35130473643721,10.777383129754442],[106.35121189433012,10.777320836836815],[106.35082716308688,10.777962987363319],[106.35079297680926,10.777950459590267],[106.35102522785736,10.777566594358008],[106.35118821906767,10.777310673715265],[106.3511020832493,10.777265970513513],[106.3507669947564,10.777828393621316],[106.35073834991064,10.777797547136077],[106.35106987966913,10.777254487672685],[106.35098974841306,10.777208290070559],[106.35068187512832,10.777713349607367],[106.3506583941337,10.777672050783885],[106.35096475273704,10.777197174765988],[106.35087111472112,10.777149370529781],[106.35060852563026,10.777580839105532],[106.3505913400021,10.777559275354706],[106.3508435100284,10.777136725118137],[106.35076629076769,10.777093564997445],[106.35053083600387,10.777459130102152],[106.3505015082952,10.777438953257532],[106.35073496822939,10.777075399136237],[106.35064688503716,10.77701877273034],[106.35044609090281,10.777343799590176],[106.35042704551181,10.777323192350801],[106.3506259422122,10.777008721799069],[106.35053948943387,10.776954417537004],[106.35036977423755,10.777244869310367],[106.35034934446819,10.777222409541192],[106.35051427510233,10.776939073252604]]},"properties":{"OBJECTID":51,"maNhanDang":" ","phienBan":0,"ngayPhienBan":1787739118000,"giaTriDoChinhXacMatPhang":0,"nguyenNhanThayDoi":null,"maDoiTuong":"KG05","loaiTrangThaiDuongBoNuoc":1,"loaiDuongBoNuoc":"Phá","SHAPE_Length":2268.550587677812}},{"type":"Feature","id":52,"geometry":{"type":"LineString","coordinates":[[106.3460818936623,10.790754032706451],[106.34608174903771,10.790753958849093]]},"properties":{"OBJECTID":52,"maNhanDang":" ","phienBan":0,"ngayPhienBan":1787739118000,"giaTriDoChinhXacMatPhang":0,"nguyenNhanThayDoi":null,"maDoiTuong":"KG05","loaiTrangThaiDuongBoNuoc":1,"loaiDuongBoNuoc":"Phá","SHAPE_Length":0.017801123299023593}},{"type":"Feature","id":53,"geometry":{"type":"LineString","coordinates":[[106.34482107539743,10.786217524221273],[106.34805873297665,10.788008095746237],[106.34834251056046,10.788174367623457],[106.34853671319352,10.788289378391747],[106.34902148044797,10.788561103471592],[106.34949431977401,10.788814734562532],[106.35009452768134,10.789145947996589],[106.35067791757632,10.789458096513576],[106.35096697880061,10.78962214053432],[106.35113542051532,10.789721553295738],[106.35121437965681,10.789769788951588],[106.35121669100167,10.789771449483798],[106.3512187110896,10.789773454209962],[106.35122038921689,10.78977575281194],[106.35122168326296,10.789778287595372],[106.35122256074754,10.789780994937807],[106.351222999646,10.789783806885604],[106.35122298894208,10.789786652859547],[106.35122252890446,10.789789461426377],[106.35122163107997,10.789792162091747],[106.35122031800377,10.789794687069602],[106.35046590247737,10.790999885104664],[106.35046406694896,10.791002316605841],[106.35046185548825,10.791004412030379],[106.35045932868049,10.791006113971934],[106.35045655575023,10.791007375804039],[106.35045361266478,10.791008162957489],[106.35045058005305,10.791008453867391],[106.35044754099658,10.791008240563968],[106.35044457875352,10.791007528890889],[106.35044177447762,10.791006338345177],[106.34396134445267,10.787603199527776]]},"properties":{"OBJECTID":53,"maNhanDang":" ","phienBan":0,"ngayPhienBan":1787739118000,"giaTriDoChinhXacMatPhang":0,"nguyenNhanThayDoi":null,"maDoiTuong":"KG05","loaiTrangThaiDuongBoNuoc":1,"loaiDuongBoNuoc":"Phá","SHAPE_Length":1767.4383218918156}},{"type":"Feature","id":54,"geometry":{"type":"LineString","coordinates":[[106.34892301986497,10.788526108377313],[106.34886628662831,10.788494207708133],[106.34886346206196,10.788492917580662],[106.34886046082327,10.788492120604863],[106.3488573683223,10.788491839461276],[106.3488542725662,10.788492082150754],[106.3488512616548,10.788492841766779],[106.34884842127337,10.788494096692006],[106.34884583225421,10.788495811213453],[106.34884356827629,10.788497936538832],[106.34884169376846,10.788500412185092],[106.34807464902944,10.789726112459194],[106.34807329102064,10.789728747654685],[106.34807238459213,10.789731570212135],[106.34807195439708,10.789734503363242],[106.348072012136,10.789737467331765],[106.34807255623849,10.78974038150329],[106.348073571906,10.789743166617781],[106.34807503151423,10.78974574692532],[106.34807689536458,10.789748052246352],[106.3480791127638,10.789750019880444],[106.34808162340275,10.789751596311618],[106.3481393485626,10.789781911220141],[106.34814215340528,10.789783102024549],[106.34814511626801,10.789783813784338],[106.34814815595537,10.78978402699417],[106.34815118916656,10.789783735811156],[106.34815413277826,10.789782948214993],[106.34815690612261,10.789781685789272],[106.34815943319781,10.78977998313],[106.34816164475087,10.789777886897514],[106.34816348017557,10.789775454537793],[106.34892953108094,10.788551339959504],[106.34892301986497,10.788526108377313]]},"properties":{"OBJECTID":54,"maNhanDang":" ","phienBan":0,"ngayPhienBan":1787739118000,"giaTriDoChinhXacMatPhang":0,"nguyenNhanThayDoi":null,"maDoiTuong":"KG05","loaiTrangThaiDuongBoNuoc":1,"loaiDuongBoNuoc":"Phá","SHAPE_Length":345.15982493254825}},{"type":"Feature","id":55,"geometry":{"type":"LineString","coordinates":[[106.34396853097191,10.787591618718144],[106.34398862309953,10.787602170760593],[106.344012754651,10.787595716213692],[106.3448409727205,10.786272290556703],[106.3448423165591,10.786269689775803],[106.34484322033818,10.786266905328494],[106.34484366007788,10.786264011094149],[106.34484362411068,10.786261083865115],[106.34484311339084,10.786258201309183],[106.34484214146926,10.786255439908834],[106.3448407341338,10.786252872931945],[106.3448389287251,10.786250568487784],[106.34483677314584,10.786248587719868],[106.34483432458974,10.786246983183657],[106.34481083169545,10.786234034635491]]},"properties":{"OBJECTID":55,"maNhanDang":" ","phienBan":0,"ngayPhienBan":1787739118000,"giaTriDoChinhXacMatPhang":0,"nguyenNhanThayDoi":null,"maDoiTuong":"KG05","loaiTrangThaiDuongBoNuoc":1,"loaiDuongBoNuoc":"Phá","SHAPE_Length":183.53276171708512}},{"type":"Feature","id":56,"geometry":{"type":"LineString","coordinates":[[106.34412539690489,10.787654870299697],[106.34495225276405,10.786333622238891],[106.34495359662475,10.786331021461509],[106.34495450042147,10.786328237012533],[106.34495494017335,10.786325342772933],[106.34495490421229,10.786322415536798],[106.34495439349246,10.78631953297373],[106.34495342156499,10.786316771568002],[106.34495201421848,10.786314204589164],[106.34495020879461,10.786311900147959],[106.34494805319748,10.786309919389108],[106.34494560462248,10.786308314868926],[106.34489029231226,10.786277828317262],[106.344887473434,10.786276567914795],[106.34488448352408,10.78627579646956],[106.34488140672637,10.786275535692036],[106.34487832962999,10.786275792921186],[106.34487533883242,10.78627656091791],[106.34487251850253,10.786277818068776],[106.34486994801172,10.786279528994283],[106.34486769970034,10.786281645544531],[106.34486583684171,10.786284108154275],[106.34403830251644,10.787606438603122],[106.34403694449759,10.787609073783559],[106.34403603805031,10.787611896325759],[106.34403560782761,10.787614829463935],[106.34403566553041,10.78761779342438],[106.34403620958936,10.787620707595101],[106.34403722520747,10.787623492718255],[106.34403868476258,10.787626073045757],[106.3440405485586,10.787628378399429],[106.34404276590513,10.787630346079665],[106.34404527649613,10.787631922570691],[106.34410126718048,10.787661324851966],[106.34412539690489,10.787654870299697]]},"properties":{"OBJECTID":56,"maNhanDang":" ","phienBan":0,"ngayPhienBan":1787739118000,"giaTriDoChinhXacMatPhang":0,"nguyenNhanThayDoi":null,"maDoiTuong":"KG05","loaiTrangThaiDuongBoNuoc":1,"loaiDuongBoNuoc":"Phá","SHAPE_Length":369.99670894237079}},{"type":"Feature","id":57,"geometry":{"type":"LineString","coordinates":[[106.34423783782459,10.787713919853454],[106.34506333146454,10.786394843965665],[106.34506467542002,10.7863922433146],[106.34506557934229,10.78638945897862],[106.34506601924839,10.786386564831956],[106.34506598346672,10.786383637662338],[106.34506547294663,10.786380755133669],[106.34506450123328,10.786377993725429],[106.34506309410824,10.786375426703527],[106.34506128890548,10.786373122176396],[106.34505913352079,10.786371141287933],[106.34505668514099,10.786369536595233],[106.3450015723669,10.786339159981058],[106.34499875330826,10.786337899470736],[106.34499576320431,10.786337127942202],[106.34499268620199,10.786336867107671],[106.34498960889373,10.786337124307495],[106.34498661788055,10.78633789230361],[106.34498379733498,10.786339149483211],[106.34498122663226,10.786340860466989],[106.34497897811666,10.786342977104759],[106.34497711506545,10.786345439830505],[106.34415094660773,10.787665592675802],[106.34414958843338,10.787668227717393],[106.34414868181096,10.787671050148536],[106.34414825139838,10.787673983206114],[106.34414830890178,10.787676947118243],[106.34414885275719,10.787679861273871],[106.34414986817312,10.787682646415202],[106.34415132753277,10.787685226793307],[106.34415319114517,10.787687532228309],[106.34415540832471,10.7876895000181],[106.3441579187696,10.787691076643677],[106.3442137062696,10.787720374418088],[106.34423783782459,10.787713919853454]]},"properties":{"OBJECTID":57,"maNhanDang":" ","phienBan":0,"ngayPhienBan":1787739118000,"giaTriDoChinhXacMatPhang":0,"nguyenNhanThayDoi":null,"maDoiTuong":"KG05","loaiTrangThaiDuongBoNuoc":1,"loaiDuongBoNuoc":"Phá","SHAPE_Length":369.38082234340777}},{"type":"Feature","id":58,"geometry":{"type":"LineString","coordinates":[[106.34435937929248,10.787777747221892],[106.34518340496246,10.786461020891943],[106.34518474876526,10.786458420103678],[106.34518565251446,10.786455635657052],[106.34518609223167,10.786452741429283],[106.34518605625027,10.786449814210304],[106.34518554552493,10.786446931665381],[106.34518457360626,10.78644417027448],[106.3451831662813,10.786441603303098],[106.34518136088934,10.786439298858372],[106.34517920533122,10.786437318082061],[106.34517675679842,10.786435713528316],[106.34511265290732,10.786400381685965],[106.34510983386076,10.786399121082248],[106.34510684374743,10.786398349481685],[106.34510376672189,10.786398088600421],[106.34510068938482,10.786398345780773],[106.34509769834564,10.786399113784581],[106.34509487778502,10.786400370996937],[106.34509230708557,10.786402082034499],[106.34509005859779,10.786404198741353],[106.34508819560375,10.78640666154431],[106.34426338570719,10.78772464222326],[106.34426202763186,10.787727277282055],[106.34426112108993,10.787730099707469],[106.34426069073497,10.787733032743114],[106.3442607482706,10.787735996624544],[106.34426129213209,10.787738910748454],[106.34426230752905,10.7877416958647],[106.34426376684756,10.78774427623153],[106.34426563040118,10.787746581675389],[106.34426784751022,10.787748549499302],[106.34427035788001,10.787750126187932],[106.34433524956793,10.787784203600776],[106.34435937929248,10.787777747221892]]},"properties":{"OBJECTID":58,"maNhanDang":" ","phienBan":0,"ngayPhienBan":1787739118000,"giaTriDoChinhXacMatPhang":0,"nguyenNhanThayDoi":null,"maDoiTuong":"KG05","loaiTrangThaiDuongBoNuoc":1,"loaiDuongBoNuoc":"Phá","SHAPE_Length":371.04575850597399}},{"type":"Feature","id":59,"geometry":{"type":"LineString","coordinates":[[106.34523272459198,10.78646656040409],[106.34523019048181,10.786465405393754],[106.34522751153273,10.78646464447659],[106.34522474863695,10.786464294948171],[106.34522196459484,10.786464364753243],[106.34521922268742,10.786464852305139],[106.3452165934265,10.786465741018787],[106.34521412908397,10.786467017670956],[106.34521188650905,10.786468652810902],[106.3452099174351,10.786470608718028],[106.34520826728615,10.786472840272049],[106.34438492901673,10.787788471385788],[106.34438357111434,10.787791106301416],[106.34438266471236,10.787793928554899],[106.34438223445983,10.78779686139687],[106.34438229205716,10.787799825070573],[106.34438283593806,10.787802738980805],[106.34438385131203,10.787805523885648],[106.34438531056661,10.787808104051406],[106.34438717401832,10.787810409312124],[106.34438939099179,10.787812376977721],[106.34439190119785,10.787813953538794],[106.34444177185175,10.787840143495654],[106.34444457653674,10.787841334455706],[106.34444753926724,10.787842046404945],[106.3444505788547,10.787842259833626],[106.34445361200444,10.787841968893101],[106.3444565555982,10.787841181556097],[106.34445932897182,10.787839919398236],[106.34446185612578,10.787838217006785],[106.34446406780772,10.787836121032868],[106.34446590341034,10.787833688913052],[106.34528863798212,10.786519020719604],[106.34528998190551,10.786516420062192],[106.34529088580119,10.786513635727145],[106.34529132568755,10.786510741586678],[106.34529128989382,10.786507814426304],[106.34529077936965,10.786504931907594],[106.34528980765995,10.786502170507712],[106.3452884005455,10.78649960349038],[106.34528659535898,10.786497298962081],[106.34528443999446,10.786495318065105],[106.34528199163671,10.786493713355362],[106.34523272459198,10.78646656040409]]},"properties":{"OBJECTID":59,"maNhanDang":" ","phienBan":0,"ngayPhienBan":1787739118000,"giaTriDoChinhXacMatPhang":0,"nguyenNhanThayDoi":null,"maDoiTuong":"KG05","loaiTrangThaiDuongBoNuoc":1,"loaiDuongBoNuoc":"Phá","SHAPE_Length":367.03047404410512}},{"type":"Feature","id":60,"geometry":{"type":"LineString","coordinates":[[106.34457701718482,10.787892041113581],[106.34539840778703,10.78657952155759],[106.34539975200073,10.786576920776502],[106.34540065613079,10.786574136261898],[106.34540109618604,10.78657124190115],[106.34540106048955,10.786568314496412],[106.34540054998853,10.786565431726656],[106.34539957822919,10.786562670086466],[106.34539817099726,10.786560102856242],[106.34539636563376,10.786557798157691],[106.34539421004422,10.786555817146221],[106.34539176142739,10.786554212388165],[106.3453379576186,10.786524558406185],[106.34533513872029,10.786523298126378],[106.34533214881836,10.786522526777313],[106.34532907204705,10.786522266064331],[106.34532599498506,10.786522523323756],[106.34532300421925,10.786523291316445],[106.34532018390816,10.786524548431501],[106.34531761341383,10.78652625929438],[106.34531536506857,10.78652837576232],[106.34531350213963,10.786530838279052],[106.34449145131033,10.787844411262975],[106.34449009321231,10.787847046318669],[106.34448918665262,10.787849868746394],[106.34448875628586,10.78785280178802],[106.34448881381617,10.787855765677188],[106.34448935767898,10.787858679808615],[106.34449037308352,10.78786146493022],[106.34449183241506,10.787864045298447],[106.34449369598595,10.787866350738161],[106.34449591311491,10.787868318551132],[106.3444984235054,10.787869895221148],[106.34455288562449,10.787898495704962],[106.34457701718482,10.787892041113581]]},"properties":{"OBJECTID":60,"maNhanDang":" ","phienBan":0,"ngayPhienBan":1787739118000,"giaTriDoChinhXacMatPhang":0,"nguyenNhanThayDoi":null,"maDoiTuong":"KG05","loaiTrangThaiDuongBoNuoc":1,"loaiDuongBoNuoc":"Phá","SHAPE_Length":367.34403542329881}},{"type":"Feature","id":61,"geometry":{"type":"LineString","coordinates":[[106.34469745120681,10.787955288229821],[106.34551738660183,10.786645094706277],[106.34551873041603,10.786642493918933],[106.3455196341736,10.786639709470386],[106.3455200738956,10.786636815238884],[106.34552003791515,10.786633888015484],[106.34551952718689,10.786631005466596],[106.34551855526171,10.786628244073313],[106.34551714792714,10.786625677102169],[106.34551534252324,10.786623372661198],[106.34551318695179,10.786621391892872],[106.34551073840539,10.786619787351828],[106.3454477274345,10.78658505922602],[106.34544490855168,10.786583798828161],[106.3454419186381,10.786583027387964],[106.34543884183766,10.786582766615746],[106.34543576473943,10.786583023850309],[106.34543277394089,10.78658379185241],[106.34542995361082,10.786585049008492],[106.34542738312057,10.786586759938942],[106.34542513481034,10.786588876493768],[106.34542327195342,10.786591339107668],[106.34460256509328,10.787902763453832],[106.34460120708496,10.787905398637927],[106.3446003006477,10.78790822118169],[106.34459987043411,10.787911154319616],[106.34459992814486,10.787914118278334],[106.34460047221035,10.787917032446236],[106.34460148783347,10.787919817565884],[106.34460294739208,10.787922397889607],[106.34460481119011,10.787924703239621],[106.34460702853735,10.787926670916681],[106.344609539128,10.787928247405324],[106.34467332147342,10.787961742827175],[106.34469745120681,10.787955288229821]]},"properties":{"OBJECTID":61,"maNhanDang":" ","phienBan":0,"ngayPhienBan":1787739118000,"giaTriDoChinhXacMatPhang":0,"nguyenNhanThayDoi":null,"maDoiTuong":"KG05","loaiTrangThaiDuongBoNuoc":1,"loaiDuongBoNuoc":"Phá","SHAPE_Length":369.06867397108908}},{"type":"Feature","id":62,"geometry":{"type":"LineString","coordinates":[[106.34482395778076,10.788021722322942],[106.34564236137517,10.786713974306169],[106.34564370526621,10.786711373641953],[106.34564460913475,10.786708589307354],[106.34564504900054,10.786705695172666],[106.34564501319363,10.786702768021257],[106.34564450266402,10.786699885512453],[106.34564353095639,10.786697124121174],[106.34564212385082,10.786694557109017],[106.34564031867878,10.786692252580563],[106.34563816333271,10.786690271676525],[106.34563571499541,10.786688666951635],[106.34556670626475,10.786650634163241],[106.34556388735558,10.786649373362373],[106.34556089734313,10.786648601550716],[106.34555782038123,10.786648340450894],[106.34555474307089,10.786648597411553],[106.34555175202296,10.786649365200542],[106.3455489314204,10.786650622208459],[106.34554636064901,10.786652333056841],[106.3455441120631,10.786654449593899],[106.34554224894907,10.786656912249745],[106.34472300095329,10.787966010556067],[106.34472164281082,10.787968645604971],[106.34472073621575,10.787971468036378],[106.34472030582464,10.787974401088912],[106.34472036334277,10.787977364992646],[106.34472090720587,10.787980279138596],[106.34472192262251,10.787983064271037],[106.34472338197655,10.787985644643006],[106.34472524557805,10.787987950076396],[106.34472746274285,10.78798991787057],[106.34472997317096,10.787991494507635],[106.34479982621654,10.788028176933773],[106.34482395778076,10.788021722322942]]},"properties":{"OBJECTID":62,"maNhanDang":" ","phienBan":0,"ngayPhienBan":1787739118000,"giaTriDoChinhXacMatPhang":0,"nguyenNhanThayDoi":null,"maDoiTuong":"KG05","loaiTrangThaiDuongBoNuoc":1,"loaiDuongBoNuoc":"Phá","SHAPE_Length":369.95055823158185}},{"type":"Feature","id":63,"geometry":{"type":"LineString","coordinates":[[106.34493861596842,10.788081935439424],[106.34575563365458,10.786776403038187],[106.34575697738052,10.786773802234622],[106.34575788106594,10.786771017790103],[106.34575832073568,10.786768123577064],[106.34575828472515,10.786765196380138],[106.34575777398969,10.786762313859036],[106.34575680207935,10.786759552488199],[106.34575539477929,10.786756985527909],[106.34575358942574,10.78675468108065],[106.34575143391547,10.786752700284334],[106.34574898543501,10.786751095690287],[106.34569168104703,10.786719511934304],[106.34568886215665,10.786718251578806],[106.34568587224518,10.786717480172054],[106.34568279545324,10.786717219422599],[106.34567971836638,10.786717476668322],[106.34567672757845,10.78671824466994],[106.34567390725472,10.786719501814733],[106.34567133676336,10.786721212724757],[106.34566908844187,10.786723329252423],[106.34566722556137,10.786725791835462],[106.34484950571162,10.788032446449851],[106.34484814793609,10.788035081501361],[106.34484724168756,10.788037903869954],[106.34484681161153,10.788040836801164],[106.34484686940394,10.78804380053376],[106.34484741349311,10.788046714468871],[106.34484842908252,10.788049499361872],[106.34484988855314,10.788052079477442],[106.34485175221461,10.788054384649197],[106.34485396938453,10.78805635218786],[106.34485647976686,10.78805792858611],[106.34491448440239,10.788088390059299],[106.34493861596842,10.788081935439424]]},"properties":{"OBJECTID":63,"maNhanDang":" ","phienBan":0,"ngayPhienBan":1787739118000,"giaTriDoChinhXacMatPhang":0,"nguyenNhanThayDoi":null,"maDoiTuong":"KG05","loaiTrangThaiDuongBoNuoc":1,"loaiDuongBoNuoc":"Phá","SHAPE_Length":366.41185515269416}},{"type":"Feature","id":64,"geometry":{"type":"LineString","coordinates":[[106.34505065992965,10.788140777500621],[106.34586632270373,10.786837408224967],[106.34586766642286,10.786834807419851],[106.34586857010247,10.786832022975286],[106.34586900976768,10.786829128763328],[106.34586897375407,10.786826201568191],[106.34586846301708,10.786823319049137],[106.34586749110673,10.786820557680166],[106.34586608380802,10.786817990721127],[106.34586427845697,10.786815686274128],[106.34586212295004,10.78681370547676],[106.34585967447339,10.786812100880105],[106.34580495334131,10.786781942455775],[106.34580213442655,10.786780681683386],[106.34579914441495,10.786779909894408],[106.34579606745825,10.786779648810283],[106.34579299015512,10.786779905779031],[106.34578999911402,10.786780673568458],[106.34578717851559,10.786781930569688],[106.34578460774357,10.786783641405343],[106.34578235915041,10.786785757925198],[106.34578049602113,10.786788220561354],[106.34496416390803,10.788092659556353],[106.34496280616104,10.78809529461309],[106.34496189993592,10.788098116980352],[106.34496146987696,10.788101049905546],[106.34496152767933,10.788104013629521],[106.34496207177114,10.788106927555569],[106.34496308735611,10.788109712441214],[106.34496454681604,10.78811229255315],[106.34496641046179,10.788114597726771],[106.34496862761263,10.788116565274258],[106.34497113797444,10.788118141689329],[106.34502653019074,10.78814723212583],[106.34505065992965,10.788140777500621]]},"properties":{"OBJECTID":64,"maNhanDang":" ","phienBan":0,"ngayPhienBan":1787739118000,"giaTriDoChinhXacMatPhang":0,"nguyenNhanThayDoi":null,"maDoiTuong":"KG05","loaiTrangThaiDuongBoNuoc":1,"loaiDuongBoNuoc":"Phá","SHAPE_Length":365.19518817300769}},{"type":"Feature","id":65,"geometry":{"type":"LineString","coordinates":[[106.34516334468029,10.788199952802639],[106.34597764160046,10.786898762946727],[106.34597898552786,10.7868961622878],[106.34597988942501,10.786893377949875],[106.34598032931002,10.786890483805974],[106.34598029351203,10.786887556642462],[106.34597978298081,10.786884674121758],[106.3459788112616,10.78688191272184],[106.34597740413568,10.786879345707154],[106.34597559893642,10.786877041184788],[106.34597344355868,10.786875060297477],[106.34597099518815,10.786873455601402],[106.34591564240152,10.786842947624264],[106.34591282335988,10.786841686943912],[106.34590983323363,10.786840915286129],[106.34590675618414,10.786840654370316],[106.34590367881931,10.786840911540319],[106.34590068775596,10.786841679557721],[106.3458978671818,10.786842936805582],[106.34589529648593,10.786844647896878],[106.34589304802422,10.786846764670509],[106.34589118508281,10.786849227546876],[106.34507620970309,10.788151499796093],[106.34507485158981,10.788154134851128],[106.34507394501931,10.788156957282101],[106.34507351464691,10.788159890329375],[106.34507357217717,10.788162854224948],[106.34507411604545,10.788165768361866],[106.34507513146059,10.788168553486425],[106.34507659080704,10.788171133853576],[106.345078454396,10.788173439286911],[106.34508067154479,10.788175407087206],[106.34508318195516,10.788176983737594],[106.34513921311076,10.788206407440256],[106.34516334468029,10.788199952802639]]},"properties":{"OBJECTID":65,"maNhanDang":" ","phienBan":0,"ngayPhienBan":1787739118000,"giaTriDoChinhXacMatPhang":0,"nguyenNhanThayDoi":null,"maDoiTuong":"KG05","loaiTrangThaiDuongBoNuoc":1,"loaiDuongBoNuoc":"Phá","SHAPE_Length":364.78829927938949}},{"type":"Feature","id":66,"geometry":{"type":"LineString","coordinates":[[106.34528196468888,10.788262246630852],[106.34609482829217,10.786963348419061],[106.3460961720935,10.786960747627603],[106.34609707583913,10.786957963177557],[106.34609751555061,10.786955068946737],[106.34609747956139,10.786952141725701],[106.34609696882637,10.786949259180304],[106.34609599689651,10.786946497791062],[106.3460945895593,10.786943930823938],[106.34609278415464,10.78694162638643],[106.34609062858402,10.786939645620528],[106.34608818003967,10.786938041080477],[106.34602696130582,10.786904300519433],[106.34602414242219,10.786903040097897],[106.34602115250222,10.786902268640898],[106.34601807569209,10.786902007859771],[106.34601499858337,10.786902265093758],[106.34601200777604,10.786903033103446],[106.34600918744125,10.786904290274515],[106.34600661695252,10.786906001226031],[106.34600436865188,10.786908117806187],[106.34600250581387,10.786910580447444],[106.34518889263347,10.788210675091815],[106.34518753456311,10.788213310154518],[106.34518662802766,10.788216132583262],[106.34518619768059,10.788219065621272],[106.34518625522534,10.788222029503718],[106.34518679909695,10.78822494362695],[106.34518781450468,10.788227728740539],[106.34518927383422,10.788230309102502],[106.34519113739866,10.788232614539142],[106.34519335451785,10.788234582353436],[106.34519586489655,10.788236159030097],[106.3452578349463,10.788268701274301],[106.34528196468888,10.788262246630852]]},"properties":{"OBJECTID":66,"maNhanDang":" ","phienBan":0,"ngayPhienBan":1787739118000,"giaTriDoChinhXacMatPhang":0,"nguyenNhanThayDoi":null,"maDoiTuong":"KG05","loaiTrangThaiDuongBoNuoc":1,"loaiDuongBoNuoc":"Phá","SHAPE_Length":365.67646838017248}},{"type":"Feature","id":67,"geometry":{"type":"LineString","coordinates":[[106.34539438407627,10.788321284931236],[106.34620588730112,10.787024558898382],[106.34620723124607,10.787021958241795],[106.34620813515683,10.78701917390201],[106.34620857505075,10.787016279753423],[106.34620853925651,10.787013352583889],[106.34620802872382,10.787010470057382],[106.34620705699818,10.787007708653393],[106.34620564986152,10.787005141637788],[106.34620384464813,10.787002837118894],[106.34620168925413,10.787000856240448],[106.34619924086667,10.786999251559328],[106.34614414801283,10.786968887780567],[106.34614132909694,10.786967626998939],[106.34613833908203,10.786966855203701],[106.34613526212075,10.786966594116702],[106.34613218481287,10.786966851086122],[106.34612919376788,10.786967618879668],[106.34612637316744,10.786968875888123],[106.34612380239614,10.786970586733526],[106.34612155380722,10.786972703264874],[106.34611969068625,10.786975165913312],[106.34530751265112,10.788272968909686],[106.34530615467708,10.788275604101939],[106.34530524826944,10.788278426646336],[106.34530481807943,10.788281359779173],[106.34530487580676,10.788284323729114],[106.34530541988146,10.788287237886696],[106.34530643550652,10.788290022996648],[106.34530789506034,10.788292603313353],[106.345309758848,10.788294908660886],[106.34531197618074,10.788296876341555],[106.34531448675457,10.788298452841071],[106.34537025433194,10.788327739583544],[106.34539438407627,10.788321284931236]]},"properties":{"OBJECTID":67,"maNhanDang":" ","phienBan":0,"ngayPhienBan":1787739118000,"giaTriDoChinhXacMatPhang":0,"nguyenNhanThayDoi":null,"maDoiTuong":"KG05","loaiTrangThaiDuongBoNuoc":1,"loaiDuongBoNuoc":"Phá","SHAPE_Length":363.56096571838492}},{"type":"Feature","id":68,"geometry":{"type":"LineString","coordinates":[[106.34551789038224,10.78838614232478],[106.34632789828638,10.787091803879875],[106.34632924209305,10.787089203088604],[106.3463301458424,10.78708641863736],[106.34633058555572,10.787083524404506],[106.34633054956633,10.787080597181184],[106.34633003882914,10.787077714633851],[106.34632906689525,10.7870749532436],[106.34632765955246,10.787072386276929],[106.34632585414106,10.787070081841799],[106.34632369856305,10.787068101080559],[106.34632125001126,10.787066496547691],[106.34625520702936,10.787030096433357],[106.34625238813447,10.787028836081763],[106.34624939821924,10.787028064679522],[106.34624632142433,10.787027803935045],[106.34624324433538,10.787028061186078],[106.34624025354626,10.787028829193186],[106.34623743322223,10.787030086343508],[106.34623486273145,10.787031797258949],[106.34623261441135,10.787033913791793],[106.34623075153304,10.787036376379644],[106.34541993387593,10.788332007196757],[106.34541857599207,10.788334642118956],[106.34541766960783,10.788337464375356],[106.34541723937157,10.788340397217041],[106.34541729698321,10.788343360887819],[106.34541784087605,10.788346274793129],[106.34541885625939,10.78834905969174],[106.3454203155207,10.788351639850649],[106.34542217897661,10.788353945104582],[106.34542439595195,10.788355912764073],[106.34542690615795,10.788357489320266],[106.34549375880715,10.788392596990324],[106.34551789038224,10.78838614232478]]},"properties":{"OBJECTID":68,"maNhanDang":" ","phienBan":0,"ngayPhienBan":1787739118000,"giaTriDoChinhXacMatPhang":0,"nguyenNhanThayDoi":null,"maDoiTuong":"KG05","loaiTrangThaiDuongBoNuoc":1,"loaiDuongBoNuoc":"Phá","SHAPE_Length":365.71117787259664}},{"type":"Feature","id":69,"geometry":{"type":"LineString","coordinates":[[106.34562147110316,10.788440537826528],[106.34643022622436,10.787148201406353],[106.34643157011861,10.787145600740168],[106.34643247398772,10.787142816402357],[106.34643291385116,10.78713992226405],[106.34643287803894,10.78713699510948],[106.34643236750119,10.787134112598837],[106.34643139578299,10.787131351207865],[106.34642998866489,10.787128784198888],[106.34642818347912,10.78712647967709],[106.34642602811896,10.787124498783621],[106.34642357976814,10.787122894073466],[106.34637721802677,10.787097341394684],[106.34637439897156,10.787096080789208],[106.34637140884882,10.787095309190626],[106.34636833181413,10.787095048315214],[106.34636525446922,10.787095305505188],[106.3463622634245,10.787096073522054],[106.34635944286153,10.78709733075034],[106.34635687216372,10.787099041805943],[106.34635462368219,10.787101158532005],[106.34635276069938,10.787103621354257],[106.34554343836248,10.788396864583035],[106.34554208021689,10.788399499634119],[106.34554117362143,10.788402322068947],[106.34554074323295,10.788405255125276],[106.34554080075679,10.788408219032274],[106.34554134462847,10.78841113318005],[106.34554236005623,10.788413918312033],[106.34554381942328,10.788416498680508],[106.34554568303899,10.788418804106755],[106.34554790021828,10.788420771889699],[106.34555041066012,10.78842234851121],[106.34559733952644,10.78844699250023],[106.34562147110316,10.788440537826528]]},"properties":{"OBJECTID":69,"maNhanDang":" ","phienBan":0,"ngayPhienBan":1787739118000,"giaTriDoChinhXacMatPhang":0,"nguyenNhanThayDoi":null,"maDoiTuong":"KG05","loaiTrangThaiDuongBoNuoc":1,"loaiDuongBoNuoc":"Phá","SHAPE_Length":360.20925240073854}},{"type":"Feature","id":70,"geometry":{"type":"LineString","coordinates":[[106.34573828070235,10.788501880226523],[106.34655569328289,10.787195706814941],[106.34647954597499,10.78715373890425],[106.34647672708057,10.787152478537831],[106.34647373716234,10.787151707124705],[106.34647066036233,10.787151446373917],[106.34646758326762,10.787151703623495],[106.34646459247354,10.787152471633942],[106.3464617721468,10.787153728791969],[106.3464592016568,10.787155439718735],[106.34645695334207,10.787157556265473],[106.34645509047449,10.787160018868494],[106.34564701909132,10.788451260075766],[106.34564566107314,10.788453895261638],[106.34564475463065,10.788456717810124],[106.34564432441705,10.788459650954206],[106.3456443821332,10.788462614918915],[106.34564492620935,10.788465529091027],[106.34564594184782,10.788468314211567],[106.34564740142554,10.788470894531477],[106.34564926524524,10.788473199871815],[106.34565148261518,10.78847516753247],[106.34565399322787,10.788476743997469],[106.34571414912381,10.788508334909464],[106.34573828070235,10.788501880226523]]},"properties":{"OBJECTID":70,"maNhanDang":" ","phienBan":0,"ngayPhienBan":1787739118000,"giaTriDoChinhXacMatPhang":0,"nguyenNhanThayDoi":null,"maDoiTuong":"KG05","loaiTrangThaiDuongBoNuoc":1,"loaiDuongBoNuoc":"Phá","SHAPE_Length":363.88298259803975}},{"type":"Feature","id":71,"geometry":{"type":"LineString","coordinates":[[106.34585546747763,10.788563420755027],[106.34667146315705,10.787259513646088],[106.34657968064131,10.787208927306578],[106.34576382869942,10.788512602465579],[106.34576247065431,10.788515237647259],[106.34576156419031,10.788518060197884],[106.34576113396184,10.788520993348486],[106.34576119167043,10.788523957321955],[106.34576173574649,10.788526871502841],[106.345762751392,10.788529656629981],[106.34576421098301,10.788532236952268],[106.3457660748209,10.788534542288968],[106.34576829221221,10.788536509938526],[106.34577080284735,10.78853808638395],[106.34583133772962,10.788569877251856],[106.34585546747763,10.788563420755027]]},"properties":{"OBJECTID":71,"maNhanDang":" ","phienBan":0,"ngayPhienBan":1787739118000,"giaTriDoChinhXacMatPhang":0,"nguyenNhanThayDoi":null,"maDoiTuong":"KG05","loaiTrangThaiDuongBoNuoc":1,"loaiDuongBoNuoc":"Phá","SHAPE_Length":364.15960677636377}},{"type":"Feature","id":72,"geometry":{"type":"LineString","coordinates":[[106.34597321083986,10.788625253092178],[106.34677771160928,10.787339713788878],[106.34677905537312,10.787337112988657],[106.34677995908659,10.787334328538083],[106.34678039877276,10.787331434312952],[106.3467803627661,10.787328507101554],[106.34677985202188,10.787325624567357],[106.34677888009098,10.787322863188471],[106.34677747276021,10.787320296228568],[106.34677566736825,10.787317991793083],[106.34677351181494,10.787316011022268],[106.34677106329049,10.787314406469052],[106.34671071221898,10.787281145358763],[106.34670789346423,10.787279884789983],[106.34670490364802,10.787279113161143],[106.34670182691193,10.787278852187971],[106.34669874984365,10.78727910921496],[106.34669575904027,10.787279877008674],[106.34669293867114,10.787281133961308],[106.34669036810909,10.787282844698799],[106.34668811969674,10.787284961076343],[106.34668625671051,10.787287423533316],[106.34588101731602,10.78857414478853],[106.34587965941657,10.788576779709608],[106.34587875302093,10.788579601968795],[106.34587832277819,10.788582534815736],[106.34587838038867,10.788585498492678],[106.34587892428567,10.78858841240346],[106.34587993967808,10.788591197305292],[106.3458813989527,10.78859377746374],[106.34588326242502,10.78859608271229],[106.34588547941858,10.788598050360513],[106.34588798964302,10.788599626898899],[106.34594908109003,10.788631709598301],[106.34597321083986,10.788625253092178]]},"properties":{"OBJECTID":72,"maNhanDang":" ","phienBan":0,"ngayPhienBan":1787739118000,"giaTriDoChinhXacMatPhang":0,"nguyenNhanThayDoi":null,"maDoiTuong":"KG05","loaiTrangThaiDuongBoNuoc":1,"loaiDuongBoNuoc":"Phá","SHAPE_Length":361.98128475612288}},{"type":"Feature","id":73,"geometry":{"type":"LineString","coordinates":[[106.34608965077176,10.78868640258656],[106.34689274192895,10.787403111497191],[106.34689408575585,10.787400510707643],[106.34689498952012,10.787397726253094],[106.34689542924211,10.787394832013717],[106.34689539325464,10.787391904782618],[106.34689488251257,10.787389022228277],[106.34689391056745,10.787386260833756],[106.346892503208,10.78738369386738],[106.34689069777581,10.787381389438689],[106.34688854217455,10.787379408691292],[106.34688609359901,10.787377804180528],[106.34682703139822,10.787345253037518],[106.3468242124783,10.787343992250362],[106.34682122245788,10.78734322045265],[106.34681814549056,10.787342959366491],[106.34681506817707,10.787343216340108],[106.34681207712782,10.787343984141025],[106.34680925652539,10.78734524115962],[106.34680668575513,10.787346952017328],[106.34680443717092,10.787349068562357],[106.34680257405876,10.787351531224921],[106.34599875885843,10.78863597711895],[106.34599740111098,10.788638612179032],[106.34599649488823,10.788641434550394],[106.34599606483459,10.788644367479588],[106.34599612264526,10.788647331206583],[106.34599666674806,10.788650245133816],[106.34599768234632,10.788653030018004],[106.34599914182118,10.788655610125156],[106.34600100548272,10.788657915290115],[106.34600322264926,10.788659882824692],[106.34600573302571,10.788661459222439],[106.34606551918768,10.788692857297196],[106.34608965077176,10.78868640258656]]},"properties":{"OBJECTID":73,"maNhanDang":" ","phienBan":0,"ngayPhienBan":1787739118000,"giaTriDoChinhXacMatPhang":0,"nguyenNhanThayDoi":null,"maDoiTuong":"KG05","loaiTrangThaiDuongBoNuoc":1,"loaiDuongBoNuoc":"Phá","SHAPE_Length":361.07024937628091}},{"type":"Feature","id":74,"geometry":{"type":"LineString","coordinates":[[106.34620163108406,10.788745208164533],[106.34700336734471,10.787464082018356],[106.34700471129626,10.78746148136036],[106.34700561521032,10.787458697017136],[106.34700605510379,10.787455802864146],[106.34700601930525,10.787452875690381],[106.34700550876451,10.787449993160944],[106.34700453702746,10.787447231756426],[106.3470031298767,10.787444664743669],[106.34700132464735,10.787442360231823],[106.34699916923662,10.787440379365252],[106.34699672083283,10.78743877470121],[106.34694206172939,10.78740865072683],[106.34693924267684,10.787407390073193],[106.34693625254555,10.787406618438803],[106.34693317549538,10.787406357541993],[106.34693009813266,10.787406614725937],[106.3469271070725,10.787407382751963],[106.34692428650094,10.787408640003298],[106.34692171580546,10.787410351093486],[106.34691946734058,10.787412467862376],[106.34691760439134,10.787414930731629],[106.34611519879563,10.788697124794993],[106.3461138410193,10.788699759850553],[106.34611293477349,10.788702582224175],[106.34611250470385,10.788705515160327],[106.34611256250635,10.788708478896689],[106.34611310660897,10.788711392833319],[106.34611412221467,10.788714177724595],[106.34611558170366,10.788716757834333],[106.34611744538456,10.788719062995465],[106.34611966257387,10.78872103051825],[106.34612217297428,10.788722606895158],[106.34617750132706,10.788751662880458],[106.34620163108406,10.788745208164533]]},"properties":{"OBJECTID":74,"maNhanDang":" ","phienBan":0,"ngayPhienBan":1787739118000,"giaTriDoChinhXacMatPhang":0,"nguyenNhanThayDoi":null,"maDoiTuong":"KG05","loaiTrangThaiDuongBoNuoc":1,"loaiDuongBoNuoc":"Phá","SHAPE_Length":359.39218255314728}},{"type":"Feature","id":75,"geometry":{"type":"LineString","coordinates":[[106.34631241596848,10.788803384942975],[106.3471128119252,10.787524402017304],[106.34711415600435,10.787521801097052],[106.34711505997188,10.787519016464648],[106.34711549984017,10.787516122012919],[106.34711546393689,10.787513194548849],[106.34711495321478,10.787510311755439],[106.34711398122634,10.787507550130305],[106.34711257376416,10.787504982955758],[106.34711076817661,10.787502678354173],[106.34710861237659,10.787500697480313],[106.34710616357032,10.787499092898514],[106.34705268715621,10.787469621229711],[106.34704986826975,10.787468360776272],[106.34704687833933,10.78746758929727],[106.34704380151445,10.787467328505443],[106.34704072439017,10.787467585740588],[106.34703773356999,10.787468353763005],[106.34703491322846,10.787469610957242],[106.34703234274208,10.787471321940455],[106.34703009445541,10.787473438558219],[106.34702823164487,10.787475901239818],[106.34622717911647,10.788755930363202],[106.34622582120194,10.788758565568612],[106.34622491484491,10.788761388112915],[106.34622448469415,10.78876432123578],[106.34622454244781,10.788767285169641],[106.34622508653524,10.788770199309011],[106.34622610215976,10.788772984402595],[106.346227561701,10.788775564708542],[106.34622942546609,10.788777870054302],[106.34623164276914,10.788779837744981],[106.34623415330961,10.788781414268364],[106.3462882843845,10.788809841479363],[106.34631241596848,10.788803384942975]]},"properties":{"OBJECTID":75,"maNhanDang":" ","phienBan":0,"ngayPhienBan":1787739118000,"giaTriDoChinhXacMatPhang":0,"nguyenNhanThayDoi":null,"maDoiTuong":"KG05","loaiTrangThaiDuongBoNuoc":1,"loaiDuongBoNuoc":"Phá","SHAPE_Length":358.53616134206572}},{"type":"Feature","id":76,"geometry":{"type":"LineString","coordinates":[[106.34643257791221,10.78886648901997],[106.3472315204998,10.787589826714346],[106.34723286460158,10.78758722590775],[106.34723376863619,10.787584441392356],[106.34723420861697,10.787581547049347],[106.34723417287,10.787578619673955],[106.34723366234373,10.787575736937846],[106.34723269058388,10.787572975328288],[106.34723128337406,10.787570408118707],[106.34722947805155,10.787568103424542],[106.34722732251676,10.787566122395944],[106.3472248739622,10.787564517595291],[106.34716213174406,10.78752993940239],[106.34715931284903,10.787528679005526],[106.34715632292301,10.787527907570624],[106.34715324611098,10.787527646808044],[106.34715016900313,10.787527904056384],[106.34714717819799,10.787528672075949],[106.34714435786529,10.787529929252491],[106.34714178737717,10.787531640205506],[106.34713953907443,10.787533756783933],[106.34713767623069,10.787536219421261],[106.34633796401293,10.788814108940185],[106.34633660623544,10.788816743996286],[106.34633569998925,10.788819566370856],[106.34633526992016,10.788822499308109],[106.34633532772409,10.788825463045457],[106.34633587182904,10.788828376982686],[106.34633688743783,10.788831161873917],[106.34633834693048,10.788833741982742],[106.34634021061544,10.788836047141904],[106.34634242780891,10.788838014661525],[106.34634493821329,10.788839591034],[106.34640844632277,10.788872943757637],[106.34643257791221,10.78886648901997]]},"properties":{"OBJECTID":76,"maNhanDang":" ","phienBan":0,"ngayPhienBan":1787739118000,"giaTriDoChinhXacMatPhang":0,"nguyenNhanThayDoi":null,"maDoiTuong":"KG05","loaiTrangThaiDuongBoNuoc":1,"loaiDuongBoNuoc":"Phá","SHAPE_Length":360.2767825062723}},{"type":"Feature","id":77,"geometry":{"type":"LineString","coordinates":[[106.34655224743535,10.78892933361668],[106.3473497421253,10.78765498288179],[106.34735108606075,10.787652382219857],[106.34735198996084,10.787649597876202],[106.34735242984317,10.787646703725461],[106.34735239403669,10.78764377655569],[106.34735188349144,10.787640894031012],[106.34735091175328,10.787638132631018],[106.34734950460452,10.787635565621605],[106.34734769937985,10.787633261111058],[106.34734554397576,10.787631280243012],[106.34734309557979,10.787629675574166],[106.34728084033054,10.787595364079795],[106.34727802126868,10.787594103476387],[106.34727503113952,10.787593331881785],[106.34727195409909,10.787593071012232],[106.34726887674955,10.787593328209802],[106.34726588570177,10.787594096235765],[106.34726306513767,10.78759535347432],[106.34726049444093,10.787597064540957],[106.34725824596289,10.787599181278351],[106.3472563829861,10.787601644111716],[106.34645812596224,10.788877211198521],[106.34645676801216,10.788879846398649],[106.34645586162694,10.788882668946076],[106.34645543145695,10.788885602077839],[106.34645548920123,10.788888566023477],[106.34645603328939,10.788891480174511],[106.34645704892417,10.788894265276689],[106.34645850848403,10.788896845585416],[106.34646037227431,10.788899150925733],[106.3464625896067,10.788901118600814],[106.34646510017788,10.788902695097089],[106.34652811584404,10.788935788363776],[106.34655224743535,10.78892933361668]]},"properties":{"OBJECTID":77,"maNhanDang":" ","phienBan":0,"ngayPhienBan":1787739118000,"giaTriDoChinhXacMatPhang":0,"nguyenNhanThayDoi":null,"maDoiTuong":"KG05","loaiTrangThaiDuongBoNuoc":1,"loaiDuongBoNuoc":"Phá","SHAPE_Length":359.55218658118923}},{"type":"Feature","id":78,"geometry":{"type":"LineString","coordinates":[[106.34737460644999,10.787666800265542],[106.34657779732333,10.78894005578125],[106.34657643917957,10.788942690836066],[106.34657553258833,10.788945513274847],[106.34657510220651,10.788948446334656],[106.34657515973937,10.788951410243953],[106.34657570362218,10.788954324392174],[106.34657671906274,10.788957109522123],[106.34657817844372,10.788959689885564],[106.34658004207381,10.788961995303374],[106.34658225926712,10.788963963074233],[106.34658476972183,10.788965539679925],[106.3466501141005,10.788999852578817],[106.34665291862436,10.789001043399496],[106.3466558811736,10.789001755235102],[106.34665892056374,10.789001968578777],[106.34666195350458,10.789001677584139],[106.34666489688263,10.789000890225484],[106.34666767003876,10.788999628079271],[106.34667019697852,10.788997925732838],[106.34667240845469,10.788995829836594],[106.3466742438649,10.788993397825623],[106.34747026331179,10.787721405722788],[106.34747160714932,10.78771880493324],[106.3474725109207,10.787716020475871],[106.34747295064575,10.787713126232024],[106.34747291465702,10.787710198996063],[106.34747240390942,10.787707316437745],[106.34747143195486,10.787704555041376],[106.34747002458269,10.787701988076414],[106.34746821913538,10.787699683653372],[106.34746606351773,10.787697702916615],[106.34746361492577,10.787696098421984],[106.34739906196786,10.7876605202277],[106.34737460644999,10.787666800265542]]},"properties":{"OBJECTID":78,"maNhanDang":" ","phienBan":0,"ngayPhienBan":1787739118000,"giaTriDoChinhXacMatPhang":0,"nguyenNhanThayDoi":null,"maDoiTuong":"KG05","loaiTrangThaiDuongBoNuoc":1,"loaiDuongBoNuoc":"Phá","SHAPE_Length":359.5090753351684}},{"type":"Feature","id":79,"geometry":{"type":"LineString","coordinates":[[106.34749512581746,10.787733223099776],[106.3466997937622,10.789004119979568],[106.34669843559631,10.789006755031023],[106.34669752898748,10.789009577471663],[106.34669709859357,10.789012510536928],[106.34669715612043,10.789015474453494],[106.34669770000345,10.78901838860895],[106.34669871545012,10.789021173744279],[106.3467001748424,10.789023754109554],[106.34670203848781,10.78902605952416],[106.34670425569907,10.789028027285578],[106.34670676617259,10.789029603874761],[106.34675908673559,10.789057079762664],[106.34676189143241,10.789058270751834],[106.34676485418186,10.789058982717497],[106.34676789379147,10.789059196148635],[106.34677092696245,10.789058905196287],[106.34677387057245,10.789058117833838],[106.34677664395348,10.789056855638513],[106.34677917110263,10.789055153200064],[106.34678138276476,10.789053057172861],[106.34678321833053,10.789050624997348],[106.34757791935834,10.78778073991697],[106.34757926332681,10.787778138975831],[106.34758016720342,10.787775354347835],[106.34758060700528,10.787772459918644],[106.34758057106293,10.787769532487317],[106.34758006033005,10.787766649728578],[106.34757908835812,10.787763888131831],[106.34757768093687,10.787761320971644],[106.34757587540996,10.787759016363513],[106.34757371968419,10.787757035456544],[106.3475712709583,10.787755430810941],[106.34751958316998,10.787726944856942],[106.34749512581746,10.787733223099776]]},"properties":{"OBJECTID":79,"maNhanDang":" ","phienBan":0,"ngayPhienBan":1787739118000,"giaTriDoChinhXacMatPhang":0,"nguyenNhanThayDoi":null,"maDoiTuong":"KG05","loaiTrangThaiDuongBoNuoc":1,"loaiDuongBoNuoc":"Phá","SHAPE_Length":355.70532530658977}},{"type":"Feature","id":80,"geometry":{"type":"LineString","coordinates":[[106.34769219867525,10.787822078799907],[106.3476272392237,10.787786277225155],[106.34762442028877,10.787785016505918],[106.34762143026873,10.787784244762911],[106.34761835331223,10.78778398371543],[106.34761527601458,10.787784240710179],[106.3476122849807,10.787785008514511],[106.34760946438779,10.787786265519975],[106.34760689361627,10.787787976350449],[106.34760464501581,10.787790092857735],[106.34760278186916,10.787792555476601],[106.34680876640732,10.789061347145319],[106.34680740838435,10.78906398233422],[106.34680650194105,10.789066804887574],[106.34680607173098,10.789069738037114],[106.34680612945509,10.789072702006555],[106.34680667354338,10.789075616181369],[106.34680768919766,10.789078401301351],[106.34680914879398,10.789080981616349],[106.34681101263401,10.789083286946534],[106.34681323002472,10.789085254591152],[106.34681574065716,10.789086831033885],[106.34688149517628,10.789121361881515],[106.34688429987266,10.789122552880929],[106.34688726262398,10.789123264854172],[106.34689030223687,10.789123478289813],[106.34689333541158,10.789123187338706],[106.34689627902478,10.789122399974287],[106.34689905240754,10.789121137774066],[106.34690157955608,10.789119435328288],[106.34690379121457,10.789117339292019],[106.34690562677314,10.78911490710656],[106.34769884708345,10.787847386094413],[106.34769219867525,10.787822078799907]]},"properties":{"OBJECTID":80,"maNhanDang":" ","phienBan":0,"ngayPhienBan":1787739118000,"giaTriDoChinhXacMatPhang":0,"nguyenNhanThayDoi":null,"maDoiTuong":"KG05","loaiTrangThaiDuongBoNuoc":1,"loaiDuongBoNuoc":"Phá","SHAPE_Length":358.39568283067115}},{"type":"Feature","id":81,"geometry":{"type":"LineString","coordinates":[[106.34772370960766,10.78785920345193],[106.34693117485925,10.789125629243857],[106.34692981682396,10.789128264431069],[106.34692891037099,10.789131086985673],[106.3469284801545,10.789134020138455],[106.34692853787571,10.789136984112094],[106.3469290819647,10.789139898290992],[106.34693009762309,10.789142683413887],[106.34693155722647,10.789145263729649],[106.34693342107586,10.789147569057594],[106.34693563847736,10.789149536696284],[106.34693814912103,10.789151113128923],[106.34699372111282,10.789180296871303],[106.34699652565872,10.789181487530634],[106.3469994881941,10.789182199240923],[106.34700252754718,10.78918241250172],[106.34700556044147,10.789182121469803],[106.34700850377742,10.789181334119281],[106.34701127690933,10.789180072023097],[106.34701380385499,10.789178369761958],[106.34701601537756,10.789176273976832],[106.34701785088259,10.789173842091017],[106.3478097126535,10.787908489651523],[106.34781105681733,10.787905888853938],[106.34781196090074,10.787903104332845],[106.34781240091429,10.787900209974095],[106.34781236518248,10.787897282578026],[106.3478118546534,10.787894399821607],[106.34781088287372,10.787891638197312],[106.34780947562908,10.787889070983443],[106.34780767026004,10.787886766299712],[106.34780551467111,10.787884785299733],[106.34780306605978,10.787883180548333],[106.3477481669609,10.787852923382598],[106.34772370960766,10.78785920345193]]},"properties":{"OBJECTID":81,"maNhanDang":" ","phienBan":0,"ngayPhienBan":1787739118000,"giaTriDoChinhXacMatPhang":0,"nguyenNhanThayDoi":null,"maDoiTuong":"KG05","loaiTrangThaiDuongBoNuoc":1,"loaiDuongBoNuoc":"Phá","SHAPE_Length":355.33866527637588}},{"type":"Feature","id":82,"geometry":{"type":"LineString","coordinates":[[106.34783457701553,10.787920306996044],[106.34704339897729,10.789184564218537],[106.34704204103377,10.789187199421718],[106.34704113465541,10.78919002197104],[106.34704070449239,10.789192955103523],[106.34704076224354,10.789195919048733],[106.34704130633826,10.78919883319824],[106.34704232197915,10.789201618297874],[106.34704378154451,10.789204198603151],[106.34704564533955,10.789206503939241],[106.34704786267585,10.789208471609461],[106.34705037325003,10.78921004810041],[106.34708337410643,10.789227377452077],[106.34708617865429,10.789228568100278],[106.34708914118917,10.789229279801749],[106.34709218054013,10.789229493056482],[106.34709521343157,10.789229202021478],[106.34709815676486,10.789228414670848],[106.34710092989518,10.789227152577325],[106.34710345684114,10.789225450321192],[106.34710566836659,10.789223354542807],[106.34710750387762,10.789220922664706],[106.34789828247085,10.787957302545747],[106.34789962623027,10.787954701741148],[106.34790052993725,10.787951917286508],[106.34790096961488,10.787949023058196],[106.34790093359778,10.787946095845065],[106.34790042284152,10.787943213311113],[106.34789945089736,10.787940451934917],[106.34789804355265,10.787937884980538],[106.34789623814663,10.78793558055369],[106.34789408257987,10.787933599794773],[106.34789163404325,10.787931995256729],[106.34785903254203,10.787914026921381],[106.34783457701553,10.787920306996044]]},"properties":{"OBJECTID":82,"maNhanDang":" ","phienBan":0,"ngayPhienBan":1787739118000,"giaTriDoChinhXacMatPhang":0,"nguyenNhanThayDoi":null,"maDoiTuong":"KG05","loaiTrangThaiDuongBoNuoc":1,"loaiDuongBoNuoc":"Phá","SHAPE_Length":349.24421678519803}},{"type":"Feature","id":83,"geometry":{"type":"LineString","coordinates":[[106.34792314501121,10.787969119886267],[106.34713305380797,10.789231644780894],[106.34713169587525,10.789234279700455],[106.34713078945596,10.78923710196664],[106.34713035920085,10.789240034825804],[106.34713041681101,10.789242998516647],[106.34713096071972,10.789245912439375],[106.34713197613496,10.789248697347675],[106.34713343544175,10.789251277503881],[106.34713529895315,10.789253582738711],[106.34713751598956,10.789255550359576],[106.34714002625704,10.789257126855549],[106.34720831825092,10.789292990797046],[106.34721112279287,10.789294181500226],[106.34721408533414,10.789294893243767],[106.34721712469931,10.789295106525467],[106.34722015760791,10.789294815501279],[106.34722310095641,10.789294028145441],[106.3472258740953,10.789292766031982],[106.34722840103886,10.789291063743573],[106.34723061254735,10.789288967923948],[106.34723244802406,10.789286535999837],[106.3480217149057,10.788025330635259],[106.34802305897163,10.788022729709766],[106.34802396292609,10.788019945074605],[106.34802440278189,10.788017050622408],[106.34802436686708,10.788014123159893],[106.34802385613469,10.788011240369739],[106.34802288413744,10.788008478749202],[106.34802147666808,10.788005911580203],[106.34801967107501,10.788003606984727],[106.34801751527115,10.788001626117151],[106.34801506646257,10.788000021541459],[106.34794760236819,10.787962839800972],[106.34792314501121,10.787969119886267]]},"properties":{"OBJECTID":83,"maNhanDang":" ","phienBan":0,"ngayPhienBan":1787739118000,"giaTriDoChinhXacMatPhang":0,"nguyenNhanThayDoi":null,"maDoiTuong":"KG05","loaiTrangThaiDuongBoNuoc":1,"loaiDuongBoNuoc":"Phá","SHAPE_Length":357.43976643109869}},{"type":"Feature","id":84,"geometry":{"type":"LineString","coordinates":[[106.34813091285689,10.78806708058347],[106.34807113531241,10.788031748266009],[106.34806829809186,10.788030382163281],[106.34806526954755,10.788029519622594],[106.34806213830556,10.788029185884982],[106.34805899599733,10.788029390716808],[106.34805593457808,10.788030128123957],[106.34805304363597,10.788031376527243],[106.34805040777034,10.788033099393896],[106.34804810411612,10.788035246306638],[106.3480462000865,10.788037754439076],[106.34725799796395,10.789297258105126],[106.34725663994016,10.78929989329537],[106.34725573349736,10.789302715850541],[106.34725530328926,10.789305649001959],[106.34725536101676,10.789308612972906],[106.34725590510982,10.789311527148433],[106.34725692076998,10.789314312267939],[106.34725838037306,10.789316892580926],[106.34726024422032,10.789319197907284],[106.34726246161831,10.78932116554607],[106.34726497225759,10.78932274198087],[106.34732660588107,10.789355107231954],[106.34732943827336,10.789356303811365],[106.34733242991153,10.789357013986992],[106.34733549790658,10.789357218082062],[106.34733855725386,10.789356910441727],[106.34733995934776,10.789356593110107],[106.34734254553888,10.789355692785172],[106.34734496812422,10.789354416051147],[106.34734717268482,10.789352791587536],[106.34734910969928,10.789350855884948],[106.34735073565608,10.789348652425405],[106.34813708161586,10.788092115755644],[106.34813091285689,10.78806708058347]]},"properties":{"OBJECTID":84,"maNhanDang":" ","phienBan":0,"ngayPhienBan":1787739118000,"giaTriDoChinhXacMatPhang":0,"nguyenNhanThayDoi":null,"maDoiTuong":"KG05","loaiTrangThaiDuongBoNuoc":1,"loaiDuongBoNuoc":"Phá","SHAPE_Length":354.74991446948434}},{"type":"Feature","id":85,"geometry":{"type":"LineString","coordinates":[[106.34816092325417,10.788105564230692],[106.34737628377614,10.78935937452392],[106.34737492586126,10.789362009733065],[106.34737401950697,10.789364832281908],[106.34737358936223,10.789367765409176],[106.34737364712515,10.789370729346341],[106.34737419122483,10.789373643486972],[106.34737520686406,10.789376428578894],[106.34737666642181,10.789379008879505],[106.34737853020434,10.789381314215653],[106.34738074752472,10.789383281892043],[106.34738325808132,10.789384858396286],[106.34745483264278,10.789422444577118],[106.34745763718526,10.78942363528944],[106.34746059972915,10.789424347039388],[106.34746363909814,10.789424560324385],[106.3474666720108,10.789424269300236],[106.34746961536266,10.789423481941258],[106.34747238850325,10.789422219821786],[106.34747491544607,10.789420517525013],[106.34747712695065,10.78941842169538],[106.34747896241979,10.789415989760482],[106.34826144489095,10.788165622578113],[106.34826276777098,10.788163073063904],[106.34826366746542,10.788160345320481],[106.34826412098018,10.788157509062621],[106.34826411672445,10.788154636778485],[106.34826365480703,10.788151801876976],[106.34826274703343,10.788149076811587],[106.34826141660426,10.788146531228653],[106.34825969752217,10.78814423018736],[106.34825763372291,10.78814223249697],[106.34825527795239,10.788140589213805],[106.34818585848282,10.788099558048232],[106.34816092325417,10.788105564230692]]},"properties":{"OBJECTID":85,"maNhanDang":" ","phienBan":0,"ngayPhienBan":1787739118000,"giaTriDoChinhXacMatPhang":0,"nguyenNhanThayDoi":null,"maDoiTuong":"KG05","loaiTrangThaiDuongBoNuoc":1,"loaiDuongBoNuoc":"Phá","SHAPE_Length":355.68372010265546}},{"type":"Feature","id":86,"geometry":{"type":"LineString","coordinates":[[106.34835908310983,10.788201944888893],[106.34831022360426,10.788173066654906],[106.3483073862257,10.788171700298733],[106.34830435747497,10.788170837561641],[106.34830122599323,10.78817050369298],[106.34829808342816,10.788170708463941],[106.34829502175191,10.788171445881579],[106.34829213056922,10.788172694364212],[106.34828949449508,10.788174417373035],[106.34828719067835,10.788176564481491],[106.34828528654383,10.788179072851079],[106.34750451237849,10.789426711844287],[106.34750315422285,10.789429346900144],[106.34750224762442,10.789432169343311],[106.34750181724077,10.789435102409293],[106.34750187477744,10.789438066324889],[106.34750241866955,10.789440980477858],[106.34750343412436,10.789443765609388],[106.34750489352368,10.789446345969788],[106.3475067571749,10.7894486513787],[106.34750897439065,10.789450619133875],[106.34751148486735,10.789452195716526],[106.34756186132472,10.789478649968039],[106.34756466586366,10.789479840715018],[106.3475676284118,10.789480552491415],[106.34757066778991,10.789480765793268],[106.34757370071355,10.789480474775717],[106.34757664407512,10.78947968741317],[106.34757941722114,10.789478425280787],[106.34758194416241,10.78947672296329],[106.34758415565615,10.789474627107259],[106.34758599110341,10.789472195142951],[106.34836525005839,10.788226978250496],[106.34835908310983,10.788201944888893]]},"properties":{"OBJECTID":86,"maNhanDang":" ","phienBan":0,"ngayPhienBan":1787739118000,"giaTriDoChinhXacMatPhang":0,"nguyenNhanThayDoi":null,"maDoiTuong":"KG05","loaiTrangThaiDuongBoNuoc":1,"loaiDuongBoNuoc":"Phá","SHAPE_Length":348.94880185143421}},{"type":"Feature","id":87,"geometry":{"type":"LineString","coordinates":[[106.34838909172042,10.78824042851493],[106.34761154107025,10.789482917217422],[106.34761018297993,10.789485552284743],[106.3476092764347,10.789488374724259],[106.34760884608927,10.789491307775894],[106.34760890364747,10.789494271671327],[106.34760944754393,10.789497185803397],[106.34761046298665,10.789499970918326],[106.34761192235929,10.789502551271131],[106.34761378597223,10.789504856685612],[106.34761600314197,10.789506824462894],[106.34761851356957,10.789508401086598],[106.34767677687447,10.789538997125687],[106.34767958158672,10.789540188038583],[106.34768254433484,10.78954089994304],[106.34768558393185,10.78954111333103],[106.3476886170849,10.789540822355168],[106.34769156067773,10.789540034988947],[106.34769433404828,10.789538772808244],[106.34769686119903,10.789537070400083],[106.34769907287945,10.789534974414856],[106.34770090848379,10.789532542287995],[106.34847670507622,10.788292855851511],[106.34847802783901,10.788290306209174],[106.34847892738942,10.788287578355352],[106.34847938073624,10.78828474201015],[106.34847937629252,10.788281869666562],[106.34847891417186,10.78827903473765],[106.34847800618542,10.788276309680212],[106.34847667554004,10.788273764142879],[106.34847495624516,10.788271463186009],[106.34847289224352,10.788269465618821],[106.3484705362881,10.788267822496326],[106.34841402878334,10.788234422310252],[106.34838909172042,10.78824042851493]]},"properties":{"OBJECTID":87,"maNhanDang":" ","phienBan":0,"ngayPhienBan":1787739118000,"giaTriDoChinhXacMatPhang":0,"nguyenNhanThayDoi":null,"maDoiTuong":"KG05","loaiTrangThaiDuongBoNuoc":1,"loaiDuongBoNuoc":"Phá","SHAPE_Length":349.52863243187306}},{"type":"Feature","id":88,"geometry":{"type":"LineString","coordinates":[[106.34850054674808,10.788306306106751],[106.34772645663058,10.789543264355991],[106.34772509861003,10.789545899548337],[106.34772419217109,10.789548722105149],[106.34772376196739,10.789551655257599],[106.34772381969975,10.789554619228836],[106.34772436379795,10.789557533403789],[106.34772537946344,10.789560318521767],[106.34772683907178,10.789562898832211],[106.34772870292409,10.789565204154984],[106.34773092032668,10.789567171789157],[106.34773343096992,10.789568748218365],[106.34778814448941,10.789597479610867],[106.3477909490344,10.789598670320675],[106.34779391158035,10.78959938206782],[106.34779695095089,10.789599595349806],[106.34779998386462,10.789599304322518],[106.347802927217,10.789598516960361],[106.34780570035764,10.789597254837746],[106.34780822730004,10.789595552537943],[106.34781043880375,10.789593456705457],[106.34781227427165,10.789591024767937],[106.34858471607963,10.788356698619783],[106.34858603900886,10.788354149113578],[106.3485869387424,10.788351421366668],[106.34858739228402,10.788348585097348],[106.34858738804166,10.788345712797632],[106.34858692612379,10.788342877880433],[106.34858601833649,10.788340152803208],[106.34858468788187,10.788337607216016],[106.34858296876492,10.788335306181351],[106.34858090492442,10.788333308511197],[106.34857854910993,10.788331665263867],[106.34852548381366,10.788300299892954],[106.34850054674808,10.788306306106751]]},"properties":{"OBJECTID":88,"maNhanDang":" ","phienBan":0,"ngayPhienBan":1787739118000,"giaTriDoChinhXacMatPhang":0,"nguyenNhanThayDoi":null,"maDoiTuong":"KG05","loaiTrangThaiDuongBoNuoc":1,"loaiDuongBoNuoc":"Phá","SHAPE_Length":347.23371698996732}},{"type":"Feature","id":89,"geometry":{"type":"LineString","coordinates":[[106.34869165079218,10.788396013483441],[106.34863353346789,10.788363336114655],[106.34863070903458,10.78836204586079],[106.3486277079088,10.788361248726774],[106.34862461549358,10.788360967396644],[106.34862151978973,10.788361209876204],[106.34861850889172,10.788361969265219],[106.3486156684806,10.788363223953759],[106.34861307938598,10.788364938237162],[106.34861081528568,10.788367063332075],[106.34860894060918,10.788369538764687],[106.34783782425575,10.789601746822687],[106.34783646612004,10.789604381883036],[106.34783555953865,10.78960720432627],[106.3478351291683,10.789610137389005],[106.34783518671399,10.789613101299283],[106.34783573061063,10.789616015446171],[106.3478367460656,10.789618800572176],[106.34783820546104,10.78962138092885],[106.34784006910508,10.789623686336958],[106.34784228631126,10.789625654095174],[106.34784479677712,10.789627230685408],[106.34790393155915,10.789658284276786],[106.34790673610915,10.789659474951948],[106.34790969865242,10.789660186672075],[106.34791273801527,10.789660399936045],[106.34791577091922,10.789660108900426],[106.34791871426273,10.789659321539592],[106.34792148739822,10.78965805942722],[106.34792401434181,10.789656357145175],[106.34792622585529,10.789654261335963],[106.3479280613432,10.789651829424734],[106.34869816198575,10.788421245071897],[106.34869165079218,10.788396013483441]]},"properties":{"OBJECTID":89,"maNhanDang":" ","phienBan":0,"ngayPhienBan":1787739118000,"giaTriDoChinhXacMatPhang":0,"nguyenNhanThayDoi":null,"maDoiTuong":"KG05","loaiTrangThaiDuongBoNuoc":1,"loaiDuongBoNuoc":"Phá","SHAPE_Length":347.19587761094982}},{"type":"Feature","id":90,"geometry":{"type":"LineString","coordinates":[[106.34881060798858,10.788462901691368],[106.34874732941164,10.788427321331252],[106.34874450497958,10.788426031063059],[106.34874150385168,10.788425233918225],[106.34873841143222,10.788424952581416],[106.34873531572337,10.788425195058736],[106.34873230482093,10.788425954449915],[106.3487294644073,10.788427209144666],[106.34872687531323,10.788428923437653],[106.34872461121761,10.788431048544577],[106.34872273655063,10.788433523990447],[106.34795361133614,10.789662551469371],[106.34795225323192,10.789665186535458],[106.34795134667634,10.789668008977186],[106.34795091632476,10.789670942033245],[106.34795097388135,10.789673905933983],[106.34795151778079,10.789676820070861],[106.34795253323072,10.789679605188768],[106.34795399261422,10.789682185541482],[106.34795585624076,10.789684490951741],[106.34795807342572,10.789686458719828],[106.3479605838688,10.789688035328805],[106.34802496924132,10.789721845286701],[106.34802777394565,10.78972303628322],[106.34803073670459,10.789723748251259],[106.34803377632421,10.78972396167944],[106.34803680950422,10.789723670718798],[106.3480397531208,10.789722883343064],[106.34804252650457,10.789721621130143],[106.34804505365142,10.789719918670786],[106.34804726530528,10.78971782262062],[106.3480491008561,10.78971539042157],[106.34881711919371,10.788488133276585],[106.34881060798858,10.788462901691368]]},"properties":{"OBJECTID":90,"maNhanDang":" ","phienBan":0,"ngayPhienBan":1787739118000,"giaTriDoChinhXacMatPhang":0,"nguyenNhanThayDoi":null,"maDoiTuong":"KG05","loaiTrangThaiDuongBoNuoc":1,"loaiDuongBoNuoc":"Phá","SHAPE_Length":347.64910893692911}},{"type":"Feature","id":91,"geometry":{"type":"LineString","coordinates":[[106.34895410566506,10.788563618858527],[106.34818902836123,10.789786178373644],[106.34818767058418,10.789788813435935],[106.34818676434323,10.789791635817759],[106.34818633428442,10.789794568761883],[106.3481863921036,10.789797532504238],[106.34818693622832,10.789800446443172],[106.3481879518606,10.789803231331478],[106.34818941137942,10.789805811431597],[106.34819127509184,10.789808116575372],[106.3481934923125,10.789810084072334],[106.34819600274211,10.789811660414626],[106.34824939272139,10.789839698124457],[106.34825219726929,10.789840888835498],[106.34825515981855,10.789841600582392],[106.34825819919239,10.789841813862575],[106.34826123210897,10.789841522831956],[106.34826417546337,10.789840735465065],[106.34826694860477,10.789839473336528],[106.3482694755464,10.789837771029914],[106.34827168704753,10.789835675190103],[106.34827352251085,10.789833243245173],[106.34903768074065,10.788612149951232],[106.34903901876883,10.788609563672084],[106.34903992152488,10.788606795244586],[106.3490403653048,10.788603917360183],[106.34904033845618,10.788601005584365],[106.34903984168396,10.788598136372515],[106.34903888803204,10.788595385062409],[106.34903750254078,10.788592823896034],[106.34903572158942,10.788590520122716],[106.34903359194094,10.788588534233334],[106.34903116951418,10.788586918371992],[106.34897869852718,10.788557414372505],[106.34895410566506,10.788563618858527]]},"properties":{"OBJECTID":91,"maNhanDang":" ","phienBan":0,"ngayPhienBan":1787739118000,"giaTriDoChinhXacMatPhang":0,"nguyenNhanThayDoi":null,"maDoiTuong":"KG05","loaiTrangThaiDuongBoNuoc":1,"loaiDuongBoNuoc":"Phá","SHAPE_Length":343.32780069246883}},{"type":"Feature","id":92,"geometry":{"type":"LineString","coordinates":[[106.34908675994173,10.788617985835748],[106.34908394261814,10.788616734324227],[106.34908095594058,10.788615970550389],[106.34907788368318,10.788615715937523],[106.34907481202048,10.788615977627332],[106.34907182711036,10.78861674827961],[106.34906901267738,10.788618006278126],[106.3490664476643,10.788619716336948],[106.34906420401785,10.788621830490181],[106.34906234467066,10.788624289437379],[106.34829907253015,10.789843965259687],[106.34829771436928,10.789846600317281],[106.3482968077687,10.789849422763897],[106.34829637738635,10.789852355834052],[106.34829643492785,10.789855319753496],[106.34829697882816,10.789858233908937],[106.34829799429419,10.789861019040577],[106.34829945370707,10.789863599397828],[106.34830131737338,10.789865904799603],[106.34830353460477,10.789867872543109],[106.34830604509649,10.789869449109249],[106.34837808122838,10.789907278277331],[106.34838088606972,10.789908469105706],[106.34838384893652,10.789909180883358],[106.34838688863127,10.789909394103978],[106.34838992185092,10.789909102924243],[106.34839286546995,10.789908315323952],[106.34839563881826,10.789907052887335],[106.34839816589212,10.789905350211543],[106.34840037743692,10.789903253958505],[106.34840221284512,10.789900821576158],[106.34916472447142,10.788682362095658],[106.34916607011067,10.788679756926754],[106.34916697425056,10.78867696762916],[106.34916741282757,10.788674068439576],[106.34916737416901,10.788671136519467],[106.34916685930379,10.788668249901406],[106.34916588193497,10.788665485412267],[106.34916446807505,10.788662916628478],[106.34916265535369,10.788660611917804],[106.34916049201617,10.788658632619747],[106.34915803563938,10.788657031412999],[106.34915496895623,10.788648499438834],[106.34915057406904,10.788640569489562],[106.34914496467724,10.788633446719574],[106.34913828590044,10.788627315400857],[106.34913071052416,10.788622334155733],[106.3491224345297,10.788618631853154],[106.34911367202392,10.788616304274775],[106.34910464970014,10.788615411636984],[106.34909560097337,10.788615977033066],[106.34908675994173,10.788617985835748]]},"properties":{"OBJECTID":92,"maNhanDang":" ","phienBan":0,"ngayPhienBan":1787739118000,"giaTriDoChinhXacMatPhang":0,"nguyenNhanThayDoi":null,"maDoiTuong":"KG05","loaiTrangThaiDuongBoNuoc":1,"loaiDuongBoNuoc":"Phá","SHAPE_Length":348.57454708560141}},{"type":"Feature","id":93,"geometry":{"type":"LineString","coordinates":[[106.34927024571887,10.788740166447731],[106.34927159134189,10.788737561275656],[106.34927249546836,10.788734771978579],[106.34927293403541,10.788731872792178],[106.34927289537083,10.788728940876782],[106.34927238050365,10.788726054263778],[106.34927140313678,10.78872328977886],[106.34926998928235,10.788720720997345],[106.34926817656932,10.788718416286008],[106.34926601324213,10.788716436983529],[106.34926355687658,10.78871483576801],[106.34921408990185,10.788687738124208],[106.34921127270492,10.788686486509231],[106.34920828613913,10.788685722596004],[106.34920521397004,10.788685467810344],[106.34920214236416,10.788685729298342],[106.34919915747221,10.788686499725923],[106.34919634301281,10.788687757484562],[106.34919377792433,10.788689467297333],[106.34919153415098,10.788691581208349],[106.34918967462488,10.788694039927798],[106.34842776104897,10.789911545391186],[106.34842640332789,10.78991418046378],[106.34842549713289,10.789917002843048],[106.34842506710761,10.78991993577543],[106.34842512494644,10.789922899500917],[106.34842566907645,10.789925813422094],[106.34842668470024,10.789928598295953],[106.34842814419831,10.789931178388882],[106.34843000788011,10.789933483536206],[106.34843222506355,10.789935451050303],[106.34843473545313,10.789937027425349],[106.34848472944219,10.789963281547646],[106.34848753414521,10.789964472579777],[106.34849049691091,10.789965184574076],[106.34849353654219,10.789965398017728],[106.34849656973536,10.789965107061132],[106.34849951336317,10.7899643196782],[106.34850228675298,10.789963057447833],[106.34850481389768,10.789961354962534],[106.34850702553871,10.789959258880364],[106.34850886106416,10.789956826646243],[106.34876629391376,10.78955355746433],[106.3490200956188,10.789147993166532],[106.34927024571887,10.788740166447731]]},"properties":{"OBJECTID":93,"maNhanDang":" ","phienBan":0,"ngayPhienBan":1787739118000,"giaTriDoChinhXacMatPhang":0,"nguyenNhanThayDoi":null,"maDoiTuong":"KG05","loaiTrangThaiDuongBoNuoc":1,"loaiDuongBoNuoc":"Phá","SHAPE_Length":341.55343296070373}},{"type":"Feature","id":94,"geometry":{"type":"LineString","coordinates":[[106.34937920626685,10.788778189705797],[106.34931961115973,10.788745542458823],[106.34931679383543,10.788744290940548],[106.34931380715555,10.78874352716209],[106.34931073489493,10.788743272547041],[106.34930766322887,10.788743534237216],[106.34930467831599,10.788744304892347],[106.34930186388156,10.788745562895953],[106.34929929886903,10.78874727296169],[106.34929705522562,10.788749387123101],[106.34929519588439,10.788751846079055],[106.34853440927616,10.789967550451983],[106.34853305152208,10.789970185519323],[106.34853214530065,10.78997300790107],[106.34853171525695,10.789975940841307],[106.34853177308621,10.789978904577426],[106.34853231721574,10.789981818509318],[106.34853333284769,10.789984603391316],[106.34853479236152,10.789987183487327],[106.34853665606508,10.789989488630498],[106.34853887327414,10.789991456131443],[106.34854138369073,10.789993032483109],[106.34860161522862,10.790024662433671],[106.34860441977646,10.790025853164313],[106.34860738233013,10.790026564925411],[106.34861042171103,10.790026778213592],[106.34861345463537,10.790026487184432],[106.34861639799632,10.790025699812583],[106.34861917114118,10.79002443767326],[106.34862169808146,10.79002273535105],[106.34862390957505,10.790020639492235],[106.34862574502358,10.790018207526616],[106.34938589512036,10.788803520382356],[106.34937920626685,10.788778189705797]]},"properties":{"OBJECTID":94,"maNhanDang":" ","phienBan":0,"ngayPhienBan":1787739118000,"giaTriDoChinhXacMatPhang":0,"nguyenNhanThayDoi":null,"maDoiTuong":"KG05","loaiTrangThaiDuongBoNuoc":1,"loaiDuongBoNuoc":"Phá","SHAPE_Length":343.24948836357038}},{"type":"Feature","id":95,"geometry":{"type":"LineString","coordinates":[[106.34949232001307,10.788840154392192],[106.34943526057269,10.788808896374299],[106.34943244337803,10.788807644731145],[106.34942945680802,10.788806880796693],[106.34942638463063,10.788806625997951],[106.349423313015,10.78880688748157],[106.34942032811449,10.788807657913399],[106.34941751365025,10.788808915684189],[106.34941494856302,10.788810625515707],[106.34941270479895,10.78881273945021],[106.34941084529163,10.788815198195586],[106.34865129506974,10.790028929510418],[106.34864993695747,10.790031564577442],[106.34864903039718,10.790034387022414],[106.34864860004474,10.790037320082922],[106.34864865760449,10.790040283988123],[106.34864920151095,10.79004319812829],[106.34865021697145,10.790045983247163],[106.34865167636836,10.790048563597491],[106.34865354001029,10.790050869001137],[106.34865575721149,10.790052836757731],[106.34865826767044,10.790054413349932],[106.34871593618684,10.790084697514615],[106.34871874103513,10.790085888304441],[106.3487217039004,10.790086600051488],[106.34872474358794,10.790086813250966],[106.34872777679786,10.790086522060333],[106.34873072040774,10.790085734459408],[106.34873349375061,10.79008447203169],[106.34873602082548,10.790082769372882],[106.34873823238011,10.790080673142819],[106.34874006780886,10.790078240786814],[106.34949900704518,10.788865483260963],[106.34949232001307,10.788840154392192]]},"properties":{"OBJECTID":95,"maNhanDang":" ","phienBan":0,"ngayPhienBan":1787739118000,"giaTriDoChinhXacMatPhang":0,"nguyenNhanThayDoi":null,"maDoiTuong":"KG05","loaiTrangThaiDuongBoNuoc":1,"loaiDuongBoNuoc":"Phá","SHAPE_Length":342.10735278664231}},{"type":"Feature","id":96,"geometry":{"type":"LineString","coordinates":[[106.34961566444851,10.788907722694594],[106.3495483743375,10.788870859230668],[106.34954555684573,10.788869607503566],[106.34954256996157,10.788868843563975],[106.3495394974712,10.788868588841437],[106.34953642556214,10.788868850481267],[106.34953344040562,10.788869621144109],[106.34953062573933,10.788870879211826],[106.34952806051851,10.788872589393907],[106.34952581670106,10.788874703717422],[106.34952395722912,10.788877162872719],[106.34876561603849,10.790088964572401],[106.34876425825131,10.790091599634877],[106.34876335200367,10.790094422019598],[106.34876292194215,10.790097354968179],[106.34876297976284,10.790100318715309],[106.3487635238932,10.790103232658073],[106.34876453953493,10.790106017548048],[106.34876599906632,10.790108597646569],[106.34876786279357,10.790110902784534],[106.34877008003019,10.790112870270752],[106.3487725904756,10.790114446596906],[106.34884059907549,10.79015016062456],[106.34884340378305,10.790151351638807],[106.34884636654942,10.790152063618386],[106.34884940617866,10.790152277051183],[106.34885243936839,10.790151986087979],[106.34885538299267,10.790151198702748],[106.3488581563802,10.790149936474133],[106.34886068352505,10.790148233994071],[106.3488628951697,10.790146137919782],[106.34886473070304,10.790143705695117],[106.34962235332502,10.788933053364595],[106.34961566444851,10.788907722694594]]},"properties":{"OBJECTID":96,"maNhanDang":" ","phienBan":0,"ngayPhienBan":1787739118000,"giaTriDoChinhXacMatPhang":0,"nguyenNhanThayDoi":null,"maDoiTuong":"KG05","loaiTrangThaiDuongBoNuoc":1,"loaiDuongBoNuoc":"Phá","SHAPE_Length":344.14234066420789}},{"type":"Feature","id":97,"geometry":{"type":"LineString","coordinates":[[106.34972339199969,10.788966735905896],[106.34967172062953,10.788938429313889],[106.3496689032699,10.788937177443108],[106.34966591649381,10.788936413332989],[106.34966284408209,10.788936158417282],[106.34965977221776,10.788936419846525],[106.34965678706843,10.788937190287468],[106.34965397236934,10.788938448128786],[106.34965140707449,10.788940158087273],[106.34964916314192,10.788942272197572],[106.34964730351528,10.788944731157621],[106.3488902789386,10.790154427661626],[106.34888892092148,10.790157062858402],[106.34888801448841,10.790159885419577],[106.348887584293,10.790162818575629],[106.34888764203595,10.790165782549021],[106.34888818614674,10.790168696724029],[106.34888920182634,10.790171481839369],[106.34889066144977,10.790174062143993],[106.34889252531741,10.790176367457407],[106.3488947427348,10.790178335078465],[106.34889725339144,10.790179911490769],[106.34894947730912,10.790207336543443],[106.34895228186501,10.790208527227309],[106.34895524441637,10.790209238951423],[106.34895828378814,10.79020945221427],[106.34896131670033,10.790209161172365],[106.34896426004998,10.790208373800368],[106.34896703318813,10.790207111672581],[106.34896956012973,10.790205409371801],[106.34897177163558,10.790203313541735],[106.34897360710956,10.79020088160895],[106.34973008088306,10.788992064764727],[106.34972339199969,10.788966735905896]]},"properties":{"OBJECTID":97,"maNhanDang":" ","phienBan":0,"ngayPhienBan":1787739118000,"giaTriDoChinhXacMatPhang":0,"nguyenNhanThayDoi":null,"maDoiTuong":"KG05","loaiTrangThaiDuongBoNuoc":1,"loaiDuongBoNuoc":"Phá","SHAPE_Length":339.72221624427465}},{"type":"Feature","id":98,"geometry":{"type":"LineString","coordinates":[[106.34984326755726,10.789031701611149],[106.34978057965191,10.78899806233013],[106.34977944637299,10.788997442507931],[106.34977662917876,10.78899619084399],[106.34977364260432,10.788995426894353],[106.34977057041957,10.788995172086915],[106.34976749879569,10.788995433568729],[106.34976451388815,10.788996204005533],[106.34976169942007,10.788997461787481],[106.34975913433401,10.788999171635265],[106.34975689057759,10.789001285589658],[106.34975503108561,10.789003744356721],[106.34899915718228,10.790211603562433],[106.3489977991169,10.790214238638578],[106.34899689259551,10.790217061081993],[106.34899646227196,10.790219994133222],[106.34899651984936,10.790222958024703],[106.34899706376186,10.790225872150142],[106.34899807921713,10.790228657256685],[106.34899953859875,10.790231237600294],[106.34900140221724,10.790233543005678],[106.34900361938944,10.790235510774799],[106.3490061298169,10.790237087392008],[106.34907044218583,10.790270859288402],[106.34907324690515,10.790272050219205],[106.3490762096647,10.790272762133837],[106.34907924927512,10.790272975523497],[106.34908228244105,10.790272684540605],[106.34908522604375,10.79027189715905],[106.34908799941883,10.790270634955684],[106.34909052656666,10.790268932519037],[106.34909273823503,10.790266836501482],[106.34909457381698,10.790264404340814],[106.34985009559753,10.789057107949295],[106.34984326755726,10.789031701611149]]},"properties":{"OBJECTID":98,"maNhanDang":" ","phienBan":0,"ngayPhienBan":1787739118000,"giaTriDoChinhXacMatPhang":0,"nguyenNhanThayDoi":null,"maDoiTuong":"KG05","loaiTrangThaiDuongBoNuoc":1,"loaiDuongBoNuoc":"Phá","SHAPE_Length":342.27588977961051}},{"type":"Feature","id":99,"geometry":{"type":"LineString","coordinates":[[106.34987533931933,10.789068316832104],[106.3491201220701,10.790275126287307],[106.3491187640908,10.790277761491268],[106.34911785768895,10.790280584050985],[106.34911742751657,10.790283517199363],[106.34911748527335,10.790286481161548],[106.34911802938845,10.790289395324626],[106.34911904506319,10.7902921804301],[106.34912050467356,10.790294760729545],[106.34912236852156,10.790297066044783],[106.34912458591481,10.790299033676572],[106.34912709654535,10.790300610109881],[106.34917458984619,10.79032555078256],[106.34917739453253,10.790326741344803],[106.34918035719555,10.790327452914747],[106.34918339665292,10.790327665994091],[106.34918642961803,10.790327374744074],[106.34918937298215,10.790326587145472],[106.34919214609181,10.790325324779909],[106.34919467295876,10.790323622238484],[106.34919688434232,10.790321526173903],[106.34919871964655,10.79031909402212],[106.34995368144584,10.789112693535698],[106.34995503312635,10.789110073677532],[106.34995593839734,10.789107268114941],[106.34995637290827,10.789104352313636],[106.34995632497142,10.789101404704594],[106.34995579587621,10.789098504574378],[106.34995479985457,10.789095729932438],[106.34995336369808,10.789093155412761],[106.34995152603734,10.789090850266334],[106.34994933630288,10.789088876498367],[106.34994685339548,10.789087287200465],[106.34989961546714,10.789061939299311],[106.34987533931933,10.789068316832104]]},"properties":{"OBJECTID":99,"maNhanDang":" ","phienBan":0,"ngayPhienBan":1787739118000,"giaTriDoChinhXacMatPhang":0,"nguyenNhanThayDoi":null,"maDoiTuong":"KG05","loaiTrangThaiDuongBoNuoc":1,"loaiDuongBoNuoc":"Phá","SHAPE_Length":337.92529840000941}},{"type":"Feature","id":100,"geometry":{"type":"LineString","coordinates":[[106.3500734193078,10.789155207086626],[106.35000320132534,10.789117524868544],[106.35000039000091,10.789116303221963],[106.34999741492284,10.789115565064915],[106.34999435859866,10.789115330868636],[106.34999130578912,10.789115607128068],[106.34998834115748,10.789116386181734],[106.34998554692159,10.789117646424215],[106.3499830005737,10.789119352905333],[106.34998077273144,10.789121458299411],[106.34997892517933,10.789123904217762],[106.34922426974001,10.790329817764162],[106.34922291187036,10.790332452701355],[106.34922200550764,10.790335274971829],[106.34922157530018,10.790338207824627],[106.34922163294735,10.790341171501534],[106.34922217688147,10.790344085406076],[106.34922319231036,10.79034687029533],[106.34922465161971,10.790349450434912],[106.34922651512392,10.790351755658552],[106.34922873214548,10.790353723276255],[106.349231242393,10.790355299779138],[106.34930184160847,10.790392373868569],[106.34930464632329,10.790393564848554],[106.34930760908939,10.790394276800507],[106.3493106487133,10.790394490213663],[106.34931368189523,10.790394199239513],[106.34931662551199,10.790393411852094],[106.34931939889486,10.790392149629461],[106.34932192604036,10.790390447162352],[106.34932413769299,10.790388351106236],[106.34932597324325,10.790385918902746],[106.35008024919573,10.789180611606573],[106.3500734193078,10.789155207086626]]},"properties":{"OBJECTID":100,"maNhanDang":" ","phienBan":0,"ngayPhienBan":1787739118000,"giaTriDoChinhXacMatPhang":0,"nguyenNhanThayDoi":null,"maDoiTuong":"KG05","loaiTrangThaiDuongBoNuoc":1,"loaiDuongBoNuoc":"Phá","SHAPE_Length":343.32027064330651}},{"type":"Feature","id":101,"geometry":{"type":"LineString","coordinates":[[106.35018572892767,10.789215473361562],[106.3501297690873,10.78918544291845],[106.35012695776585,10.789184221242254],[106.35012398268401,10.789183483062651],[106.35012092635182,10.789183248852101],[106.35011787353267,10.789183525106127],[106.35011490889254,10.789184304163182],[106.35011211465185,10.789185564417135],[106.35010956830524,10.789187270916479],[106.35010734047233,10.789189376333674],[106.35010549293916,10.789191822277715],[106.349351521514,10.790396640829057],[106.3493501635232,10.790399276031831],[106.34934925711265,10.790402098593178],[106.3493488269349,10.790405031745026],[106.34934888468993,10.790407995711458],[106.34934942880693,10.790410909878464],[106.349350444487,10.790413694986482],[106.34935190410563,10.790416275286091],[106.34935376796412,10.790418580598264],[106.34935598536919,10.790420548223077],[106.34935849601183,10.790422124645037],[106.34941475864593,10.790451670035324],[106.34941756336917,10.790452860952726],[106.34942052612976,10.790453572856128],[106.34942356573916,10.790453786237247],[106.34942659890292,10.7904534952488],[106.34942954250329,10.790452707864741],[106.34943231587674,10.790451445661759],[106.34943484302455,10.790449743228004],[106.34943705469527,10.790447647215272],[106.34943889028249,10.790445215060606],[106.3501925569977,10.789240877881905],[106.35018572892767,10.789215473361562]]},"properties":{"OBJECTID":101,"maNhanDang":" ","phienBan":0,"ngayPhienBan":1787739118000,"giaTriDoChinhXacMatPhang":0,"nguyenNhanThayDoi":null,"maDoiTuong":"KG05","loaiTrangThaiDuongBoNuoc":1,"loaiDuongBoNuoc":"Phá","SHAPE_Length":339.50245802033618}},{"type":"Feature","id":102,"geometry":{"type":"LineString","coordinates":[[106.35030189239997,10.789277807923478],[106.35024207690357,10.789245710983359],[106.35023926588077,10.789244489368471],[106.35023629110925,10.789243751177075],[106.35023323508291,10.789243516880076],[106.35023018254891,10.789243792974803],[106.3502272181576,10.789244571804828],[106.35022442411498,10.789245831772284],[106.35022187790315,10.789247537936806],[106.35021965013151,10.789249642984457],[106.35021780257877,10.789252088539808],[106.34946443856184,10.790455936977059],[106.3494630805469,10.790458572176101],[106.34946217411708,10.790461394739399],[106.34946174392603,10.790464327897123],[106.34946180167435,10.790467291871433],[106.34946234579138,10.790470206046315],[106.34946336147786,10.790472991160236],[106.34946482110853,10.790475571461938],[106.34946668498345,10.790477876770776],[106.34946890240781,10.79047984438553],[106.3494714130707,10.790481420789796],[106.34953155142836,10.790513001907646],[106.34953435611804,10.790514192461984],[106.34953731878272,10.790514904024901],[106.34954035824049,10.790515117098394],[106.34954339120516,10.790514825843896],[106.34954633456844,10.790514038242263],[106.34954910767735,10.790512775875087],[106.34955163454406,10.79051107333332],[106.34955384592824,10.790508977269432],[106.34955568123431,10.790506545119053],[106.3503087204849,10.789303214248729],[106.35030189239997,10.789277807923478]]},"properties":{"OBJECTID":102,"maNhanDang":" ","phienBan":0,"ngayPhienBan":1787739118000,"giaTriDoChinhXacMatPhang":0,"nguyenNhanThayDoi":null,"maDoiTuong":"KG05","loaiTrangThaiDuongBoNuoc":1,"loaiDuongBoNuoc":"Phá","SHAPE_Length":340.20478615192337}},{"type":"Feature","id":103,"geometry":{"type":"LineString","coordinates":[[106.35041117764769,10.789336452604154],[106.35035824039826,10.789308045522734],[106.35035542920295,10.789306823738901],[106.35035245423141,10.789306085417021],[106.35034939798557,10.789305851032239],[106.35034634522125,10.789306127084517],[106.35034338059772,10.789306905918369],[106.35034058632993,10.789308165935173],[106.35033803990852,10.789309872192142],[106.35033581195086,10.789311977371348],[106.35033396424267,10.789314423091957],[106.349581231355,10.79051726882998],[106.34957987346293,10.79051990376454],[106.349578967083,10.790522726037816],[106.34957853686456,10.790525658897019],[106.34957859450756,10.79052862258194],[106.34957913844437,10.790531536494044],[106.34958015388244,10.790534321388396],[106.34958161320654,10.790536901528739],[106.3495834767298,10.790539206747185],[106.34958569377299,10.790541174352446],[106.34958820404282,10.790542750834755],[106.3496414294995,10.790570700007097],[106.34964423404826,10.790571890786614],[106.34964719661403,10.790572602582689],[106.34965023601359,10.790572815889963],[106.34965326895819,10.790572524863171],[106.34965621233604,10.790571737477325],[106.3496589854897,10.790570475309176],[106.34966151242638,10.790568772945933],[106.34966372390042,10.790566677037484],[106.34966555931074,10.790564245018041],[106.35041800574325,10.789361858926339],[106.35041117764769,10.789336452604154]]},"properties":{"OBJECTID":103,"maNhanDang":" ","phienBan":0,"ngayPhienBan":1787739118000,"giaTriDoChinhXacMatPhang":0,"nguyenNhanThayDoi":null,"maDoiTuong":"KG05","loaiTrangThaiDuongBoNuoc":1,"loaiDuongBoNuoc":"Phá","SHAPE_Length":338.23914798661974}},{"type":"Feature","id":104,"geometry":{"type":"LineString","coordinates":[[106.35053172228911,10.789401138266413],[106.35046752566707,10.789366690182231],[106.35046471463554,10.789365468623066],[106.35046173986781,10.789364730475308],[106.35045868385345,10.789364496207604],[106.35045563133494,10.789364772316137],[106.35045266695785,10.789365551144487],[106.35044987292359,10.789366811095944],[106.35044732671001,10.789368517232377],[106.35044509892296,10.789370622243062],[106.3504432513384,10.789373067756591],[106.34969110761099,10.790574968722924],[106.34968974987345,10.790577603796892],[106.34968884366845,10.790580426182153],[106.34968841364054,10.790583359123008],[106.34968847148446,10.790586322857163],[106.34968901562713,10.790589236784893],[106.34969003127043,10.79059202166097],[106.34969149079359,10.790594601749772],[106.34969335450438,10.790596906884936],[106.3496955717186,10.790598874377549],[106.34969808213836,10.790600450721003],[106.34976262533374,10.790634344974551],[106.34976543005503,10.790635535926786],[106.34976839282153,10.790636247856144],[106.34977143244166,10.790636461252937],[106.34977446561776,10.790636170269245],[106.34977740922874,10.790635382879175],[106.34978018260797,10.790634120660346],[106.34978270975384,10.790632418202568],[106.34978492141251,10.79063032215995],[106.34978675697575,10.79062788997239],[106.35053855222523,10.789426544581673],[106.35053172228911,10.789401138266413]]},"properties":{"OBJECTID":104,"maNhanDang":" ","phienBan":0,"ngayPhienBan":1787739118000,"giaTriDoChinhXacMatPhang":0,"nguyenNhanThayDoi":null,"maDoiTuong":"KG05","loaiTrangThaiDuongBoNuoc":1,"loaiDuongBoNuoc":"Phá","SHAPE_Length":340.78356935484419}},{"type":"Feature","id":105,"geometry":{"type":"LineString","coordinates":[[106.35063846713003,10.789459664833824],[106.35058823550095,10.789431664811383],[106.35058541316296,10.789430387622637],[106.35058241661342,10.789429601815039],[106.35057933072197,10.789429329644587],[106.35057624288866,10.789429578819821],[106.35057324056856,10.789430342283485],[106.35057040879475,10.789431598412406],[106.35056782777005,10.789433311629919],[106.35056557059542,10.789435433413486],[106.35056370119962,10.789437903668963],[106.34981230528163,10.790638611858508],[106.34981094732244,10.790641247068178],[106.34981004093869,10.790644069629366],[106.34980961078165,10.79064700277581],[106.34980966855044,10.790649966733623],[106.34981021267392,10.79065288089093],[106.34981122835333,10.790655665990293],[106.3498126879649,10.790658246284316],[106.34981455181098,10.790660551595773],[106.34981676919988,10.790662519226238],[106.34981927982442,10.790664095661324],[106.34987027546404,10.790690873788689],[106.34987308001891,10.790692064530806],[106.34987604258251,10.790692776297449],[106.34987908197444,10.790692989584731],[106.34988211490906,10.790692698548137],[106.34988505827771,10.790691911162675],[106.34988783142593,10.790690649004338],[106.34989035836375,10.790688946658882],[106.34989256984782,10.790686850774104],[106.34989440527889,10.790684418781588],[106.35064503710232,10.789484930611581],[106.35063846713003,10.789459664833824]]},"properties":{"OBJECTID":105,"maNhanDang":" ","phienBan":0,"ngayPhienBan":1787739118000,"giaTriDoChinhXacMatPhang":0,"nguyenNhanThayDoi":null,"maDoiTuong":"KG05","loaiTrangThaiDuongBoNuoc":1,"loaiDuongBoNuoc":"Phá","SHAPE_Length":337.03778779338319}},{"type":"Feature","id":106,"geometry":{"type":"LineString","coordinates":[[106.35076358852577,10.789529409881061],[106.35069427192445,10.789490771354481],[106.35069144972186,10.789489494003906],[106.3506884532793,10.789488708011552],[106.35068536746257,10.789488435638447],[106.35068227966875,10.789488684598789],[106.35067927735088,10.789489447841477],[106.35067644554117,10.789490703749813],[106.35067386444264,10.789492416753731],[106.35067160715766,10.78949453833722],[106.35066973761747,10.789497008412404],[106.34991995359299,10.790695140658332],[106.34991859560729,10.790697775863853],[106.34991768920236,10.790700598427119],[106.34991725903062,10.790703531579956],[106.34991731679192,10.790706495546372],[106.34991786091523,10.790709409712308],[106.34991887660149,10.790712194818177],[106.34992033622603,10.790714775114575],[106.34992220008992,10.790717080422509],[106.34992441749974,10.790719048042135],[106.34992692814629,10.790720624458068],[106.34999729868061,10.790757577673578],[106.35000010340227,10.790758768635497],[106.35000306617137,10.790759480571714],[106.35000610579537,10.79075969397214],[106.35000913897564,10.790759402988694],[106.35001208259008,10.790758615595566],[106.3500148559711,10.790757353370685],[106.35001738311621,10.790755650904396],[106.35001959477086,10.790753554851545],[106.35002143032629,10.790751122652919],[106.35077015850658,10.789554673847228],[106.35076358852577,10.789529409881061]]},"properties":{"OBJECTID":106,"maNhanDang":" ","phienBan":0,"ngayPhienBan":1787739118000,"giaTriDoChinhXacMatPhang":0,"nguyenNhanThayDoi":null,"maDoiTuong":"KG05","loaiTrangThaiDuongBoNuoc":1,"loaiDuongBoNuoc":"Phá","SHAPE_Length":341.10245090007055}},{"type":"Feature","id":107,"geometry":{"type":"LineString","coordinates":[[106.35086635691738,10.789586694622422],[106.35081939334508,10.789560516377641],[106.35081657114397,10.78955923901025],[106.35081357469898,10.789558453005199],[106.35081048887736,10.789558180624226],[106.35080740107772,10.789558429581884],[106.35080439875472,10.789559192827033],[106.3508015669421,10.78956044874255],[106.35079898584426,10.789562161757587],[106.35079672856475,10.789564283355027],[106.35079485903566,10.789566753445621],[106.35004697865008,10.790761844518563],[106.3500456206133,10.790764479603034],[106.35004471411781,10.790767302048788],[106.3500442838164,10.790770235097506],[106.3500443414114,10.790773198982945],[106.35004488533649,10.79077611310024],[106.35004590079922,10.790778898197996],[106.35004736018342,10.790781478533599],[106.35004922380017,10.790783783933078],[106.35005144096711,10.790785751699532],[106.35005395138691,10.790787328318222],[106.35010163157042,10.79081236611996],[106.35010443613348,10.790813556807773],[106.3501073986932,10.790814268531934],[106.3501104380734,10.790814481790711],[106.35011347099299,10.790814190740667],[106.35011641434788,10.790813403356774],[106.35011918748812,10.790812141213893],[106.35012171442773,10.790810438895608],[106.35012392592685,10.790808343046614],[106.35012576138888,10.790805911094616],[106.35087292873699,10.789611958582256],[106.35086635691738,10.789586694622422]]},"properties":{"OBJECTID":107,"maNhanDang":" ","phienBan":0,"ngayPhienBan":1787739118000,"giaTriDoChinhXacMatPhang":0,"nguyenNhanThayDoi":null,"maDoiTuong":"KG05","loaiTrangThaiDuongBoNuoc":1,"loaiDuongBoNuoc":"Phá","SHAPE_Length":334.76602706038915}},{"type":"Feature","id":108,"geometry":{"type":"LineString","coordinates":[[106.35098657398474,10.789657622611481],[106.35092276960505,10.78961813985917],[106.35092216175713,10.789617801099242],[106.35091933971495,10.789616523980518],[106.35091634347502,10.789615738168475],[106.35091325789023,10.789615465917151],[106.3509101703437,10.789615714936645],[106.35090716827411,10.789616478174775],[106.35090433669944,10.789617734016797],[106.35090175580932,10.789619446897529],[106.35089949869398,10.789621568308538],[106.3508976292745,10.789624038171908],[106.35015131154948,10.79081663294763],[106.35014995346924,10.790819268025054],[106.35014904693885,10.790822090473924],[106.35014861661298,10.790825023532843],[106.35014867419508,10.790827987432181],[106.35014921811913,10.790830901563545],[106.35015023359216,10.790833686672075],[106.3501516929966,10.790836267011905],[106.35015355664143,10.790838572406216],[106.35015577384159,10.790840540155802],[106.35015828429647,10.790842116744297],[106.35022477917391,10.790877034163824],[106.35022758373646,10.790878224862508],[106.35023054629814,10.790878936594734],[106.35023358568179,10.790879149858327],[106.35023661860531,10.790878858809654],[106.35023956196358,10.790878071423737],[106.35024233510562,10.790876809275732],[106.35024486204462,10.790875106949752],[106.3502470735399,10.790873011091222],[106.35024890899433,10.790870579128745],[106.35099242441149,10.789682463043684],[106.35098657398474,10.789657622611481]]},"properties":{"OBJECTID":108,"maNhanDang":" ","phienBan":0,"ngayPhienBan":1787739118000,"giaTriDoChinhXacMatPhang":0,"nguyenNhanThayDoi":null,"maDoiTuong":"KG05","loaiTrangThaiDuongBoNuoc":1,"loaiDuongBoNuoc":"Phá","SHAPE_Length":338.35939112046776}},{"type":"Feature","id":109,"geometry":{"type":"LineString","coordinates":[[106.35108948668015,10.789721221200404],[106.35106880465848,10.78970850638007],[106.35104083289761,10.789691198441336],[106.35103798544111,10.789689759955412],[106.35103493239653,10.789688834661373],[106.35103176544965,10.789688450346661],[106.35102857970688,10.78968861855261],[106.35102547083903,10.789689334227834],[106.35102253220835,10.789690575879936],[106.35101985206464,10.789692306220941],[106.35101751089513,10.789694473287087],[106.35101557900737,10.789697011999342],[106.35027445916432,10.790881300971037],[106.3502731011606,10.790883936174664],[106.35027219474199,10.790886758740445],[106.3502717645618,10.790889691898688],[106.35027182232027,10.790892655871737],[106.35027236644648,10.790895570043823],[106.35027338214097,10.79089835515369],[106.35027484177834,10.790900935450384],[106.35027670565856,10.790903240753579],[106.35027892308679,10.790905208362368],[106.35028143375219,10.79090678476064],[106.35033224273498,10.790933465526903],[106.35033504729991,10.790934656211947],[106.35033800986093,10.790935367933372],[106.35034104924198,10.790935581189547],[106.35034408216198,10.790935290137112],[106.35034702551695,10.790934502751094],[106.35034979865706,10.790933240606387],[106.35035232559643,10.790931538286582],[106.35035453709527,10.790929442436356],[106.35035637255706,10.790927010483379],[106.3510953828951,10.789746090472239],[106.35108948668015,10.789721221200404]]},"properties":{"OBJECTID":109,"maNhanDang":" ","phienBan":0,"ngayPhienBan":1787739118000,"giaTriDoChinhXacMatPhang":0,"nguyenNhanThayDoi":null,"maDoiTuong":"KG05","loaiTrangThaiDuongBoNuoc":1,"loaiDuongBoNuoc":"Phá","SHAPE_Length":332.46092130531162}},{"type":"Feature","id":110,"geometry":{"type":"LineString","coordinates":[[106.35111863959551,10.789760478292202],[106.35038192273524,10.790937732316268],[106.35038056464984,10.790940367393581],[106.3503796581159,10.790943189843684],[106.35037922778831,10.790946122904638],[106.35037928537068,10.790949086806231],[106.35037982929693,10.790952000939484],[106.35038084477395,10.79095478604896],[106.35038230418391,10.790957366388271],[106.35038416783534,10.790959671780149],[106.3503863850427,10.790961639525044],[106.35038889550475,10.790963216106364],[106.3504247252513,10.790982031350206],[106.3504275301122,10.790983222129853],[106.35043049298824,10.790983933864606],[106.35043353268441,10.790984147049992],[106.35043656590048,10.790983855843852],[106.35043950951383,10.790983068226435],[106.35044228285733,10.790981805781708],[106.3504448099299,10.790980103105865],[106.35044702147934,10.790978006859246],[106.35044885690006,10.790975574487653],[106.35118412242187,10.789800637620766],[106.35118543303156,10.789798117400361],[106.35118632997387,10.78979542208903],[106.35118679081995,10.789792619085366],[106.35118680404599,10.7897897784809],[106.35118636932123,10.789786971307404],[106.35118549751634,10.789784267760677],[106.35118421043157,10.789781735445244],[106.35118254025159,10.789779437683842],[106.35118052874067,10.789777431933983],[106.3511782261984,10.789775768351177],[106.35114384771019,10.789754635883481],[106.35111863959551,10.789760478292202]]},"properties":{"OBJECTID":110,"maNhanDang":" ","phienBan":0,"ngayPhienBan":1787739118000,"giaTriDoChinhXacMatPhang":0,"nguyenNhanThayDoi":null,"maDoiTuong":"KG05","loaiTrangThaiDuongBoNuoc":1,"loaiDuongBoNuoc":"Phá","SHAPE_Length":327.05954043554192}},{"type":"Feature","id":111,"geometry":{"type":"LineString","coordinates":[[106.34575503712,10.793009976642269],[106.34825128397118,10.794320837180523],[106.34825376970976,10.794322395378281],[106.34825596891399,10.794324337124218],[106.34825782301648,10.794326610707387],[106.34825928264036,10.794329155579616],[106.34826030891412,10.794331903967997],[106.34826087450691,10.794334782679746],[106.3482609643563,10.794337715051414],[106.34826057606953,10.794340622990532],[106.34825971998714,10.794343429055292],[106.34825841890756,10.79434605851692],[106.34752501753093,10.795563765676574],[106.34752320855929,10.795566245809599],[106.34752101249175,10.795568390739806],[106.3475184904332,10.7955701407852],[106.34751571255912,10.795571447251325],[106.34751275616294,10.795572273786179],[106.34750970350547,10.795572597391695],[106.3475066395259,10.795572409063652],[106.34750364947851,10.795571714042218],[106.3475008165604,10.795570531666147],[106.34651872409043,10.795061708411078]]},"properties":{"OBJECTID":111,"maNhanDang":" ","phienBan":0,"ngayPhienBan":1787739118000,"giaTriDoChinhXacMatPhang":0,"nguyenNhanThayDoi":null,"maDoiTuong":"KG05","loaiTrangThaiDuongBoNuoc":1,"loaiDuongBoNuoc":"Phá","SHAPE_Length":593.38172925894162}},{"type":"Feature","id":112,"geometry":{"type":"LineString","coordinates":[[106.34730102086777,10.793856656817935],[106.34657787589934,10.795057330625305],[106.346576573817,10.795059963225633],[106.34657571776718,10.795062772706297],[106.34657533059821,10.795065684081074],[106.3465754226438,10.795068619644139],[106.34657599144721,10.795071501044076],[106.34657702182682,10.7950742513751],[106.34657848628139,10.795076797229715],[106.34658034572399,10.795079070657986],[106.34658255052533,10.79508101098115],[106.34658504183831,10.795082566411166],[106.34664006176391,10.795111326291073],[106.34664289758462,10.795112521703578],[106.3466458929506,10.795113227871294],[106.34664896410854,10.795113425049099],[106.34665202518593,10.795113107723713],[106.34665499059211,10.795112284767857],[106.34665777741151,10.795110979192165],[106.34666030772195,10.795109227501783],[106.34666251077357,10.795107078675647],[106.34666432496692,10.795104592796998],[106.3473874077026,10.793904020181934],[106.34738870854315,10.793901390857288],[106.34738956443508,10.793898584973604],[106.34738995258728,10.793895677247326],[106.34738986266383,10.79389274510681],[106.34738929705927,10.793889866630526],[106.34738827083478,10.793887118467948],[106.34738681131718,10.793884573798495],[106.34738495737122,10.793882300382869],[106.34738275836467,10.793880358758692],[106.34738027285377,10.79387880062848],[106.34732531324801,10.79384993949482],[106.34732247617696,10.793848737619875],[106.34731947835047,10.793848025923394],[106.3473164038024,10.79384782435536],[106.34731333871723,10.793848138566045],[106.34731036901415,10.793848959747622],[106.34730757793869,10.793850264881065],[106.34730504372914,10.793852017381406],[106.34730283742341,10.79385416812327],[106.34730102086777,10.793856656817935]]},"properties":{"OBJECTID":112,"maNhanDang":" ","phienBan":0,"ngayPhienBan":1787739118000,"giaTriDoChinhXacMatPhang":0,"nguyenNhanThayDoi":null,"maDoiTuong":"KG05","loaiTrangThaiDuongBoNuoc":1,"loaiDuongBoNuoc":"Phá","SHAPE_Length":335.29702861438511}},{"type":"Feature","id":113,"geometry":{"type":"LineString","coordinates":[[106.34668702450803,10.79513587414686],[106.34674293969681,10.795165102410689],[106.34674577535134,10.79516629761086],[106.346748770514,10.795167003614139],[106.34675184144294,10.795167200681355],[106.34675490227792,10.7951668833027],[106.34675786744096,10.795166060351779],[106.34676065402893,10.795164754837502],[106.3467631841315,10.7951630032608],[106.34676538700947,10.795160854594069],[106.34676720107247,10.795158368911974],[106.3474901704856,10.793957984345834],[106.34749147139178,10.79395535503113],[106.3474923273364,10.793952549142409],[106.34749271552556,10.793949641400696],[106.3474926256218,10.793946709239375],[106.34749206001922,10.793943830742124],[106.34749103377989,10.793941082563542],[106.34748957423261,10.793938537887831],[106.34748772024527,10.793936264479898],[106.34748552118967,10.793934322880769],[106.34748303562684,10.793932764795379],[106.34742718075704,10.793903433471542],[106.34742434367767,10.793902231661026],[106.34742134585731,10.793901520014458],[106.34741827132461,10.793901318479232],[106.34741520625847,10.793901632704365],[106.3474122365725,10.793902453882152],[106.34740944550673,10.793903758995043],[106.34740691129453,10.793905511460824],[106.34740470496966,10.793907662158015],[106.34740288837526,10.793910150802738],[106.3466798585592,10.795110638363969],[106.34667855625337,10.795113270929743],[106.34667770002351,10.795116080426753],[106.34667731272731,10.795118991853325],[106.34667740470395,10.795121927486703],[106.34667797349805,10.795124808957908],[106.3466790039252,10.795127559343863],[106.34668046847737,10.795130105220915],[106.34668232805723,10.795132378624929],[106.34668453302186,10.795134318865646],[106.34668702450803,10.79513587414686]]},"properties":{"OBJECTID":113,"maNhanDang":" ","phienBan":0,"ngayPhienBan":1787739118000,"giaTriDoChinhXacMatPhang":0,"nguyenNhanThayDoi":null,"maDoiTuong":"KG05","loaiTrangThaiDuongBoNuoc":1,"loaiDuongBoNuoc":"Phá","SHAPE_Length":335.47013494732369}},{"type":"Feature","id":114,"geometry":{"type":"LineString","coordinates":[[106.34759335584157,10.793990695968693],[106.34752994537509,10.793957397618337],[106.34752710829993,10.793956195766555],[106.34752411047447,10.793955484088459],[106.34752103593082,10.793955282533112],[106.34751797085158,10.793955596750315],[106.34751500115405,10.793956417932241],[106.34751221008187,10.793957723060322],[106.34750967587166,10.793959475550487],[106.3475074695599,10.793961626278646],[106.34750565299177,10.793964114957697],[106.34678273466933,10.795164414473518],[106.34678143244417,10.795167047052225],[106.34678057627966,10.795169856543874],[106.34678018903014,10.795172767952264],[106.34678028103279,10.795175703560638],[106.34678084983173,10.795178585006244],[106.3467818802435,10.795181335372147],[106.34678334476241,10.795183881240437],[106.3467852042948,10.795186154652034],[106.34678740920255,10.795188094920787],[106.34678990062814,10.795189650253409],[106.34685338055581,10.795222832885402],[106.34685621620658,10.795224028124112],[106.34685921137412,10.795224734156781],[106.34686228231338,10.795224931242695],[106.34686534316067,10.795224613871317],[106.34686830833452,10.795223790916378],[106.34687109492846,10.795222485387747],[106.34687362502915,10.795220733788094],[106.34687582789478,10.795218585092261],[106.3468776419331,10.795216099377932],[106.34760049071461,10.794015917324142],[106.34760179180334,10.794013287866072],[106.34760264789485,10.794010481803181],[106.34760303619038,10.794007573864356],[106.34760294634914,10.794004641491567],[106.34760238076372,10.794001762777487],[106.34760135449633,10.793999014385795],[106.34759989487776,10.793996469509523],[106.34759804077942,10.793994195921838],[106.34759584157821,10.793992254171163],[106.34759335584157,10.793990695968693]]},"properties":{"OBJECTID":114,"maNhanDang":" ","phienBan":0,"ngayPhienBan":1787739118000,"giaTriDoChinhXacMatPhang":0,"nguyenNhanThayDoi":null,"maDoiTuong":"KG05","loaiTrangThaiDuongBoNuoc":1,"loaiDuongBoNuoc":"Phá","SHAPE_Length":337.29155770353537}},{"type":"Feature","id":115,"geometry":{"type":"LineString","coordinates":[[106.34770116062549,10.794047308362913],[106.34764026378183,10.794015330585594],[106.34763742687286,10.794014128944299],[106.34763442925036,10.794013417429271],[106.34763135493516,10.794013215983671],[106.34762829009773,10.794013530253851],[106.34762532064285,10.79401435143108],[106.34762252980187,10.794015656498457],[106.34761999579968,10.794017408876043],[106.34761778966224,10.79401955944617],[106.34761597322571,10.794022047930172],[106.34689317736377,10.795222144930113],[106.34689187502438,10.795224777377909],[106.34689101871832,10.795227586756704],[106.34689063130298,10.795230498075757],[106.34689072311961,10.795233433623233],[106.34689129171738,10.795236315040569],[106.34689232191869,10.795239065414096],[106.34689378622438,10.7952416113281],[106.34689564554775,10.795243884824503],[106.34689785025788,10.795245825216869],[106.34690034150444,10.795247380710309],[106.34696130598344,10.795279248191774],[106.34696414164469,10.795280443346833],[106.34696713680405,10.795281149314794],[106.34697020772317,10.79528134635828],[106.34697326854561,10.795281028968366],[106.34697623369722,10.79528020601861],[106.3469790202786,10.795278900516953],[106.34698155038279,10.795277148962473],[106.34698375327343,10.795275000324947],[106.34698556736231,10.795272514675759],[106.34770829550897,10.794072529715212],[106.34770959669173,10.79406990027152],[106.34771045285883,10.794067094201562],[106.34771084120756,10.794064186240767],[106.34771075139483,10.794061253838272],[106.34771018581267,10.794058375094181],[106.34770915952451,10.794055626679489],[106.34770769986397,10.794053081794061],[106.34770584570691,10.794050808217074],[106.347703646436,10.794048866501807],[106.34770116062549,10.794047308362913]]},"properties":{"OBJECTID":115,"maNhanDang":" ","phienBan":0,"ngayPhienBan":1787739118000,"giaTriDoChinhXacMatPhang":0,"nguyenNhanThayDoi":null,"maDoiTuong":"KG05","loaiTrangThaiDuongBoNuoc":1,"loaiDuongBoNuoc":"Phá","SHAPE_Length":336.61721387699356}},{"type":"Feature","id":116,"geometry":{"type":"LineString","coordinates":[[106.34780555655487,10.79410212996069],[106.34774807041153,10.794071942958906],[106.34774523334563,10.79407074101638],[106.34774223550905,10.794070029268939],[106.34773916094139,10.794069827669306],[106.34773609583335,10.79407014186901],[106.34773312611046,10.794070963059957],[106.34773033502421,10.794072268221342],[106.34772780081835,10.794074020765015],[106.34772559453536,10.794076171561159],[106.34772377802493,10.794078660315574],[106.34700110096536,10.795278558417568],[106.34699979858871,10.795281191144813],[106.34699894230265,10.795284000808822],[106.34699855496511,10.795286912407576],[106.34699864691582,10.795289848217982],[106.34699921570019,10.795292729870631],[106.34700024613495,10.795295480441824],[106.34700171071334,10.795298026506984],[106.34700357033948,10.795300300100681],[106.34700577537194,10.795302240530923],[106.34700826694892,10.795303795999279],[106.34706581707022,10.795333878129284],[106.34706865272501,10.79533507334553],[106.34707164789164,10.795335779360343],[106.34707471882668,10.795335976433888],[106.34707777966828,10.795335659056089],[106.34708074483682,10.795334836100675],[106.34708353142759,10.795333530577079],[106.34708606152888,10.795331778987105],[106.3470882644003,10.79532963030436],[106.34709007845062,10.795327144604972],[106.34781269144494,10.7941273495018],[106.34781399236611,10.794124720188385],[106.34781484832197,10.794121914297353],[106.34781523651797,10.794119006551012],[106.34781514661627,10.794116074384135],[106.34781458101097,10.79411319588182],[106.34781355476444,10.794110447700058],[106.34781209520617,10.794107903024333],[106.34781024120491,10.794105629620658],[106.34780804213369,10.794103688030935],[106.34780555655487,10.79410212996069]]},"properties":{"OBJECTID":116,"maNhanDang":" ","phienBan":0,"ngayPhienBan":1787739118000,"giaTriDoChinhXacMatPhang":0,"nguyenNhanThayDoi":null,"maDoiTuong":"KG05","loaiTrangThaiDuongBoNuoc":1,"loaiDuongBoNuoc":"Phá","SHAPE_Length":335.72277830296372}},{"type":"Feature","id":117,"geometry":{"type":"LineString","coordinates":[[106.34792684320162,10.794165820609226],[106.34785246635374,10.794126762731667],[106.34784962927222,10.794125560915358],[106.34784663144828,10.794124849265442],[106.34784355691134,10.794124647729575],[106.34784049184117,10.794124961956836],[106.34783752215209,10.794125783139389],[106.34783473108493,10.794127088259369],[106.34783219687372,10.79412884073407],[106.34782999055278,10.794130991441367],[106.3478281739656,10.794133480096628],[106.34710561205834,10.795333188341253],[106.34710430961105,10.795335821057812],[106.34710345326826,10.795338630727265],[106.34710306589089,10.795341542342658],[106.3471031578204,10.795344478175485],[106.3471037266026,10.795347359850732],[106.34710475705329,10.795350110439175],[106.34710622166357,10.795352656511085],[106.34710808133416,10.79535493009651],[106.34711028641931,10.795356870499795],[106.34711277805204,10.795358425919924],[106.34718723715704,10.795397348188342],[106.34719007294575,10.795398543262953],[106.34719306822262,10.795399249108108],[106.3471961392386,10.795399445988112],[106.34719920012697,10.795399128398129],[106.34720216530413,10.795398305218091],[106.34720495186262,10.795396999464421],[106.34720748188926,10.79539524764647],[106.34720968464356,10.79539309874572],[106.34721149853569,10.79539061284623],[106.34793397810699,10.794191041954974],[106.34793527925602,10.794188412505259],[106.34793613539532,10.794185606436814],[106.34793652372352,10.794182698482929],[106.34793643389843,10.794179766090382],[106.34793586831229,10.794176887356821],[106.34793484202824,10.794174138950803],[106.34793338237901,10.794171594069912],[106.34793152823909,10.794169320491298],[106.34792932898927,10.794167378766584],[106.34792684320162,10.794165820609226]]},"properties":{"OBJECTID":117,"maNhanDang":" ","phienBan":0,"ngayPhienBan":1787739118000,"giaTriDoChinhXacMatPhang":0,"nguyenNhanThayDoi":null,"maDoiTuong":"KG05","loaiTrangThaiDuongBoNuoc":1,"loaiDuongBoNuoc":"Phá","SHAPE_Length":339.85308644131015}},{"type":"Feature","id":118,"geometry":{"type":"LineString","coordinates":[[106.34801861421677,10.794214012381744],[106.34797375301953,10.794190453360654],[106.34797091581189,10.794189251618901],[106.34796791787046,10.794188540086992],[106.34796484323581,10.794188338711123],[106.34796177809842,10.794188653136416],[106.34795880838256,10.794189474548663],[106.34795601733751,10.794190779921415],[106.34795348320398,10.794192532661476],[106.34795127702073,10.794194683634712],[106.34794946063312,10.794197172543413],[106.34722703398127,10.79539665838073],[106.34722573161211,10.795399290824967],[106.3472248752829,10.795402100207177],[106.34722448785233,10.795405011534308],[106.3472245796624,10.795407947092009],[106.34722514826231,10.795410828519127],[106.347226178474,10.795413578899458],[106.34722764279722,10.795416124814933],[106.34722950214365,10.795418398305424],[106.34723170688025,10.795420338682858],[106.34723419815428,10.795421894151211],[106.34727911053537,10.795445371803789],[106.34728194632956,10.795446566836709],[106.34728494160261,10.795447272649517],[106.34728801260881,10.795447469508174],[106.34729107348498,10.795447151908654],[106.34729403865119,10.795446328730813],[106.34729682520347,10.795445022990126],[106.3472993552318,10.795443271194179],[106.34730155799836,10.795441122321952],[106.34730337191536,10.795438636454394],[106.34802574912747,10.794239231916654],[106.3480270500021,10.794236602595262],[106.34802790591984,10.794233796706703],[106.34802829408807,10.794230888970262],[106.34802820417008,10.794227956817378],[106.34802763856035,10.794225078329683],[106.34802661232075,10.794222330159736],[106.34802515277948,10.794219785489803],[106.34802329880333,10.794217512083062],[106.34802109976268,10.794215570479091],[106.34801861421677,10.794214012381744]]},"properties":{"OBJECTID":118,"maNhanDang":" ","phienBan":0,"ngayPhienBan":1787739118000,"giaTriDoChinhXacMatPhang":0,"nguyenNhanThayDoi":null,"maDoiTuong":"KG05","loaiTrangThaiDuongBoNuoc":1,"loaiDuongBoNuoc":"Phá","SHAPE_Length":332.49265721069361}},{"type":"Feature","id":119,"geometry":{"type":"LineString","coordinates":[[106.34811247783152,10.794263303077207],[106.34806552404908,10.794238645118389],[106.34806268684487,10.794237443342411],[106.34805968889917,10.79423673178437],[106.34805661425541,10.794236530391849],[106.34805354910711,10.794236844810618],[106.34805057938163,10.794237666226365],[106.34804778833127,10.794238971611795],[106.34804525419941,10.794240724372168],[106.34804304802705,10.794242875371181],[106.3480412316613,10.794245364308441],[106.34731890553618,10.795444681987567],[106.34731760314249,10.795447314713188],[106.34731674684349,10.795450124379643],[106.34731635949792,10.795453035983488],[106.34731645144588,10.79545597180009],[106.34731702023284,10.795458853458458],[106.34731805067514,10.795461604033342],[106.34731951526537,10.795464150098743],[106.34732137490658,10.795466423687992],[106.34732357995608,10.795468364108116],[106.34732607155054,10.79546991956002],[106.34737307834129,10.795494490726814],[106.34737591413514,10.795495685768033],[106.34737890940973,10.79549639158698],[106.3473819804186,10.795496588449291],[106.3473850412978,10.795496270850784],[106.34738800646657,10.795495447671367],[106.34739079302022,10.795494141926747],[106.34739332304802,10.795492390124926],[106.34739552581158,10.795490241245455],[106.34739733972266,10.79548775536999],[106.34811961275129,10.794288522609413],[106.34811247783152,10.794263303077207]]},"properties":{"OBJECTID":119,"maNhanDang":" ","phienBan":0,"ngayPhienBan":1787739118000,"giaTriDoChinhXacMatPhang":0,"nguyenNhanThayDoi":null,"maDoiTuong":"KG05","loaiTrangThaiDuongBoNuoc":1,"loaiDuongBoNuoc":"Phá","SHAPE_Length":332.62474290848644}},{"type":"Feature","id":120,"geometry":{"type":"LineString","coordinates":[[106.34813509528935,10.794294654996216],[106.34741287334771,10.795493800898177],[106.34741157092574,10.795496433619695],[106.34741071460419,10.79549924328853],[106.34741032724297,10.795502154899227],[106.34741041918286,10.795505090724941],[106.3474109879695,10.795507972392397],[106.34741201841885,10.7955107229741],[106.34741348302256,10.795513269041956],[106.34741534268235,10.795515542627459],[106.34741754775369,10.795517483036157],[106.34742003937117,10.795519038467909],[106.34749041959471,10.795555825828137],[106.34749325524849,10.795557021077245],[106.34749625042157,10.79555772711625],[106.34749932136756,10.795557924203989],[106.34750238222144,10.795557606829796],[106.34750534740037,10.795556783867598],[106.34750813399661,10.795555478327785],[106.34751066409571,10.795553726713832],[106.34751286695494,10.795551578001652],[106.34751468098139,10.795549092270193],[106.34823682423925,10.794350074682566],[106.34823812545406,10.794347445242163],[106.34823898164562,10.794344639167894],[106.34823937000982,10.794341731197804],[106.34823928020282,10.794338798783865],[106.34823871461656,10.794335920029102],[106.34823768831508,10.794333171607358],[106.3482362286333,10.794330626721136],[106.34823437444892,10.794328353151899],[106.34823217514699,10.794326411454749],[106.34822968930455,10.794324853345586],[106.34815938767855,10.794287935798719],[106.34813509528935,10.794294654996216]]},"properties":{"OBJECTID":120,"maNhanDang":" ","phienBan":0,"ngayPhienBan":1787739118000,"giaTriDoChinhXacMatPhang":0,"nguyenNhanThayDoi":null,"maDoiTuong":"KG05","loaiTrangThaiDuongBoNuoc":1,"loaiDuongBoNuoc":"Phá","SHAPE_Length":338.41448495987026}},{"type":"Feature","id":121,"geometry":{"type":"LineString","coordinates":[[106.34283205041052,10.789423326945414],[106.3492227009442,10.792779326691459],[106.34922517404082,10.79278087569404],[106.34922736394738,10.792782804404798],[106.3492292129628,10.792785062004818],[106.34923067236807,10.792787589009409],[106.3492317037098,10.792790318835435],[106.34923227981356,10.792793179555686],[106.34923238549982,10.792796095794072],[106.34923201798384,10.792798990711674],[106.34923118694921,10.792801788031346],[106.34922991429255,10.792804414047517],[106.34849449712915,10.794049597193339],[106.34849269057862,10.794052114433734],[106.34849048731517,10.794054292908923],[106.34848794979661,10.794056070863785],[106.34848514995615,10.794057397897099],[106.3484821671633,10.794058236390303],[106.34847908597388,10.794058562573905],[106.34847599373302,10.794058367201297],[106.34847297809914,10.794057655810876],[106.34847012455903,10.794056448569041],[106.34204944075938,10.790684672070247]]},"properties":{"OBJECTID":121,"maNhanDang":" ","phienBan":0,"ngayPhienBan":1787739118000,"giaTriDoChinhXacMatPhang":0,"nguyenNhanThayDoi":null,"maDoiTuong":"KG05","loaiTrangThaiDuongBoNuoc":1,"loaiDuongBoNuoc":"Phá","SHAPE_Length":1752.1587276714963}},{"type":"Feature","id":122,"geometry":{"type":"LineString","coordinates":[[106.34833649917557,10.793970922761174],[106.34846294314833,10.79403732093596],[106.34846579668184,10.794038528233102],[106.34846881232156,10.794039239666143],[106.34847190457616,10.794039435066445],[106.34847498578237,10.794039108894541],[106.34847796859012,10.794038270397181],[106.34848076843885,10.794036943345189],[106.34848330595476,10.794035165359578],[106.34848550920104,10.794032986845014],[106.34848731571715,10.794030469560887],[106.34920888911429,10.79280872752388],[106.34921016157958,10.792806101365684],[106.34921099241041,10.792803303939209],[106.34921135971631,10.792800408950239],[106.3492112538196,10.792797492675106],[106.34921067751043,10.792794631950986],[106.3492096459732,10.792791902151411],[106.34920818638659,10.792789375200348],[106.34920633720733,10.792787117677177],[106.3492041471571,10.792785189062466],[106.34920167393868,10.792783640170795],[106.34907523035952,10.792717242273204],[106.34907237684676,10.792716034882618],[106.34906936120593,10.792715323379012],[106.34906626893675,10.792715127935006],[106.34906318771155,10.79271545409185],[106.34906020488953,10.792716292602313],[106.34905740503994,10.792717619692862],[106.34905486754441,10.792719397737697],[106.34905266434625,10.792721576325516],[106.34905085791075,10.792724093688783],[106.34832928403821,10.793945835387216],[106.34833649917557,10.793970922761174]]},"properties":{"OBJECTID":122,"maNhanDang":" ","phienBan":0,"ngayPhienBan":1787739118000,"giaTriDoChinhXacMatPhang":0,"nguyenNhanThayDoi":null,"maDoiTuong":"KG05","loaiTrangThaiDuongBoNuoc":1,"loaiDuongBoNuoc":"Phá","SHAPE_Length":356.51605715808699}},{"type":"Feature","id":123,"geometry":{"type":"LineString","coordinates":[[106.34673466516676,10.783133230631512],[106.34929392511549,10.784534193155542],[106.35014516071425,10.785007072151263],[106.35317109450112,10.786691339946733],[106.35320714666085,10.786723748443295],[106.35244596948939,10.787947741980165],[106.35240828340581,10.787986635394896],[106.35236613571544,10.787966189013268],[106.34934019283774,10.786281913931838],[106.34848895468039,10.785809032886311],[106.3466430780735,10.784799350597114],[106.34594001143445,10.784414047535037]]},"properties":{"OBJECTID":123,"maNhanDang":" ","phienBan":0,"ngayPhienBan":1787739118000,"giaTriDoChinhXacMatPhang":0,"nguyenNhanThayDoi":null,"maDoiTuong":"KG05","loaiTrangThaiDuongBoNuoc":1,"loaiDuongBoNuoc":"Phá","SHAPE_Length":1786.9354668130561}},{"type":"Feature","id":124,"geometry":{"type":"LineString","coordinates":[[106.34690378391603,10.782860643099248],[106.34757922508408,10.783230806806351],[106.34942509282712,10.784240483964407],[106.35027632775977,10.784713362641739],[106.35056162281218,10.784872161837912]]},"properties":{"OBJECTID":124,"maNhanDang":" ","phienBan":0,"ngayPhienBan":1787739118000,"giaTriDoChinhXacMatPhang":0,"nguyenNhanThayDoi":null,"maDoiTuong":"KG05","loaiTrangThaiDuongBoNuoc":1,"loaiDuongBoNuoc":"Phá","SHAPE_Length":457.73794858172397}},{"type":"Feature","id":125,"geometry":{"type":"LineString","coordinates":[[106.34937640697336,10.782532938489418],[106.3486190218137,10.783755066077269],[106.34861769030341,10.783757670688207],[106.34861679895918,10.783760456800772],[106.3486163713944,10.783763350605557],[106.34861641893607,10.783766275440181],[106.34861694032473,10.783769153820218],[106.3486179217478,10.783771909491922],[106.34861933720552,10.783774469452315],[106.34862114919974,10.783776765883188],[106.34862330972727,10.783778737947726],[106.34862576155166,10.783780333402197],[106.34868514128564,10.783812814910041],[106.34868797271223,10.783814069387647],[106.34869097438289,10.783814831400701],[106.34869406132283,10.783815079377252],[106.34869714614339,10.783814806297295],[106.34870014151591,10.783814019891491],[106.3487029626439,10.783812742422327],[106.3487055296636,10.783811010053881],[106.34870776990486,10.783808871828045],[106.34870961994831,10.78380638827619],[106.34946286362374,10.782581997408625],[106.34946418441358,10.782579393782635],[106.34946506625772,10.782576610671967],[106.34946548588879,10.782573721508792],[106.34946543223484,10.782570802523464],[106.34946490671152,10.782567930733199],[106.34946392318473,10.782565181909968],[106.34946250760477,10.782562628581271],[106.34946069732159,10.782560338116495],[106.34945854009938,10.782558370949383],[106.3494560928563,10.782556778983498],[106.34940085269835,10.782526562499651],[106.34939802766034,10.782525310354972],[106.34939503295698,10.78252454847714],[106.34939195299951,10.782524298341094],[106.34938887460223,10.782524566997377],[106.34938588453544,10.78252534687342],[106.34938306707969,10.782526615986972],[106.34938050165019,10.782528338565728],[106.34937826055831,10.782530466055618],[106.34937640697336,10.782532938489418]]},"properties":{"OBJECTID":125,"maNhanDang":" ","phienBan":0,"ngayPhienBan":1787739118000,"giaTriDoChinhXacMatPhang":0,"nguyenNhanThayDoi":null,"maDoiTuong":"KG05","loaiTrangThaiDuongBoNuoc":1,"loaiDuongBoNuoc":"Phá","SHAPE_Length":343.93952851221076}},{"type":"Feature","id":126,"geometry":{"type":"LineString","coordinates":[[106.34956924980537,10.782618674990763],[106.34950686591829,10.782584552194082],[106.34950404102409,10.782583299822944],[106.34950104642141,10.782582537710425],[106.34949796652288,10.782582287339142],[106.34949488814549,10.782582555766627],[106.34949189806331,10.782583335426374],[106.34948908056157,10.782584604341134],[106.34948651506073,10.782586326742409],[106.34948427387779,10.782588454078709],[106.34948242018778,10.782590926384126],[106.34872503533454,10.78381305240338],[106.34872370355208,10.783815657141776],[106.34872281198828,10.783818443433324],[106.34872238426527,10.783821337454688],[106.34872243171569,10.783824262528203],[106.34872295308229,10.783827141153479],[106.34872393455139,10.783829897060777],[106.34872535011876,10.783832457231791],[106.34872716227868,10.783834753834295],[106.34872932301759,10.783836726019354],[106.34873177508634,10.78383832153354],[106.34879830040492,10.783874711173787],[106.34880113154401,10.783875965501258],[106.34880413289514,10.783876727457509],[106.34880721950701,10.783876975475867],[106.34881030401506,10.783876702536332],[106.3488132991143,10.783875916364284],[106.34881612003038,10.783874639211811],[106.34881868691907,10.783872907227892],[106.3488209271263,10.783870769435206],[106.34882277724441,10.783868286342596],[106.34957602058377,10.782643893412709],[106.34957734143065,10.782641289795961],[106.34957822332065,10.782638506681398],[106.34957864298394,10.782635617505155],[106.34957858934716,10.782632698501944],[106.34957806382559,10.782629826693503],[106.3495770802858,10.782627077856272],[106.34957566467978,10.782624524521935],[106.34957385436014,10.782622234063574],[106.34957169709459,10.782620266917942],[106.34956924980537,10.782618674990763]]},"properties":{"OBJECTID":126,"maNhanDang":" ","phienBan":0,"ngayPhienBan":1787739118000,"giaTriDoChinhXacMatPhang":0,"nguyenNhanThayDoi":null,"maDoiTuong":"KG05","loaiTrangThaiDuongBoNuoc":1,"loaiDuongBoNuoc":"Phá","SHAPE_Length":345.72525398683473}},{"type":"Feature","id":127,"geometry":{"type":"LineString","coordinates":[[106.34959556800015,10.782652816973796],[106.34883818348132,10.783874945056963],[106.34883685174464,10.783877549803545],[106.34883596021817,10.783880336092821],[106.34883553252214,10.783883230104481],[106.34883557998801,10.7838861551642],[106.34883610135817,10.783889033775065],[106.34883708281941,10.783891789670784],[106.34883849836875,10.783894349836295],[106.34884031050244,10.783896646442241],[106.34884247120957,10.783898618642041],[106.34884492324409,10.783900214183978],[106.34891503510028,10.783938564176006],[106.34891786640222,10.783939818740929],[106.34892086795961,10.783940580880767],[106.3489239548075,10.783940829021669],[106.34892703956669,10.783940556139523],[106.34893003491703,10.783939769958792],[106.34893285606934,10.783938492733851],[106.34893542316539,10.783936760619035],[106.34893766353854,10.783934622645225],[106.34893951377066,10.783932139331929],[106.34969275676697,10.782707746139897],[106.349694077501,10.782705142393095],[106.34969495925023,10.782702359165818],[106.3496953787477,10.782699469899882],[106.34969532492399,10.782696550835171],[106.3496947991994,10.78269367899788],[106.34969381544633,10.782690930168002],[106.34969239962339,10.782688376879696],[106.34969058909029,10.78268608650731],[106.34968843162208,10.782684119487554],[106.34968598414851,10.78268252772474],[106.34962001373269,10.782646442774716],[106.34961718883365,10.782645190433749],[106.349614194233,10.782644428344861],[106.349611114341,10.782644177989429],[106.34960803597208,10.782644446424341],[106.34960504589772,10.782645226083091],[106.34960222840057,10.782646494989061],[106.34959966289881,10.78264821737498],[106.34959742170749,10.782650344691122],[106.34959556800015,10.782652816973796]]},"properties":{"OBJECTID":127,"maNhanDang":" ","phienBan":0,"ngayPhienBan":1787739118000,"giaTriDoChinhXacMatPhang":0,"nguyenNhanThayDoi":null,"maDoiTuong":"KG05","loaiTrangThaiDuongBoNuoc":1,"loaiDuongBoNuoc":"Phá","SHAPE_Length":346.62215267135088}},{"type":"Feature","id":128,"geometry":{"type":"LineString","coordinates":[[106.34971226025306,10.782716646271743],[106.34895487607544,10.78393877461861],[106.34895354444751,10.783941379494765],[106.34895265305853,10.783944165897182],[106.34895222552606,10.783947059999583],[106.34895227317763,10.783949985122154],[106.3489527947507,10.783952863763197],[106.3489537764261,10.78395561965255],[106.34895519219414,10.783958179772386],[106.34895700454378,10.783960476291822],[106.34895916545645,10.783962448364125],[106.34896161767834,10.783964043738854],[106.34902495015541,10.783998687363713],[106.34902778158992,10.783999941799788],[106.34903078325907,10.784000703779808],[106.34903387019123,10.784000951733553],[106.34903695500115,10.784000678641918],[106.34903995036363,10.783999892235617],[106.34904277148557,10.783998614776335],[106.34904533850631,10.783996882426552],[106.3490475787583,10.78399474422584],[106.34904942882422,10.783992260702661],[106.34980267150111,10.782767869071991],[106.34980399230112,10.782765265446626],[106.34980487415262,10.782762482334041],[106.34980529378774,10.782759593167361],[106.34980524013427,10.782756674177977],[106.34980471460791,10.782753802384152],[106.34980373107479,10.782751053558892],[106.34980231548566,10.782748500230639],[106.34980050519123,10.782746209769602],[106.34979834795654,10.782744242610169],[106.34979590070078,10.782742650656338],[106.34973670781652,10.782710272059782],[106.3497338827476,10.782709019533614],[106.34973088794567,10.782708257301584],[106.34972780783038,10.782708006850029],[106.34972472922621,10.782708275238857],[106.34972173891505,10.782709054902529],[106.34971892118996,10.782710323863331],[106.34971635547898,10.782712046350882],[106.34971411410621,10.782714173810474],[106.34971226025306,10.782716646271743]]},"properties":{"OBJECTID":128,"maNhanDang":" ","phienBan":0,"ngayPhienBan":1787739118000,"giaTriDoChinhXacMatPhang":0,"nguyenNhanThayDoi":null,"maDoiTuong":"KG05","loaiTrangThaiDuongBoNuoc":1,"loaiDuongBoNuoc":"Phá","SHAPE_Length":344.92805032198959}},{"type":"Feature","id":129,"geometry":{"type":"LineString","coordinates":[[106.34982212006933,10.782776738563584],[106.34906473621298,10.783998867158717],[106.34906340448842,10.7840014719081],[106.34906251297235,10.784004258197532],[106.34906208528453,10.784007152207348],[106.34906213275607,10.78401007726395],[106.34906265412926,10.784012955871196],[106.34906363559089,10.784015711763566],[106.34906505113823,10.78401827192673],[106.34906686326789,10.784020568531993],[106.34906902396953,10.784022540733336],[106.34907147599772,10.784024136279461],[106.34913729653753,10.784060138444147],[106.34914012782293,10.784061393144642],[106.34914312939489,10.784062155388771],[106.34914621627729,10.784062403596993],[106.34914930107885,10.784062130742399],[106.3491522964672,10.78406134454965],[106.34915511764125,10.784060067276283],[106.34915768473208,10.784058335082593],[106.34915992506396,10.784056197007908],[106.34916177521191,10.784053713582272],[106.34991501755867,10.782829321699291],[106.34991633836101,10.782826718073959],[106.34991722021411,10.782823934960804],[106.34991763984996,10.782821045793199],[106.34991758619633,10.782818126802791],[106.3499170606689,10.782815255008122],[106.34991607713388,10.78281250618245],[106.34991466154217,10.782809952854461],[106.34991285124464,10.782807662394564],[106.34991069400658,10.782805695237311],[106.34990824674745,10.782804103286798],[106.34984656580599,10.782770364346385],[106.34984374090432,10.782769112013199],[106.34984074630276,10.782768349930935],[106.3498376664111,10.782768099580647],[106.34983458804324,10.78276836801904],[106.34983159797011,10.782769147679554],[106.34982878047384,10.782770416585649],[106.34982621497211,10.782772138970268],[106.34982397377955,10.782774266284003],[106.34982212006933,10.782776738563584]]},"properties":{"OBJECTID":129,"maNhanDang":" ","phienBan":0,"ngayPhienBan":1787739118000,"giaTriDoChinhXacMatPhang":0,"nguyenNhanThayDoi":null,"maDoiTuong":"KG05","loaiTrangThaiDuongBoNuoc":1,"loaiDuongBoNuoc":"Phá","SHAPE_Length":345.54947671295599}},{"type":"Feature","id":130,"geometry":{"type":"LineString","coordinates":[[106.34993479384249,10.782838369559707],[106.34917741031563,10.784060498409474],[106.34917607856688,10.784063103155088],[106.34917518703153,10.784065889446383],[106.34917475933038,10.784068783461963],[106.34917480679513,10.784071708526332],[106.34917532816826,10.784074587141367],[106.34917630963622,10.784077343039604],[106.34917772519552,10.784079903204896],[106.34917953734163,10.78408219980694],[106.34918169806262,10.784084171998417],[106.3491841501113,10.784085767527095],[106.34925305556058,10.784123457973354],[106.34925588683089,10.784124712200095],[106.34925888829898,10.784125474017372],[106.34926197500431,10.784125721860946],[106.34926505957361,10.784125448715269],[106.34926805469402,10.784124662312095],[106.34927087558471,10.784123384911609],[106.34927344239661,10.784121652672329],[106.34927568247271,10.784119514627584],[106.34927753240468,10.784117031297569],[106.35003077441125,10.782892639154642],[106.35003209525692,10.782890035536232],[106.35003297714475,10.782887252420002],[106.35003339680492,10.78288436324236],[106.3500333431641,10.78288144423829],[106.35003281763768,10.782878572429787],[106.35003183409241,10.782875823593525],[106.35003041848049,10.782873270261385],[106.35002860815484,10.782870979806598],[106.35002645088342,10.78286901266601],[106.35002400358883,10.782867420745372],[106.3499592395812,10.782831995333504],[106.34995641467168,10.782830743052807],[106.34995342007427,10.782829981011451],[106.34995034019457,10.782829730688302],[106.34994726184193,10.78282999913896],[106.34994427178269,10.782830778796885],[106.34994145429455,10.78283204768667],[106.34993888879112,10.782833770043434],[106.34993664758358,10.782835897320901],[106.34993479384249,10.782838369559707]]},"properties":{"OBJECTID":130,"maNhanDang":" ","phienBan":0,"ngayPhienBan":1787739118000,"giaTriDoChinhXacMatPhang":0,"nguyenNhanThayDoi":null,"maDoiTuong":"KG05","loaiTrangThaiDuongBoNuoc":1,"loaiDuongBoNuoc":"Phá","SHAPE_Length":346.32020991243809}},{"type":"Feature","id":131,"geometry":{"type":"LineString","coordinates":[[106.35005053605771,10.782901679802825],[106.34929315286929,10.784123808914151],[106.34929182120568,10.784126413785298],[106.34929092978871,10.784129200191128],[106.34929050223748,10.784132094302668],[106.34929054988042,10.784135019437164],[106.34929107145521,10.78413789808987],[106.34929205314212,10.784140653987633],[106.34929346893026,10.784143214109825],[106.34929528130669,10.784145510623118],[106.34929744225049,10.784147482678796],[106.34929989450498,10.784149078025019],[106.34936430538797,10.784184308959885],[106.34936713652509,10.784185563331727],[106.34937013788458,10.78418632532081],[106.34937322451113,10.78418657335857],[106.34937630903588,10.784186300424144],[106.34937930414948,10.784185514243109],[106.34938212507343,10.784184237068796],[106.34938469195976,10.784182505052406],[106.34938693215116,10.784180367219715],[106.34938878223767,10.78417788408338],[106.35014202391727,10.782953491690627],[106.35014334497014,10.782950887933369],[106.35014422702487,10.7829481046418],[106.3501446468057,10.782945215261838],[106.35014459323538,10.78294229603887],[106.35014406772753,10.782939424005789],[106.35014308414932,10.782936674950236],[106.35014166845559,10.782934121414696],[106.35013985800384,10.782931830782251],[106.35013770056857,10.782929863498453],[106.35013525308048,10.782928271476282],[106.35007498179849,10.782895305567353],[106.35007215689332,10.782894053248274],[106.35006916229145,10.782893291177526],[106.35006608240164,10.782893040835589],[106.35006300403674,10.782893309278847],[106.35006001396657,10.782894088940692],[106.35005719647218,10.78289535784481],[106.35005463097026,10.782897080224613],[106.35005238977459,10.782899207531406],[106.35005053605771,10.782901679802825]]},"properties":{"OBJECTID":131,"maNhanDang":" ","phienBan":0,"ngayPhienBan":1787739118000,"giaTriDoChinhXacMatPhang":0,"nguyenNhanThayDoi":null,"maDoiTuong":"KG05","loaiTrangThaiDuongBoNuoc":1,"loaiDuongBoNuoc":"Phá","SHAPE_Length":345.19706874205042}},{"type":"Feature","id":132,"geometry":{"type":"LineString","coordinates":[[106.35016174163309,10.782962508909922],[106.34940435876631,10.784184636464385],[106.34940302710898,10.784187241336962],[106.34940213569737,10.784190027742847],[106.34940170815035,10.784192921853405],[106.34940175579621,10.784195846986266],[106.34940227737249,10.78419872563709],[106.34940325905953,10.784201481533124],[106.34940467484654,10.784204041654124],[106.3494064872208,10.784206338167111],[106.34940864816166,10.78420831022366],[106.34941110041278,10.784209905572144],[106.34943630308852,10.784223691270803],[106.34943640744835,10.784223750739157],[106.34947158853571,10.784243294295146],[106.3494744242727,10.784244571493169],[106.34947743456553,10.784245353014844],[106.34948053346695,10.784245616546844],[106.3494836324998,10.784245354565032],[106.3494866431832,10.784244574549282],[106.34948947955873,10.784243298769931],[106.34949206064465,10.78424156365192],[106.34949431274806,10.784239418734828],[106.34949617156884,10.784236925258465],[106.35024951319812,10.783012371501036],[106.35025082953683,10.783009778957524],[106.35025171059054,10.783007008077909],[106.35025213329844,10.783004131387534],[106.35025208659651,10.783001224181247],[106.35025157170713,10.782998362552616],[106.35025060210711,10.782995621402266],[106.35024920317484,10.782993072477396],[106.35024741152615,10.782990782493883],[106.35024527405591,10.78298881139003],[106.35024284671049,10.782987210757756],[106.35023287607949,10.782981671697534],[106.35023276989115,10.782981612232986],[106.35018618737233,10.782956132857377],[106.3501833623362,10.782954880657883],[106.35018036762195,10.782954118739713],[106.35017728764582,10.782953868580138],[106.35017420922746,10.782954137230757],[106.3501712191426,10.782954917118737],[106.35016840167698,10.78295618626027],[106.3501658362505,10.782957908880274],[106.35016359517844,10.782960036420821],[106.35016174163309,10.782962508909922]]},"properties":{"OBJECTID":132,"maNhanDang":" ","phienBan":0,"ngayPhienBan":1787739118000,"giaTriDoChinhXacMatPhang":0,"nguyenNhanThayDoi":null,"maDoiTuong":"KG05","loaiTrangThaiDuongBoNuoc":1,"loaiDuongBoNuoc":"Phá","SHAPE_Length":344.29731083125733}},{"type":"Feature","id":133,"geometry":{"type":"LineString","coordinates":[[106.35037762235316,10.783062079921532],[106.3502782126093,10.783006856937178],[106.34951154750392,10.784243965524869],[106.349510220225,10.784246559197086],[106.34950932949602,10.784249333256714],[106.34950889872847,10.784252214791763],[106.34950893924442,10.784255128065418],[106.34950944997897,10.784257996506657],[106.34951041750824,10.784260744722813],[106.34951181640217,10.784263300481156],[106.34951360989294,10.784265596607417],[106.34951575084132,10.784267572751368],[106.34951818297573,10.784269176973035],[106.34958985970914,10.784308995641954],[106.34959269532347,10.784310272905977],[106.34959570550002,10.784311054538255],[106.34959880430326,10.78431131822448],[106.34960190326747,10.784311056436843],[106.34960491392235,10.784310276648949],[106.34960775031867,10.784309001122452],[106.34961033148201,10.784307266271528],[106.34961258372444,10.784305121623298],[106.34961444274813,10.784302628403927],[106.35037762235316,10.783062079921532]]},"properties":{"OBJECTID":133,"maNhanDang":" ","phienBan":0,"ngayPhienBan":1787739118000,"giaTriDoChinhXacMatPhang":0,"nguyenNhanThayDoi":null,"maDoiTuong":"KG05","loaiTrangThaiDuongBoNuoc":1,"loaiDuongBoNuoc":"Phá","SHAPE_Length":348.83349300165264}},{"type":"Feature","id":134,"geometry":{"type":"LineString","coordinates":[[106.35038723898592,10.783087379597008],[106.34962977291886,10.784309643438027],[106.349628445733,10.784312237126681],[106.34962755507969,10.784315011181445],[106.34962712436646,10.784317892696544],[106.34962716491302,10.784320805942007],[106.34962767565375,10.784323674353947],[106.34962864316573,10.784326422546759],[106.34963004202146,10.784328978294356],[106.3496318354572,10.784331274428361],[106.34963397633913,10.784333250603378],[106.34963640840209,10.784334854882955],[106.3497000881232,10.784370230006665],[106.34970292373714,10.784371507279044],[106.34970593391529,10.784372288917503],[106.34970903272132,10.784372552607369],[106.34971213168872,10.78437229082067],[106.34971514234634,10.784371511031049],[106.34971797874418,10.784370235500393],[106.3497205599071,10.784368500643295],[106.34972281214655,10.784366355987467],[106.3497246711643,10.784363862759799],[106.35047801212278,10.783139306680877],[106.35047932834,10.783136714115987],[106.3504802092948,10.783133943242641],[106.35048063193148,10.783131066578131],[106.35048058518909,10.783128159408438],[106.35048007029093,10.783125297817909],[106.35047910071256,10.783122556698018],[106.35047770182908,10.783120007787378],[106.35047591025103,10.783117717794232],[106.35047377286634,10.783115746650626],[106.35047134561306,10.783114145943909],[106.35041179091418,10.783081061182743],[106.35040896138328,10.783079786163013],[106.35040595785662,10.783079004659299],[106.35040286572357,10.783078738889513],[106.35039977289252,10.783078996409412],[106.35039676729171,10.783079769897782],[106.35039393436949,10.783081037364582],[106.35039135466496,10.783082762776116],[106.35038910151835,10.783084897079458],[106.35038723898592,10.783087379597008]]},"properties":{"OBJECTID":134,"maNhanDang":" ","phienBan":0,"ngayPhienBan":1787739118000,"giaTriDoChinhXacMatPhang":0,"nguyenNhanThayDoi":null,"maDoiTuong":"KG05","loaiTrangThaiDuongBoNuoc":1,"loaiDuongBoNuoc":"Phá","SHAPE_Length":345.11156122556122}},{"type":"Feature","id":135,"geometry":{"type":"LineString","coordinates":[[106.35049750370261,10.783148633517037],[106.34974003795593,10.784370897607296],[106.34973871069865,10.784373491283977],[106.34973781998778,10.784376265343241],[106.34973738923394,10.784379146874388],[106.34973742975862,10.784382060142034],[106.34973794049671,10.784384928576664],[106.34973890802449,10.784387676787107],[106.34974030691237,10.784390232542052],[106.34974210039333,10.784392528668501],[106.34974424132925,10.78439450481728],[106.34974667344984,10.784396109049203],[106.34981020673044,10.784431403063754],[106.34981304233374,10.784432680418698],[106.34981605252035,10.784433462120827],[106.34981915134716,10.78443372585194],[106.34982225034028,10.784433464082312],[106.34982526102108,10.784432684285667],[106.34982809743231,10.784431408725796],[106.34983067859227,10.784429673820911],[106.34983293080685,10.784427529103878],[106.34983478977361,10.784425035808008],[106.35058813041054,10.783200479481726],[106.35058944671361,10.783197886931079],[106.35059032773761,10.783195116052275],[106.35059075042315,10.783192239368498],[106.35059070370718,10.783189332172213],[106.35059018881239,10.783186470554494],[106.35058921921529,10.783183729413471],[106.35058782029351,10.783181180493996],[106.35058602866152,10.783178890509841],[106.35058389121234,10.783176919397569],[106.35058146389017,10.783175318747796],[106.35052205563657,10.783142316902071],[106.35051922625451,10.783141041626095],[106.3505162228264,10.783140259864435],[106.3505131307454,10.78313999384406],[106.35051003792526,10.783140251128431],[106.3505070323007,10.783141024402466],[106.35050419932735,10.783142291680518],[106.35050161955199,10.783144016931468],[106.35049936632255,10.783146151103157],[106.35049750370261,10.783148633517037]]},"properties":{"OBJECTID":135,"maNhanDang":" ","phienBan":0,"ngayPhienBan":1787739118000,"giaTriDoChinhXacMatPhang":0,"nguyenNhanThayDoi":null,"maDoiTuong":"KG05","loaiTrangThaiDuongBoNuoc":1,"loaiDuongBoNuoc":"Phá","SHAPE_Length":345.07479402711056}},{"type":"Feature","id":136,"geometry":{"type":"LineString","coordinates":[[106.35060766776753,10.783209831536462],[106.34985020234093,10.784432095875749],[106.34984887507899,10.784434689551977],[106.34984798436464,10.784437463611928],[106.3498475536087,10.7844403451445],[106.34984759413278,10.784443258413873],[106.34984810487178,10.784446126850087],[106.34984907240188,10.784448875061535],[106.34985047129331,10.7844514308165],[106.34985226477875,10.78445372694163],[106.34985440571973,10.784455703087472],[106.34985683784551,10.784457307314646],[106.34992763770084,10.78449663938688],[106.34993047332181,10.784497916620358],[106.34993348349803,10.784498698228081],[106.34993658229622,10.784498961897016],[106.34993968125313,10.784498700100052],[106.34994269190098,10.784497920310862],[106.34994552829296,10.784496644790556],[106.34994810945692,10.78449490995218],[106.3499503617068,10.784492765321207],[106.34995222074629,10.784490272121703],[106.3507055610403,10.783265715531634],[106.35070687737569,10.783263122986106],[106.35070775842553,10.783260352104955],[106.35070818112908,10.783257475413647],[106.35070813442245,10.783254568207141],[106.35070761952812,10.783251706579106],[106.35070664992303,10.783248965430234],[106.35070525098577,10.783246416507774],[106.35070345933232,10.783244126527613],[106.35070132185773,10.783242155428042],[106.35069889450855,10.783240554800924],[106.35063221970361,10.783203514912643],[106.35062939031044,10.783202239710697],[106.35062638688831,10.783201458006685],[106.3506232948244,10.783201192024434],[106.35062020202604,10.783201449325809],[106.35061719642138,10.78320222259574],[106.35061436345971,10.783203489850184],[106.35061178368203,10.783205215061132],[106.35060953043134,10.783207349180879],[106.35060766776753,10.783209831536462]]},"properties":{"OBJECTID":136,"maNhanDang":" ","phienBan":0,"ngayPhienBan":1787739118000,"giaTriDoChinhXacMatPhang":0,"nguyenNhanThayDoi":null,"maDoiTuong":"KG05","loaiTrangThaiDuongBoNuoc":1,"loaiDuongBoNuoc":"Phá","SHAPE_Length":346.89793673971286}},{"type":"Feature","id":137,"geometry":{"type":"LineString","coordinates":[[106.35072504530876,10.783275036942197],[106.34996758022679,10.784497303355018],[106.34996625323721,10.784499896904602],[106.34996536274318,10.784502670786566],[106.34996493214679,10.784505552103543],[106.34996497276407,10.784508465134783],[106.34996548352761,10.784511333326092],[106.34996645101458,10.78451408130166],[106.34996784979953,10.784516636844941],[106.34996964312249,10.784518932796489],[106.34997178385512,10.784520908818903],[106.34997421573915,10.784522512982496],[106.35003583768922,10.784556745625528],[106.35003867331234,10.784558022848985],[106.35004168348844,10.784558804448656],[106.35004478228497,10.784559068111932],[106.35004788123946,10.784558806311924],[106.35005089188498,10.78455802652233],[106.35005372827553,10.784556751004082],[106.35005630943969,10.784555016169852],[106.35005856169204,10.784552871544571],[106.35006042073671,10.784550378351618],[106.35081376071473,10.783325821518504],[106.35081507692769,10.783323228951826],[106.35081595787818,10.783320458077455],[106.35081638051062,10.783317581412655],[106.35081633376419,10.783314674243357],[106.35081581886229,10.783311812653837],[106.35081484928055,10.783309071535486],[106.35081345039416,10.783306522626814],[106.35081165881373,10.783304232635967],[106.35080952142715,10.783302261494876],[106.35080709417254,10.783300660790783],[106.35074959724709,10.783268720308962],[106.35074676785121,10.783267445120442],[106.35074376442944,10.78326666342714],[106.35074067236796,10.783266397452321],[106.35073757957298,10.783266654757551],[106.35073457397154,10.783267428027736],[106.35073174101181,10.783268695279084],[106.35072916123383,10.783270420484094],[106.35072690797975,10.783272554595806],[106.35072504530876,10.783275036942197]]},"properties":{"OBJECTID":137,"maNhanDang":" ","phienBan":0,"ngayPhienBan":1787739118000,"giaTriDoChinhXacMatPhang":0,"nguyenNhanThayDoi":null,"maDoiTuong":"KG05","loaiTrangThaiDuongBoNuoc":1,"loaiDuongBoNuoc":"Phá","SHAPE_Length":344.59513753366338}},{"type":"Feature","id":138,"geometry":{"type":"LineString","coordinates":[[106.35083312598923,10.783335078057792],[106.35007566121769,10.784557342906757],[106.35007433391799,10.784559936577191],[106.35007344317366,10.784562710640156],[106.35007301239713,10.784565592181822],[106.35007305291099,10.78456850546338],[106.35007356365037,10.784571373911756],[106.35007453119093,10.784574122132286],[106.3500759301017,10.784576677890382],[106.35007772361354,10.78457897401017],[106.35007986458554,10.784580950140143],[106.35008229674413,10.78458255433944],[106.35014549322766,10.784617660881365],[106.35014832870354,10.784618938347664],[106.35015133877971,10.784619720194952],[106.35015443752086,10.784619984102102],[106.35015753646039,10.784619722534776],[106.35016054712602,10.784618942960513],[106.35016338356567,10.784617667635542],[106.35016596480122,10.784615932969377],[106.35016821714045,10.784613788485363],[106.35017007628085,10.784611295406814],[106.35092341593867,10.783386738327392],[106.35092473227147,10.783384145780733],[106.35092561331864,10.783381374898905],[106.35092603601954,10.783378498207373],[106.35092598931033,10.783375591001072],[106.35092547441359,10.783372729373639],[106.35092450480627,10.783369988225722],[106.35092310586705,10.783367439304522],[106.35092131421196,10.783365149325867],[106.35091917673601,10.78336317822799],[106.35091674938585,10.783361577602687],[106.35085767792964,10.783328761415854],[106.35085484853641,10.783327486202712],[106.35085184511159,10.783326704490618],[106.35084875304341,10.783326438503892],[106.35084566024034,10.783326695804618],[106.35084265463169,10.783327469077658],[106.35083982166783,10.783328736338625],[106.3508372418908,10.783330461558903],[106.35083498864444,10.783332595689956],[106.35083312598923,10.783335078057792]]},"properties":{"OBJECTID":138,"maNhanDang":" ","phienBan":0,"ngayPhienBan":1787739118000,"giaTriDoChinhXacMatPhang":0,"nguyenNhanThayDoi":null,"maDoiTuong":"KG05","loaiTrangThaiDuongBoNuoc":1,"loaiDuongBoNuoc":"Phá","SHAPE_Length":344.99028546099032}},{"type":"Feature","id":139,"geometry":{"type":"LineString","coordinates":[[106.35094279586484,10.783396002063744],[106.35018533141198,10.784618267160615],[106.35018400418818,10.784620860844496],[106.35018311350558,10.784623634903545],[106.35018268277342,10.784626516428991],[106.35018272331236,10.784629429687593],[106.3501832340569,10.784632298112088],[106.35018420158352,10.784635046313561],[106.35018560046333,10.784637602062837],[106.3501873939305,10.784639898188834],[106.35018953484851,10.784641874343984],[106.35019196694901,10.784643478590294],[106.35025850288889,10.784680441073256],[106.35026133848096,10.784681717955356],[106.35026434856735,10.784682499230131],[106.35026744722019,10.7846827625948],[106.35027054598332,10.784682500531185],[106.35027355639747,10.784681720520323],[106.35027639252542,10.784680444828906],[106.35027897340522,10.784678709873644],[106.35028122536143,10.784676565181689],[106.35028308410823,10.784674071976795],[106.35103642526839,10.783449516448149],[106.3510377414084,10.783446923758554],[106.35103862225027,10.783444152769293],[106.35103904473952,10.783441276006059],[106.35103899781826,10.78343836876299],[106.35103848271457,10.783435507131976],[106.35103751291037,10.783432766011096],[106.35103611378855,10.783430217144291],[106.35103432196861,10.783427927243594],[106.35103218434826,10.783425956243063],[106.35102975687587,10.783424355730119],[106.35096734780734,10.783389685413015],[106.35096451841729,10.783388410171572],[106.35096151498905,10.783387628437849],[106.35095842291329,10.783387362437365],[106.350955330101,10.783387619732796],[106.35095232448414,10.783388393008963],[106.35094949151558,10.7833896602808],[106.35094691173963,10.783391385518421],[106.35094465850207,10.783393519671481],[106.35094279586484,10.783396002063744]]},"properties":{"OBJECTID":139,"maNhanDang":" ","phienBan":0,"ngayPhienBan":1787739118000,"giaTriDoChinhXacMatPhang":0,"nguyenNhanThayDoi":null,"maDoiTuong":"KG05","loaiTrangThaiDuongBoNuoc":1,"loaiDuongBoNuoc":"Phá","SHAPE_Length":345.82773218337468}},{"type":"Feature","id":140,"geometry":{"type":"LineString","coordinates":[[106.3511410600387,10.78348624929947],[106.35108406273018,10.783454521280682],[106.35108404808541,10.783454514076329],[106.35108030222153,10.783452432884504],[106.35107747269576,10.783451157793825],[106.35107446915765,10.783450376236923],[106.35107137700281,10.783450110434751],[106.35106828414635,10.783450367944514],[106.35106527852334,10.783451141444777],[106.35106244558864,10.783452408943639],[106.35105986588732,10.783454134403996],[106.35105761276458,10.783456268768132],[106.35105575028045,10.783458751352516],[106.35029827886569,10.7846810293762],[106.35029695200613,10.784683621549762],[106.3502960612247,10.784686393990654],[106.35029562991096,10.784689273901858],[106.35029566939011,10.784692185664463],[106.3502961786255,10.784695052823229],[106.35029714424597,10.78469780009409],[106.35029854089686,10.784700355340926],[106.35030033190576,10.78470265146966],[106.35030247024551,10.784704628189983],[106.35030489976889,10.784706233598405],[106.35036976616233,10.784742340401092],[106.35037260230354,10.78474362041262],[106.35037561352803,10.784744404411054],[106.35037871378498,10.784744669992321],[106.35038181447928,10.784744409566983],[106.35038482700335,10.784743630577138],[106.35038766526924,10.784742355283736],[106.35039024816868,10.784740620130444],[106.35039250189097,10.784738474702202],[106.35039436203218,10.78473598030825],[106.35114771379729,10.783511402810113],[106.35114902958112,10.783508811632769],[106.35114991052853,10.783506042261219],[106.35115033360417,10.783503167110068],[106.35115028774527,10.783500261359892],[106.35114977415097,10.783497400991378],[106.35114880625095,10.783494660798562],[106.35114740935423,10.783492112433072],[106.35114561998741,10.783489822530564],[106.35114348493954,10.783487850968303],[106.3511410600387,10.78348624929947]]},"properties":{"OBJECTID":140,"maNhanDang":" ","phienBan":0,"ngayPhienBan":1787739118000,"giaTriDoChinhXacMatPhang":0,"nguyenNhanThayDoi":null,"maDoiTuong":"KG05","loaiTrangThaiDuongBoNuoc":1,"loaiDuongBoNuoc":"Phá","SHAPE_Length":345.42129514644898}},{"type":"Feature","id":141,"geometry":{"type":"LineString","coordinates":[[106.35125073758614,10.783547296131935],[106.35119152679125,10.783514339244444],[106.35118869688219,10.783513061220928],[106.35118569240673,10.783512277093006],[106.35118259887308,10.783512009177176],[106.35117950432405,10.7835122650984],[106.35117649683136,10.783513037573085],[106.35117366198911,10.783514304616387],[106.35117108047766,10.783516030167908],[106.35116882576756,10.78351816511797],[106.35116696202849,10.783520648705304],[106.35040948728619,10.78474293060386],[106.35040816062322,10.784745522921371],[106.35040727005024,10.784748295469747],[106.35040683895045,10.784751175451985],[106.35040687864296,10.784754087250267],[106.3504073880856,10.784756954411394],[106.35040835390224,10.784759701654181],[106.35040975073409,10.784762256846058],[106.35041154190542,10.784764552897014],[106.35041368038661,10.78476652952113],[106.35041611002896,10.784768134819474],[106.3504794422095,10.784803387489273],[106.350482278489,10.784804667909414],[106.35048528993505,10.784805452224223],[106.35048839046924,10.784805718015038],[106.35049149146667,10.784805457684561],[106.35049450428922,10.784804678674014],[106.35049734281907,10.784803403250441],[106.35049992592042,10.784801667870234],[106.35050217975854,10.784799522137069],[106.35050403991026,10.784797027384053],[106.35125739135532,10.783572449639555],[106.35125870702163,10.783569858441867],[106.35125958787366,10.783567089076772],[106.35126001088098,10.783564213951015],[106.35125996498381,10.783561308236514],[106.35125945138218,10.78355844790495],[106.35125848350448,10.783555707741433],[106.3512570866565,10.783553159389216],[106.35125529735967,10.783550869476523],[106.35125316239625,10.783548897874516],[106.35125073758614,10.783547296131935]]},"properties":{"OBJECTID":141,"maNhanDang":" ","phienBan":0,"ngayPhienBan":1787739118000,"giaTriDoChinhXacMatPhang":0,"nguyenNhanThayDoi":null,"maDoiTuong":"KG05","loaiTrangThaiDuongBoNuoc":1,"loaiDuongBoNuoc":"Phá","SHAPE_Length":345.03705791372875}},{"type":"Feature","id":142,"geometry":{"type":"LineString","coordinates":[[106.35127676043054,10.783581764004193],[106.35051928601064,10.784804047959136],[106.35051795936704,10.784806640280344],[106.35051706881003,10.784809412828034],[106.35051663772202,10.784812292806434],[106.3505166774216,10.784815204599079],[106.3505171868664,10.784818071754193],[106.35051815268052,10.784820818991999],[106.35051954950561,10.784823374181256],[106.35052134066675,10.784825670233138],[106.35052347913536,10.784827646862702],[106.35052590876401,10.784829252171733],[106.35059953940652,10.784870234894701],[106.35060237540492,10.784871515122608],[106.35060538652785,10.784872299347862],[106.35060848672379,10.784872565158979],[106.35061158739578,10.784872304959645],[106.35061459993321,10.784871526185803],[106.35061743824419,10.784870251093148],[106.35062002121582,10.784868516121112],[106.35062227503231,10.784866370851496],[106.35062413528436,10.784863876591539],[106.35137748637537,10.783639296769062],[106.351378802068,10.783636705575471],[106.35137968294102,10.783633936208384],[106.35138010596287,10.783631061076415],[106.35138006007313,10.783628155353533],[106.35137954647161,10.783625295013548],[106.3513785785871,10.78362255484368],[106.35137718172616,10.783620006489141],[106.3513753924115,10.783617716579892],[106.35137325742701,10.783615744988516],[106.35137083259457,10.783614143264769],[106.35130132519541,10.783575454534502],[106.35129849528272,10.783574176531374],[106.3512954908083,10.783573392419541],[106.3512923972788,10.783573124514641],[106.3512893027353,10.783573380441181],[106.35128629524777,10.783574152915556],[106.35128346040861,10.783575419953326],[106.35128087889663,10.783577145494904],[106.35127862418105,10.783579280431791],[106.35127676043054,10.783581764004193]]},"properties":{"OBJECTID":142,"maNhanDang":" ","phienBan":0,"ngayPhienBan":1787739118000,"giaTriDoChinhXacMatPhang":0,"nguyenNhanThayDoi":null,"maDoiTuong":"KG05","loaiTrangThaiDuongBoNuoc":1,"loaiDuongBoNuoc":"Phá","SHAPE_Length":347.62164961271736}},{"type":"Feature","id":143,"geometry":{"type":"LineString","coordinates":[[106.34850811158456,10.78371598118337],[106.34857913325817,10.78375482855925],[106.34858196440319,10.783756082830806],[106.34858496574738,10.783756844744383],[106.34858805234414,10.783757092735662],[106.34859113683399,10.783756819785779],[106.34859413191707,10.783756033619996],[106.34859695282398,10.783754756489044],[106.34859951971501,10.783753024539372],[106.34860175993984,10.783750886790095],[106.34860361009372,10.783748403745612],[106.34935685590587,10.782524011304382],[106.34935817653397,10.78252140754083],[106.34935905819839,10.782518624321277],[106.34935947763668,10.78251573508007],[106.3493594237821,10.782512816048911],[106.3493588980556,10.782509944245493],[106.34935791432828,10.782507195441427],[106.34935649855549,10.782504642163021],[106.34935468809192,10.782502351777701],[106.34935253070608,10.782500384716551],[106.34935008331991,10.782498792879842],[106.34928320308454,10.78246221055285],[106.34928037819756,10.782460958139536],[106.34927738359252,10.78246019599379],[106.34927430368531,10.782459945599989],[106.34927122529643,10.782460214016561],[106.34926823520362,10.782460993677025],[106.34926541769556,10.78246226260328],[106.34926285219592,10.782463985025144],[106.34926061102439,10.782466112388706],[106.34925875735811,10.782468584725015],[106.34850137185087,10.783690710238792],[106.34850003983988,10.783693315111041],[106.34849914809097,10.783696101577725],[106.34849872023312,10.783698995804803],[106.34849876760347,10.783701921102866],[106.34849928894681,10.783704799959207],[106.34850027044892,10.7837075560917],[106.34850168610258,10.783710116470081],[106.34850349839667,10.783712413251052],[106.34850565931018,10.783714385575957],[106.34850811158456,10.78371598118337]]},"properties":{"OBJECTID":143,"maNhanDang":" ","phienBan":0,"ngayPhienBan":1787739118000,"giaTriDoChinhXacMatPhang":0,"nguyenNhanThayDoi":null,"maDoiTuong":"KG05","loaiTrangThaiDuongBoNuoc":1,"loaiDuongBoNuoc":"Phá","SHAPE_Length":346.84947062897282}},{"type":"Feature","id":144,"geometry":{"type":"LineString","coordinates":[[106.34848594000185,10.783684038898876],[106.34923918433095,10.782459646725435],[106.34924050515156,10.782457043105346],[106.34924138702117,10.782454259993669],[106.34924180667113,10.782451370824495],[106.34924175302872,10.7824484518303],[106.34924122750935,10.782445580030515],[106.34924024397914,10.782442831199319],[106.34923882838915,10.782440277866288],[106.34923701809055,10.782437987402659],[106.34923486084919,10.782436020243704],[106.3492324135852,10.782434428294103],[106.34917084446712,10.782400750472702],[106.34916801940804,10.782399497902752],[106.34916502460608,10.782398735635342],[106.34916194448405,10.782398485158625],[106.34915886586987,10.782398753533483],[106.34915587554897,10.782399533194488],[106.34915305781783,10.782400802163176],[106.34915049210763,10.782402524667608],[106.34914825074516,10.782404652150777],[106.34914639691394,10.782407124639423],[106.34838901108175,10.783629251707458],[106.34838767946385,10.783631856583503],[106.34838678808154,10.78363464298315],[106.34838636055183,10.783637537081244],[106.34838640820202,10.78364046219917],[106.34838692976965,10.783643340836457],[106.34838791143586,10.78364609672413],[106.34838932719161,10.783648656845436],[106.34839113952668,10.783650953370424],[106.3483933004236,10.783652925453076],[106.34839575262976,10.78365452084342],[106.34846146133964,10.783690463706654],[106.3484642926411,10.783691718251541],[106.34846729419326,10.783692480377082],[106.34847038103318,10.783692728510287],[106.3484734657837,10.783692455627408],[106.34847646112678,10.783691669452764],[106.34847928227522,10.783690392240088],[106.34848184937263,10.7836886601426],[106.34848408975384,10.783686522189651],[106.34848594000185,10.783684038898876]]},"properties":{"OBJECTID":144,"maNhanDang":" ","phienBan":0,"ngayPhienBan":1787739118000,"giaTriDoChinhXacMatPhang":0,"nguyenNhanThayDoi":null,"maDoiTuong":"KG05","loaiTrangThaiDuongBoNuoc":1,"loaiDuongBoNuoc":"Phá","SHAPE_Length":345.52207889064152}},{"type":"Feature","id":145,"geometry":{"type":"LineString","coordinates":[[106.34837345290806,10.783622508277984],[106.34912669757126,10.782398118165345],[106.34912801862201,10.78239551441099],[106.34912890067768,10.782392731123434],[106.34912932046272,10.782389841747662],[106.34912926689991,10.782386922528099],[106.34912874140264,10.782384050496683],[106.34912775783765,10.782381301440161],[106.34912634215914,10.782378747900234],[106.3491245317238,10.782376457259337],[106.34912237430514,10.782374489962571],[106.34911992683281,10.78237289792267],[106.3490591358227,10.782339647114258],[106.3490563109237,10.78233839480205],[106.34905331632984,10.782337632733936],[106.34905023644866,10.782337382390057],[106.34904715809164,10.782337650826767],[106.34904416802733,10.782338430477733],[106.3490413505356,10.782339699367217],[106.34903878503206,10.782341421729488],[106.34903654382964,10.782343549016943],[106.34903469010031,10.782346021268499],[106.34827730394156,10.783568148084077],[106.34827597222943,10.783570752833052],[106.34827508072139,10.783573539118724],[106.34827465303654,10.783576433122885],[106.34827470050568,10.783579358173499],[106.34827522187122,10.783582236776008],[106.3482762033204,10.783584992666414],[106.34827761885127,10.783587552831792],[106.34827943096161,10.783589849444631],[106.34828159164243,10.783591821659831],[106.34828404364994,10.783593417226689],[106.34834897607668,10.78362893307321],[106.34835180720873,10.783630187429825],[106.34835480855938,10.783630949409819],[106.34835789517527,10.78363119744531],[106.34836097968959,10.783630924515643],[106.34836397479505,10.783630138346107],[106.34836679571504,10.783628861189261],[106.34836936260331,10.783627129195084],[106.34837160280398,10.78362499138775],[106.34837345290806,10.783622508277984]]},"properties":{"OBJECTID":145,"maNhanDang":" ","phienBan":0,"ngayPhienBan":1787739118000,"giaTriDoChinhXacMatPhang":0,"nguyenNhanThayDoi":null,"maDoiTuong":"KG05","loaiTrangThaiDuongBoNuoc":1,"loaiDuongBoNuoc":"Phá","SHAPE_Length":345.32713165463258}},{"type":"Feature","id":146,"geometry":{"type":"LineString","coordinates":[[106.34826165606566,10.783561356000748],[106.34901490288615,10.782336966135635],[106.34901622353247,10.78233436237625],[106.34901710521251,10.782331579156899],[106.34901752466311,10.78232868991291],[106.34901747081706,10.782325770877071],[106.34901694509509,10.782322899068225],[106.34901596136838,10.782320150259137],[106.3490145455926,10.782317596977215],[106.34901273512304,10.782315306590876],[106.34901057772898,10.782313339532035],[106.34900813033332,10.782311747701591],[106.34894189643809,10.782275516643804],[106.3489390712504,10.782274264193504],[106.34893607633856,10.782273502077834],[106.34893299613255,10.782273251781705],[106.34892991746688,10.782273520361251],[106.34892692713265,10.782274300244907],[106.34892410943083,10.782275569446867],[106.3489215437956,10.782277292186874],[106.34891930255516,10.782279419898925],[106.34891744889265,10.782281892600391],[106.34816006238752,10.783504017342809],[106.34815873076586,10.783506622217477],[106.34815783937989,10.783509408616471],[106.34815741184677,10.783512302714556],[106.34815745949393,10.783515227833021],[106.34815798105895,10.783518106471279],[106.34815896272305,10.783520862360227],[106.34816037847717,10.783523422482986],[106.34816219081114,10.783525719009475],[106.3481643517074,10.783527691093559],[106.34816680391333,10.783529286485155],[106.34823717923987,10.783567782595219],[106.34824001050302,10.783569036822371],[106.34824301196376,10.78356979864266],[106.34824609866224,10.783570046491871],[106.34824918322585,10.783569773354341],[106.34825217834239,10.783568986961546],[106.3482549992316,10.783567709573258],[106.34825756604489,10.783565977347445],[106.34825980612561,10.783563839316789],[106.34826165606566,10.783561356000748]]},"properties":{"OBJECTID":146,"maNhanDang":" ","phienBan":0,"ngayPhienBan":1787739118000,"giaTriDoChinhXacMatPhang":0,"nguyenNhanThayDoi":null,"maDoiTuong":"KG05","loaiTrangThaiDuongBoNuoc":1,"loaiDuongBoNuoc":"Phá","SHAPE_Length":346.68818112786244}},{"type":"Feature","id":147,"geometry":{"type":"LineString","coordinates":[[106.34814438156326,10.783497207234927],[106.34889762689953,10.782272817636731],[106.34889894771334,10.782270214016592],[106.34889982957834,10.782267430906632],[106.34890024922623,10.782264541740213],[106.34890019558443,10.782261622749035],[106.34889967006829,10.782258750951733],[106.34889868654376,10.78225600212172],[106.34889727096149,10.782253448787866],[106.34889546067211,10.782251158320811],[106.34889330344079,10.782249191155355],[106.34889085618683,10.782247599195872],[106.34883036546867,10.782214510496406],[106.34882754041099,10.782213257933714],[106.34882454561219,10.782212495671024],[106.34882146549425,10.782212245196163],[106.34881838688422,10.782212513569899],[106.34881539656665,10.782213293226905],[106.34881257883717,10.782214562189017],[106.34881001312625,10.782216284684797],[106.34880777176006,10.782218412157906],[106.34880591792167,10.78222088463589],[106.34804853109404,10.783443010934455],[106.34804719951597,10.783445615816209],[106.34804630816501,10.783448402212191],[106.34804588065643,10.783451296300218],[106.34804592831654,10.783454221404936],[106.34804644988264,10.783457100029242],[106.34804743153647,10.783459855907475],[106.34804884727032,10.783462416025984],[106.34805065957602,10.783464712557532],[106.34805282043872,10.7834666846583],[106.34805527260902,10.78346828007987],[106.34811990290721,10.783503632015364],[106.34812273419448,10.783504886648569],[106.3481257357526,10.783505648843331],[106.34812882261167,10.783505897022984],[106.34813190738701,10.783505624161908],[106.34813490275293,10.783504837984417],[106.3481377239148,10.783503560746102],[106.34814029100949,10.783501828603793],[106.34814253136609,10.783499690592025],[106.34814438156326,10.783497207234927]]},"properties":{"OBJECTID":147,"maNhanDang":" ","phienBan":0,"ngayPhienBan":1787739118000,"giaTriDoChinhXacMatPhang":0,"nguyenNhanThayDoi":null,"maDoiTuong":"KG05","loaiTrangThaiDuongBoNuoc":1,"loaiDuongBoNuoc":"Phá","SHAPE_Length":345.2523419443051}},{"type":"Feature","id":148,"geometry":{"type":"LineString","coordinates":[[106.34803327501695,10.783436433257309],[106.34878652250485,10.782212042096921],[106.34878784311681,10.782209438332483],[106.34878872476963,10.782206655116095],[106.34878914420167,10.782203765880567],[106.34878909034656,10.782200846855934],[106.34878856462522,10.782197975058196],[106.34878758090838,10.782195226257306],[106.34878616515056,10.78219267297805],[106.34878435470533,10.782190382586544],[106.34878219733976,10.782188415512831],[106.34877974997413,10.782186823656486],[106.34872229287996,10.782155396223946],[106.348719467984,10.782154143906645],[106.3487164733921,10.782153381833698],[106.34871339351199,10.782153131485448],[106.34871031515536,10.782153399918386],[106.34870732509098,10.78215417956627],[106.34870450759897,10.782155448453384],[106.34870194209516,10.782157170813969],[106.34869970089269,10.782159298100328],[106.34869784716371,10.78216177035125],[106.34794046002011,10.783383896405565],[106.34793912837755,10.783386501275951],[106.34793823697409,10.783389287675337],[106.34793780942775,10.783392181777232],[106.34793785706648,10.783395106901539],[106.3479383786281,10.783397985546209],[106.34793936029368,10.783400741440685],[106.34794077605368,10.783403301566716],[106.3479425883971,10.783405598092992],[106.3479447493054,10.783407570172361],[106.34794720152462,10.783409165553984],[106.34800879819169,10.783442858025316],[106.34801162931626,10.783444112420161],[106.34801463066809,10.783444874430625],[106.34801771729094,10.783445122487247],[106.34802080181491,10.783444849568541],[106.3480237969295,10.78344406339974],[106.34802661785501,10.783442786234129],[106.34802918474237,10.783441054223147],[106.3480314249333,10.783438916393074],[106.34803327501695,10.783436433257309]]},"properties":{"OBJECTID":148,"maNhanDang":" ","phienBan":0,"ngayPhienBan":1787739118000,"giaTriDoChinhXacMatPhang":0,"nguyenNhanThayDoi":null,"maDoiTuong":"KG05","loaiTrangThaiDuongBoNuoc":1,"loaiDuongBoNuoc":"Phá","SHAPE_Length":344.4937921939441}},{"type":"Feature","id":149,"geometry":{"type":"LineString","coordinates":[[106.34792504283902,10.783377230432361],[106.34867829064849,10.782152841323221],[106.3486796113669,10.782150237577046],[106.34868049310614,10.782147454354597],[106.34868091260005,10.782144565095841],[106.34868085877956,10.782141646038692],[106.34868033306483,10.782138774207342],[106.34867934932771,10.782136025379851],[106.34867793352576,10.782133472088617],[106.34867612301727,10.78213118170649],[106.34867396557553,10.782129214669023],[106.34867151812823,10.782127622879779],[106.34859996407683,10.782088481795345],[106.34859713904646,10.782087229635412],[106.34859414434747,10.782086467743666],[106.34859106439178,10.782086217595639],[106.34858798599446,10.782086486242282],[106.34858499592664,10.782087266111221],[106.34858217846973,10.7820885352202],[106.34857961303969,10.782090257796701],[106.34857737194861,10.782092385286257],[106.34857551836636,10.782094857721079],[106.34781813086158,10.783316981690719],[106.34781679913354,10.783319586435498],[106.34781590761143,10.783322372720347],[106.34781547991494,10.783325266726333],[106.34781552737535,10.783328191780596],[106.34781604873521,10.783331070387693],[106.34781703018183,10.783333826282734],[106.34781844571305,10.783336386451927],[106.34782025782624,10.783338683066976],[106.34782241851188,10.7833406552821],[106.34782487052546,10.783342250846069],[106.34790056601929,10.783383656999895],[106.34790339728455,10.783384911193515],[106.34790639873964,10.783385672988752],[106.34790948542766,10.783385920822814],[106.34791256997917,10.783385647680701],[106.34791556508522,10.783384861293765],[106.34791838596861,10.783383583920873],[106.34792095278358,10.783381851718365],[106.34792319287584,10.783379713716647],[106.34792504283902,10.783377230432361]]},"properties":{"OBJECTID":149,"maNhanDang":" ","phienBan":0,"ngayPhienBan":1787739118000,"giaTriDoChinhXacMatPhang":0,"nguyenNhanThayDoi":null,"maDoiTuong":"KG05","loaiTrangThaiDuongBoNuoc":1,"loaiDuongBoNuoc":"Phá","SHAPE_Length":348.01770819849673}},{"type":"Feature","id":150,"geometry":{"type":"LineString","coordinates":[[106.34780267890349,10.783310297696284],[106.34855592524367,10.782085908865476],[106.34855724629206,10.782083305112556],[106.34855812834731,10.782080521827329],[106.34855854813404,10.782077632454175],[106.34855849457506,10.782074713236891],[106.34855796908367,10.78207184120679],[106.34855698552636,10.782069092150017],[106.3485555698569,10.782066538607753],[106.3485537594315,10.782064247961998],[106.34855160202304,10.782062280657533],[106.34854915456049,10.782060688606915],[106.34849644287947,10.782031855757642],[106.34849361784902,10.782030603603694],[106.34849062315135,10.782029841716302],[106.34848754319782,10.782029591570746],[106.34848446480291,10.782029860217865],[106.34848147473713,10.782030640085317],[106.34847865728132,10.782031909191025],[106.34847609185093,10.782033631762777],[106.3484738507576,10.782035759246551],[106.34847199717089,10.782038231675083],[106.34771460936703,10.783260357218955],[106.34771327783285,10.783262961822897],[106.34771238646692,10.783265747933404],[106.34771195888354,10.783268641740138],[106.34771200641033,10.783271566579648],[106.34771252778823,10.783274444966359],[106.34771350920474,10.783277200645331],[106.34771492465994,10.783279760612428],[106.34771673665524,10.783282057048364],[106.34771889718681,10.783284029115384],[106.34772134901729,10.783285624568995],[106.34777820208241,10.783316722445827],[106.34778103320278,10.783317976860012],[106.34778403455478,10.783318738886042],[106.34778712118076,10.783318986953667],[106.34779020570927,10.78331871404097],[106.34779320082825,10.78331792787314],[106.34779602175647,10.78331665070381],[106.34779858864343,10.783314918685114],[106.34780082882969,10.783312780844373],[106.34780267890349,10.783310297696284]]},"properties":{"OBJECTID":150,"maNhanDang":" ","phienBan":0,"ngayPhienBan":1787739118000,"giaTriDoChinhXacMatPhang":0,"nguyenNhanThayDoi":null,"maDoiTuong":"KG05","loaiTrangThaiDuongBoNuoc":1,"loaiDuongBoNuoc":"Phá","SHAPE_Length":343.3075901699396}},{"type":"Feature","id":151,"geometry":{"type":"LineString","coordinates":[[106.34983654236402,10.792549263568587],[106.34997221684044,10.792338425701018],[106.35004132344993,10.792226661147984],[106.35009775438608,10.792196107182246],[106.35019793193433,10.792213672948286],[106.35253192260805,10.793449751443122],[106.35259104757351,10.793482617702434],[106.35256547657859,10.793535945858201],[106.35248861008544,10.793619816612793],[106.35032736190882,10.796992306361432],[106.35030429067297,10.797012648089686],[106.35028635171712,10.797030442962985],[106.35026323696668,10.797027949122292],[106.3502298242269,10.797012792609094],[106.3478804424055,10.795794485965795],[106.34785258826341,10.795771201461955],[106.34783234074149,10.795745298457479],[106.34782420146601,10.795714385056463],[106.34782009441652,10.79568046768761],[106.3478311240741,10.795640535948486],[106.34836378844821,10.794824438054965],[106.3488805247954,10.794012315658682],[106.34946977236697,10.793114137574232],[106.34983654236402,10.792549263568587]]},"properties":{"OBJECTID":151,"maNhanDang":" ","phienBan":0,"ngayPhienBan":1787739118000,"giaTriDoChinhXacMatPhang":0,"nguyenNhanThayDoi":null,"maDoiTuong":"KG05","loaiTrangThaiDuongBoNuoc":1,"loaiDuongBoNuoc":"Phá","SHAPE_Length":1546.4544217289451}},{"type":"Feature","id":152,"geometry":{"type":"LineString","coordinates":[[106.3506428507262,10.797185933396086],[106.35064132815457,10.797183620059725],[106.35061378129147,10.797152230913699],[106.35061516405287,10.797120071352865],[106.35065627556041,10.797051938425799],[106.35122611069711,10.796189291434185],[106.35137164274573,10.795904598124018],[106.35150452691498,10.795715051059055],[106.35188256561047,10.795142017790718],[106.35216468020711,10.7947056892753],[106.35248576799756,10.79423212630954],[106.35288326691976,10.79361100680739],[106.35320214061156,10.793132471356527],[106.35334343505544,10.792900666044403],[106.35335572045435,10.792895640631597],[106.35337888454208,10.792905600181417],[106.35379269872058,10.793115356758753],[106.3544706655786,10.793471747343521],[106.35505167776496,10.793784784751294],[106.35530720610591,10.79389504742867],[106.35533328646584,10.793916434305736],[106.35532971658547,10.793939309473098],[106.35531601459415,10.793959345715489],[106.35522299853713,10.794101016774043],[106.35511323755887,10.794257448270308],[106.354958116433,10.79450965244345],[106.35487153464632,10.794614152514951],[106.35470197889452,10.79487144411363],[106.35458299902668,10.795050325873103],[106.35446533737729,10.795228161690462],[106.35426902538939,10.79551700946152],[106.35411617032648,10.79575526768755],[106.3539328931992,10.796045583378648],[106.35379156364088,10.796260240156542],[106.35368112030901,10.796417327099546],[106.35346106648127,10.796734766655911],[106.35323611171691,10.797087502471118],[106.35316667029775,10.797182600451828],[106.35312264879408,10.797231993846186],[106.35308376984277,10.797320680038528],[106.35299282999831,10.797415899463662],[106.35282670114731,10.797574548480602],[106.3526152612903,10.797869854731875],[106.35244435192185,10.798122439343574],[106.3524262797112,10.798127477810723],[106.35241325459126,10.79812393019729],[106.35239081680469,10.798116113697084],[106.35236619897559,10.798101869706839],[106.35232058248933,10.798076947656504],[106.35214694520927,10.797961001024509],[106.35149536241713,10.797636413036361],[106.35119961079346,10.797473549293082],[106.3506428507262,10.797185933396086]]},"properties":{"OBJECTID":152,"maNhanDang":" ","phienBan":0,"ngayPhienBan":1787739118000,"giaTriDoChinhXacMatPhang":0,"nguyenNhanThayDoi":null,"maDoiTuong":"KG05","loaiTrangThaiDuongBoNuoc":1,"loaiDuongBoNuoc":"Phá","SHAPE_Length":1595.3574968105547}},{"type":"Feature","id":153,"geometry":{"type":"LineString","coordinates":[[106.35354208342982,10.793019543281373],[106.35347380741693,10.792985129158536],[106.353471040803,10.792984002619461],[106.35346812863013,10.792983337418693],[106.35346514727277,10.792983151001746],[106.35346217491985,10.792983448257576],[106.35345928952411,10.792984221390372],[106.35345656675776,10.792985450123998],[106.35345407802791,10.792987102233761],[106.35345188860384,10.792989134391528],[106.35345005590526,10.792991493302047],[106.35073443388632,10.797180330956147],[106.35073301437338,10.797182987162531],[106.3507320572848,10.797185842758926],[106.35073158937897,10.797188817908244],[106.35073162373766,10.797191829430917],[106.35073215940025,10.797194793130448],[106.35073318139064,10.797197626147385],[106.3507346611359,10.797200249275917],[106.35073655726514,10.797202589178314],[106.35073881676617,10.797204580435317],[106.35074137646758,10.797206167375133],[106.35080923564085,10.797241222968001],[106.35081201035609,10.797242383022091],[106.35081493669028,10.797243076807607],[106.35081793686641,10.797243285884896],[106.35082093114488,10.797243004697039],[106.35082383994282,10.797242240717532],[106.35082658594929,10.797241014251657],[106.35082909618012,10.797239357896808],[106.35083130391757,10.797237315676092],[106.35083315048374,10.797234941868279],[106.35354918723388,10.793045460690765],[106.35354208342982,10.793019543281373]]},"properties":{"OBJECTID":153,"maNhanDang":" ","phienBan":0,"ngayPhienBan":1787739118000,"giaTriDoChinhXacMatPhang":0,"nguyenNhanThayDoi":null,"maDoiTuong":"KG05","loaiTrangThaiDuongBoNuoc":1,"loaiDuongBoNuoc":"Phá","SHAPE_Length":1129.7037078855262}},{"type":"Feature","id":154,"geometry":{"type":"LineString","coordinates":[[106.35095078455775,10.797295709046084],[106.35366713919196,10.793105736268148],[106.35366855606554,10.793103086045548],[106.35366951255236,10.793100237125831],[106.35366998202302,10.793097268825324],[106.35366995140704,10.793094263784017],[106.35366942155683,10.793091305664793],[106.35366840722384,10.793088476824188],[106.35366693664795,10.793085856019509],[106.35366505077126,10.793083516216166],[106.35366280209814,10.793081522556259],[106.35366025323357,10.793079930544957],[106.35359168014395,10.793044211515426],[106.35358890286142,10.793043039920494],[106.35358597185002,10.793042336283429],[106.35358296537508,10.7930421193931],[106.35357996371702,10.793042395041017],[106.35357704702758,10.793043155866695],[106.35357429318971,10.793044381554184],[106.35357177573772,10.793046039374563],[106.35356956189388,10.793048085059883],[106.35356771077338,10.79305046398523],[106.35085121112456,10.7972406568315],[106.3508497916327,10.797243313042094],[106.35084883456156,10.797246168637773],[106.35084836666857,10.797249143782816],[106.35084840103495,10.797252155299182],[106.35084893669986,10.797255118991972],[106.35084995868741,10.797257952003326],[106.35085143842521,10.797260575128925],[106.35085333454329,10.797262915032363],[106.35085559403065,10.797264906295455],[106.35085815371737,10.797266493247182],[106.35092686971305,10.797301990155006],[106.35095078455775,10.797295709046084]]},"properties":{"OBJECTID":154,"maNhanDang":" ","phienBan":0,"ngayPhienBan":1787739118000,"giaTriDoChinhXacMatPhang":0,"nguyenNhanThayDoi":null,"maDoiTuong":"KG05","loaiTrangThaiDuongBoNuoc":1,"loaiDuongBoNuoc":"Phá","SHAPE_Length":1130.2576524387944}},{"type":"Feature","id":155,"geometry":{"type":"LineString","coordinates":[[106.35379935760228,10.793168490109872],[106.35108206535099,10.797359912341559],[106.35108064574371,10.797362568418727],[106.35107968852986,10.797365423899846],[106.35107922047017,10.797368398954614],[106.35107925465009,10.797371410409825],[106.35107979011407,10.797374374074632],[106.3510808118922,10.797377207094256],[106.35108229141881,10.797379830266346],[106.35108418733091,10.797382170255235],[106.35108644662481,10.797384161642169],[106.35108900613767,10.797385748754207],[106.35115085680722,10.797417700431327],[106.35115363152228,10.797418860505141],[106.35115655786073,10.797419554304978],[106.35115955804376,10.797419763390408],[106.35116255232985,10.797419482204175],[106.35116546113423,10.797418718219895],[106.35116820714413,10.797417491743415],[106.35117071737366,10.79741583537311],[106.35117292510375,10.797413793133456],[106.35117477165537,10.797411419304897],[106.35389179133487,10.793220414539276],[106.35389320547071,10.79321777078167],[106.35389416142539,10.793214929059467],[106.35389463270641,10.793211968125723],[106.35389460625309,10.793208970037222],[106.35389408279855,10.793206017880424],[106.35389307684933,10.793203193468871],[106.35389161628348,10.793200575075891],[106.35388974157783,10.793198235265383],[106.35388750468641,10.793196238880855],[106.35388496760049,10.793194641248396],[106.35382338922231,10.793162270047894],[106.35379935760228,10.793168490109872]]},"properties":{"OBJECTID":155,"maNhanDang":" ","phienBan":0,"ngayPhienBan":1787739118000,"giaTriDoChinhXacMatPhang":0,"nguyenNhanThayDoi":null,"maDoiTuong":"KG05","loaiTrangThaiDuongBoNuoc":1,"loaiDuongBoNuoc":"Phá","SHAPE_Length":1128.853982134021}},{"type":"Feature","id":156,"geometry":{"type":"LineString","coordinates":[[106.35132492659649,10.797511447659266],[106.35141130267984,10.797559014148353],[106.35141409684117,10.797560265112741],[106.35141705940505,10.797561036776299],[106.35142010878977,10.797561307889309],[106.35142316102277,10.797561070985983],[106.35142613205304,10.797560332590059],[106.35142894006572,10.797559113035145],[106.35143150773504,10.797557445904783],[106.35143376435373,10.797555377107647],[106.35143564778001,10.797552963613322],[106.35415479625333,10.793358668884368],[106.35415621035926,10.793356025120419],[106.35415716628897,10.793353183398784],[106.35415763755122,10.793350222470666],[106.35415761108618,10.793347224390775],[106.35415708762726,10.793344272243388],[106.3541560816808,10.793341447839882],[106.3541546211241,10.793338829451532],[106.35415274643283,10.79333648964041],[106.35415050955936,10.79333449324853],[106.35414797249305,10.793332895600892],[106.3540605507168,10.793286941154271],[106.35405777066134,10.793285756715349],[106.35405483452143,10.793285042092194],[106.35405182110208,10.793284816465057],[106.35404881128244,10.793285085889696],[106.3540458858451,10.793285843134843],[106.35404312330782,10.793287067876289],[106.35404059781618,10.793288727242379],[106.35403837715354,10.79329077669628],[106.35403652092175,10.793293161231327],[106.35131841420859,10.797485843677082],[106.35132492659649,10.797511447659266]]},"properties":{"OBJECTID":156,"maNhanDang":" ","phienBan":0,"ngayPhienBan":1787739118000,"giaTriDoChinhXacMatPhang":0,"nguyenNhanThayDoi":null,"maDoiTuong":"KG05","loaiTrangThaiDuongBoNuoc":1,"loaiDuongBoNuoc":"Phá","SHAPE_Length":1135.7491623723681}},{"type":"Feature","id":157,"geometry":{"type":"LineString","coordinates":[[106.35165900186649,10.797669302173267],[106.35437763029616,10.793475807662695],[106.354379044512,10.793473163631397],[106.35438000048032,10.793470321619338],[106.35438047170599,10.793467360394201],[106.35438044512881,10.793464362027711],[106.35437992148535,10.793461409620983],[106.35437891528863,10.793458585001339],[106.35437745442587,10.79345596645442],[106.35437557938556,10.793453626554468],[106.3543733421353,10.793451630152893],[106.35437080468154,10.793450032580889],[106.354302759872,10.79341426386547],[106.35429997980393,10.793413079513618],[106.35429704367066,10.793412364958288],[106.35429403027049,10.793412139376301],[106.35429102047532,10.793412408821702],[106.35428809506028,10.793413166063267],[106.35428533253604,10.793414390778583],[106.3542828070416,10.793416050099438],[106.35428058635476,10.793418099493929],[106.35427873007303,10.793420483961579],[106.35155918356494,10.797615393454091],[106.35155775377729,10.797618074421445],[106.35155679489897,10.797620957550141],[106.35155633420779,10.797623960822079],[106.35155638480929,10.797626998801373],[106.35155694526399,10.797629985064795],[106.35155799962831,10.797632834660309],[106.3515595179081,10.797635466523753],[106.35156145691195,10.797637805784921],[106.35156376147982,10.797639785897443],[106.35156636605231,10.797641350531864],[106.35163532866393,10.797675704016306],[106.35165900186649,10.797669302173267]]},"properties":{"OBJECTID":157,"maNhanDang":" ","phienBan":0,"ngayPhienBan":1787739118000,"giaTriDoChinhXacMatPhang":0,"nguyenNhanThayDoi":null,"maDoiTuong":"KG05","loaiTrangThaiDuongBoNuoc":1,"loaiDuongBoNuoc":"Phá","SHAPE_Length":1131.2637041510989}},{"type":"Feature","id":158,"geometry":{"type":"LineString","coordinates":[[106.35189331559322,10.797786026076444],[106.35460791224946,10.793598741432458],[106.35460931900603,10.793596114921954],[106.35461027343217,10.793593292406726],[106.35461074940063,10.793590351152655],[106.35461073388184,10.793587371676084],[106.35461022730064,10.793584435539683],[106.35460924352458,10.793581623119701],[106.35460780948439,10.793579011405665],[106.35460596443667,10.79357667189281],[106.35460375888931,10.793574668624911],[106.35460125321877,10.793573056441094],[106.35453790266112,10.793538924060691],[106.35453511497121,10.793537704584502],[106.35453216473603,10.793536959970739],[106.3545291322302,10.793536710480014],[106.35452609996686,10.793536962900859],[106.35452315045256,10.793537710365015],[106.3545203639423,10.793538932534311],[106.35451781625579,10.793540596154058],[106.35451557671446,10.793542655957895],[106.35451370625523,10.793545055899463],[106.35179784696886,10.797734284227605],[106.35179641704717,10.797736965056748],[106.35179545801078,10.797739848070819],[106.35179499714168,10.797742851255896],[106.35179504755035,10.797745889179511],[106.35179560780279,10.797748875420986],[106.35179666196133,10.797751725029851],[106.35179818003803,10.797754356942471],[106.35180011884775,10.797756696288074],[106.35180242323658,10.797758676518628],[106.35180502765093,10.797760241301942],[106.35186964239118,10.79779242974578],[106.35189331559322,10.797786026076444]]},"properties":{"OBJECTID":158,"maNhanDang":" ","phienBan":0,"ngayPhienBan":1787739118000,"giaTriDoChinhXacMatPhang":0,"nguyenNhanThayDoi":null,"maDoiTuong":"KG05","loaiTrangThaiDuongBoNuoc":1,"loaiDuongBoNuoc":"Phá","SHAPE_Length":1128.6304699498207}},{"type":"Feature","id":159,"geometry":{"type":"LineString","coordinates":[[106.35201823929378,10.797848257737366],[106.35473039700227,10.793664734261453],[106.35473180390063,10.793662107601882],[106.35473275844092,10.793659284915858],[106.35473323449258,10.793656343474318],[106.35473321902374,10.793653363799129],[106.35473271245785,10.793650427458802],[106.35473172866214,10.793647614835557],[106.35473029456799,10.793645002924864],[106.35472844943365,10.793642663227693],[106.35472624376966,10.793640659793182],[106.35472373795596,10.793639047465284],[106.35464964952092,10.793599129997101],[106.3546468615307,10.793597910472233],[106.35464391098611,10.793597165880339],[106.35464087817694,10.793596916483143],[106.35463784563152,10.793597169067201],[106.354634895871,10.793597916759236],[106.35463210916384,10.793599139213166],[106.35462956134147,10.793600803163763],[106.35462732173484,10.793602863331857],[106.35462545128779,10.793605263656472],[106.35191181752013,10.7977910602362],[106.35191038779914,10.797793741216571],[106.35190942897589,10.797796624342627],[106.35190896832518,10.797799627600661],[106.35190901895074,10.797802665559669],[106.35190957941245,10.797805651801546],[106.35191063376737,10.797808501379336],[106.3519121520232,10.797811133233644],[106.35191409099149,10.79781347249846],[106.35191639551613,10.797815452630809],[106.35191900004234,10.797817017303631],[106.35199456608653,10.797854659608181],[106.35201823929378,10.797848257737366]]},"properties":{"OBJECTID":159,"maNhanDang":" ","phienBan":0,"ngayPhienBan":1787739118000,"giaTriDoChinhXacMatPhang":0,"nguyenNhanThayDoi":null,"maDoiTuong":"KG05","loaiTrangThaiDuongBoNuoc":1,"loaiDuongBoNuoc":"Phá","SHAPE_Length":1130.3640923257476}},{"type":"Feature","id":160,"geometry":{"type":"LineString","coordinates":[[106.35213903296648,10.797908430623743],[106.35484883016659,10.793728545241031],[106.3548502371814,10.793725918602648],[106.354851191816,10.793723095910208],[106.35485166793464,10.793720154442736],[106.35485165250225,10.793717174731057],[106.35485114594134,10.793714238353036],[106.3548501621204,10.793711425700156],[106.35484872797427,10.793708813776588],[106.35484688276668,10.793706474090975],[106.35484467701528,10.793704470698694],[106.35484217110864,10.793702858448166],[106.35477213245325,10.793665122812643],[106.35476934475443,10.793663903390822],[106.35476639452254,10.79366315881971],[106.35476336202801,10.79366290935773],[106.3547603297795,10.793663161792287],[106.35475738027891,10.793663909255097],[106.3547545937768,10.793665131409062],[106.35475204608881,10.793666795001606],[106.35474980653284,10.793668854769413],[106.35474793604315,10.793671254669961],[106.35203674305514,10.79785329188576],[106.35203531322688,10.797855972847568],[106.35203435431687,10.797858855980708],[106.35203389360487,10.797861859263833],[106.3520339441975,10.797864897257492],[106.35203450465548,10.797867883534762],[106.35203555903452,10.797870733139986],[106.35203707733892,10.797873365005643],[106.35203901637492,10.797875704258619],[106.3520413209795,10.797877684350247],[106.35204392558967,10.797879248949524],[106.35211535976126,10.797914834312079],[106.35213903296648,10.797908430623743]]},"properties":{"OBJECTID":160,"maNhanDang":" ","phienBan":0,"ngayPhienBan":1787739118000,"giaTriDoChinhXacMatPhang":0,"nguyenNhanThayDoi":null,"maDoiTuong":"KG05","loaiTrangThaiDuongBoNuoc":1,"loaiDuongBoNuoc":"Phá","SHAPE_Length":1128.3814273618082}},{"type":"Feature","id":161,"geometry":{"type":"LineString","coordinates":[[106.35082176736111,10.79101283539976],[106.35130349375763,10.790256628836937],[106.35173525466116,10.789600110353508],[106.35234205838765,10.788675969255284],[106.35287090744451,10.78783124463925],[106.35330250665587,10.787203387994634],[106.35348377948588,10.786901500625623],[106.35350940205076,10.786867944884506],[106.35352481328971,10.786866900444842],[106.35355360042293,10.786874966719324],[106.35359680542189,10.786899247865584],[106.35367806817335,10.786942746390482],[106.35593410220748,10.78820839219186],[106.35596477723823,10.788228511551662],[106.35597296073662,10.788235558324295],[106.35597298094234,10.788245647989084],[106.35597300114804,10.788255737653865],[106.35596994999185,10.788261797449621],[106.35540767640845,10.789115750792599],[106.35471888710447,10.790178888729541],[106.35402863202195,10.791244868843318],[106.35344227970049,10.792173862564027],[106.35276496713603,10.793191789394843],[106.35275278446633,10.793208913192272],[106.35273954886684,10.793207931813969],[106.35271917219296,10.793199925057758],[106.35267229827264,10.793176882366575],[106.35260198548902,10.793141815642254],[106.35240121861531,10.793032570530844],[106.35183211279265,10.792745360084542],[106.3509654420686,10.792290714846512],[106.3504009156472,10.792013195475514],[106.35033974993542,10.791970064003864],[106.35030203707122,10.791947003158965],[106.35027653692526,10.791921907908421],[106.35026833518062,10.791892754063888],[106.35028147889859,10.791847465902036],[106.35030785398823,10.791800141361898],[106.35082176736111,10.79101283539976]]},"properties":{"OBJECTID":161,"maNhanDang":" ","phienBan":0,"ngayPhienBan":1787739118000,"giaTriDoChinhXacMatPhang":0,"nguyenNhanThayDoi":null,"maDoiTuong":"KG05","loaiTrangThaiDuongBoNuoc":1,"loaiDuongBoNuoc":"Phá","SHAPE_Length":1932.132798012673}},{"type":"Feature","id":162,"geometry":{"type":"LineString","coordinates":[[106.34865547974833,10.780037220876375],[106.34949406037902,10.780493238432253],[106.35131086942482,10.781485121670244],[106.35217921498042,10.781958128580582],[106.35239745156282,10.78207726368062]]},"properties":{"OBJECTID":162,"maNhanDang":" ","phienBan":0,"ngayPhienBan":1787739118000,"giaTriDoChinhXacMatPhang":0,"nguyenNhanThayDoi":null,"maDoiTuong":"KG05","loaiTrangThaiDuongBoNuoc":1,"loaiDuongBoNuoc":"Phá","SHAPE_Length":467.31688328067787}},{"type":"Feature","id":163,"geometry":{"type":"LineString","coordinates":[[106.34787797152917,10.781306633677438],[106.34794583164074,10.781344172783712],[106.34794867444866,10.781345446602113],[106.3479516913596,10.78134622275838],[106.34795479595304,10.781346479019232],[106.34795789929682,10.781346208043983],[106.3479609124945,10.781345417594817],[106.34796374923195,10.781344130314439],[106.3479663282498,10.781342383077458],[106.34796857567115,10.781340225934112],[106.3479704271178,10.781337720676552],[106.34871439347559,10.780116501191912],[106.34871570152254,10.780113894789551],[106.34871657086117,10.780111111164139],[106.34871697860649,10.78010822359356],[106.34871691402473,10.78010530809201],[106.34871637881601,10.780102441408957],[106.34871538706948,10.780099699008748],[106.3487139648925,10.780097153084021],[106.34871214972331,10.780094870655279],[106.34870998934559,10.780092911806593],[106.34870754063044,10.780091328103904],[106.34863939089105,10.780054267074863],[106.34863655310249,10.780053018369351],[106.34863354596654,10.780052263755138],[106.34863045482798,10.780052024648761],[106.34862736741577,10.780052307836245],[106.34862437135303,10.780053105280507],[106.34862155167032,10.780054394349465],[106.34861898839243,10.780056138458347],[106.34861675426716,10.780058288107995],[106.34861491270071,10.780060782289695],[106.3478712358873,10.781281523631185],[106.34787797152917,10.781306633677438]]},"properties":{"OBJECTID":163,"maNhanDang":" ","phienBan":0,"ngayPhienBan":1787739118000,"giaTriDoChinhXacMatPhang":0,"nguyenNhanThayDoi":null,"maDoiTuong":"KG05","loaiTrangThaiDuongBoNuoc":1,"loaiDuongBoNuoc":"Phá","SHAPE_Length":344.55768010720863}},{"type":"Feature","id":164,"geometry":{"type":"LineString","coordinates":[[106.34799772908839,10.781372878927144],[106.3480571657533,10.781405758281004],[106.34806000855163,10.781407032175677],[106.34806302547062,10.781407808390693],[106.34806613008347,10.781408064689526],[106.34806923345113,10.781407793729887],[106.34807224667027,10.781407003274062],[106.34807508342004,10.781405715966535],[106.34807766243502,10.781403968685296],[106.34807990983317,10.78140181148537],[106.34808176123244,10.781399306164886],[106.34882620485919,10.780177304370541],[106.34882751280935,10.780174697951923],[106.34882838206947,10.78017191433225],[106.34882878975858,10.780169026782907],[106.34882872514538,10.780166111310946],[106.3488281899306,10.780163244658405],[106.34882719820239,10.780160502282291],[106.34882577606531,10.780157956368353],[106.34882396095337,10.780155673931002],[106.34882180064454,10.780153715049329],[106.34881935200322,10.78015213128568],[106.34875966031422,10.78011967025278],[106.3487568226606,10.780118421390423],[106.34875381563225,10.780117666595299],[106.34875072456971,10.780117427288776],[106.34874763719849,10.780117710262459],[106.34874464113928,10.780118507485453],[106.34874182142137,10.780119796332274],[106.34873925806939,10.780121540224982],[106.34873702383217,10.78012368967126],[106.34873518211822,10.78012618366904],[106.34799099160621,10.781347768887748],[106.34799772908839,10.781372878927144]]},"properties":{"OBJECTID":164,"maNhanDang":" ","phienBan":0,"ngayPhienBan":1787739118000,"giaTriDoChinhXacMatPhang":0,"nguyenNhanThayDoi":null,"maDoiTuong":"KG05","loaiTrangThaiDuongBoNuoc":1,"loaiDuongBoNuoc":"Phá","SHAPE_Length":342.65636513158063}},{"type":"Feature","id":165,"geometry":{"type":"LineString","coordinates":[[106.34810906322137,10.781434464404537],[106.34816323454713,10.781464430054935],[106.34816607705376,10.78146570382849],[106.34816909365559,10.781466480009209],[106.34817219794697,10.781466736364667],[106.34817530101053,10.781466465551976],[106.34817831396413,10.781465675328125],[106.34818115050659,10.781464388327786],[106.34818372938982,10.781462641414979],[106.34818597674591,10.781460484627168],[106.34818782820301,10.781457979742013],[106.34893272723639,10.78023523004731],[106.34893403516939,10.780232623625531],[106.34893490441537,10.780229840006545],[106.34893531209407,10.780226952460646],[106.34893524747459,10.780224036993692],[106.34893471225783,10.780221170346476],[106.34893372053176,10.780218427974759],[106.34893229840054,10.780215882063128],[106.34893048329745,10.780213599624959],[106.34892832299954,10.780211640738489],[106.3489258743701,10.780210056965439],[106.34887146987843,10.780180473418042],[106.34886863222991,10.780179224510791],[106.34886562519634,10.78017846968126],[106.34886253412203,10.780178230352693],[106.34885944673651,10.780178513317608],[106.3488564506646,10.780179310545019],[106.34885363093947,10.78018059940837],[106.34885106758935,10.780182343327702],[106.34884883336611,10.780184492807868],[106.34884699168047,10.780186986843262],[106.34810232572842,10.781409354368233],[106.34810906322137,10.781434464404537]]},"properties":{"OBJECTID":165,"maNhanDang":" ","phienBan":0,"ngayPhienBan":1787739118000,"giaTriDoChinhXacMatPhang":0,"nguyenNhanThayDoi":null,"maDoiTuong":"KG05","loaiTrangThaiDuongBoNuoc":1,"loaiDuongBoNuoc":"Phá","SHAPE_Length":341.5336482056212}},{"type":"Feature","id":166,"geometry":{"type":"LineString","coordinates":[[106.34821513020943,10.781493137971228],[106.34827749435291,10.78152763357574],[106.34828033685493,10.781528907389289],[106.34828335346138,10.781529683600663],[106.34828645776331,10.781529939975732],[106.34828956083975,10.781529669170778],[106.34829257380481,10.781528878942858],[106.34829541035383,10.781527591927599],[106.34829798923548,10.781525844990824],[106.34830023657915,10.781523688172548],[106.34830208801095,10.781521183253608],[106.34904747523362,10.780297629522636],[106.34904878318196,10.780295023103006],[106.34904965244003,10.780292239482606],[106.34905006012693,10.78028935193286],[106.34904999551135,10.780286436460862],[106.34904946029417,10.780283569808686],[106.34904846856352,10.780280827433351],[106.34904704642412,10.780278281520619],[106.34904523131,10.780275999084894],[106.34904307099922,10.780274040205246],[106.34904062235624,10.78027245644399],[106.34897799226459,10.780238399078707],[106.34897515460361,10.780237150261208],[106.34897214757805,10.780236395501344],[106.34896905652504,10.780236156218615],[106.3489659691662,10.780236439203684],[106.34896297311845,10.780237236425648],[106.34896015340726,10.78023852525997],[106.34895759005389,10.780240269130523],[106.34895535580429,10.780242418547614],[106.34895351406476,10.780244912512444],[106.34820839453501,10.78146802793432],[106.34821513020943,10.781493137971228]]},"properties":{"OBJECTID":166,"maNhanDang":" ","phienBan":0,"ngayPhienBan":1787739118000,"giaTriDoChinhXacMatPhang":0,"nguyenNhanThayDoi":null,"maDoiTuong":"KG05","loaiTrangThaiDuongBoNuoc":1,"loaiDuongBoNuoc":"Phá","SHAPE_Length":343.78701669206663}},{"type":"Feature","id":167,"geometry":{"type":"LineString","coordinates":[[106.34832939003618,10.781556341471608],[106.34833693290535,10.78156051286882],[106.34833714344441,10.781560628186476],[106.3483987073195,10.781593635359267],[106.34840154095286,10.781594863493252],[106.3484045400505,10.781595600517374],[106.3484076201631,10.781595825678338],[106.34841069456017,10.781595532636004],[106.34841367667211,10.781594729641929],[106.34841648252794,10.781593439307006],[106.34841903311971,10.781591697964782],[106.34842125662729,10.781589554648372],[106.3484230904406,10.781587069709774],[106.34916851558502,10.780363452349432],[106.34916982369032,10.780360846066316],[106.34917069312418,10.780358062554882],[106.34917110100095,10.78035517508407],[106.34917103658431,10.780352259659292],[106.34917050156984,10.780349393021771],[106.34916951004048,10.780346650628534],[106.34916808809574,10.780344104666186],[106.34916627316471,10.780341822150785],[106.34916411302093,10.78033986316381],[106.34916166452473,10.780338279270667],[106.34909274210024,10.780300798533155],[106.34908990414836,10.780299549574023],[106.34908689680192,10.780298794764663],[106.34908380542096,10.780298555529466],[106.34908071775071,10.780298838658847],[106.34907772143113,10.780299636116506],[106.34907490150925,10.780300925267536],[106.34907233802528,10.78030266952088],[106.34907010374074,10.780304819367936],[106.3490682620732,10.780307313787798],[106.34832265435074,10.781531231437878],[106.34832939003618,10.781556341471608]]},"properties":{"OBJECTID":167,"maNhanDang":" ","phienBan":0,"ngayPhienBan":1787739118000,"giaTriDoChinhXacMatPhang":0,"nguyenNhanThayDoi":null,"maDoiTuong":"KG05","loaiTrangThaiDuongBoNuoc":1,"loaiDuongBoNuoc":"Phá","SHAPE_Length":345.47353715880939}},{"type":"Feature","id":168,"geometry":{"type":"LineString","coordinates":[[106.34853066248546,10.781644742130947],[106.34927570997681,10.780421743664188],[106.34927701800353,10.780419137256702],[106.34927788732436,10.780416353630439],[106.34927829505506,10.780413466062333],[106.3492782304624,10.780410550565518],[106.34927769524677,10.780407683888329],[106.3492767034973,10.780404941493963],[106.34927528132107,10.780402395573956],[106.34927346615585,10.780400113147804],[106.34927130578455,10.78039815429872],[106.34926885707738,10.78039657059198],[106.34921378246183,10.78036662134167],[106.34921094481123,10.780365372432069],[106.34920793777495,10.780364617601634],[106.34920484669775,10.780364378273715],[106.34920175930958,10.780364661240842],[106.34919876323569,10.780365458471932],[106.3491959435097,10.780366747340228],[106.34919338016016,10.780368491265484],[106.34919114593924,10.780370640752173],[106.34918930425788,10.780373134794251],[106.34844406146028,10.781596449880055],[106.34844274910897,10.781599066559803],[106.34844187886645,10.781601861547614],[106.34844147381126,10.781604760721489],[106.34844154468527,10.781607687196461],[106.34844208960894,10.781610563363541],[106.34844309413111,10.78161331294789],[106.34844453161224,10.781615863031591],[106.34844636393089,10.781618145987412],[106.34844854249465,10.781620101272246],[106.34845100952889,10.781621677032691],[106.3485062793626,10.781651307788993],[106.34853066248546,10.781644742130947]]},"properties":{"OBJECTID":168,"maNhanDang":" ","phienBan":0,"ngayPhienBan":1787739118000,"giaTriDoChinhXacMatPhang":0,"nguyenNhanThayDoi":null,"maDoiTuong":"KG05","loaiTrangThaiDuongBoNuoc":1,"loaiDuongBoNuoc":"Phá","SHAPE_Length":341.90431665613687}},{"type":"Feature","id":169,"geometry":{"type":"LineString","coordinates":[[106.35085942291121,10.781300703210235],[106.35011917759496,10.782507400456883],[106.35011787118407,10.782510002508126],[106.35011700203628,10.782512781350009],[106.3501165929588,10.782515664063263],[106.35011665468619,10.782518575002944],[106.35011718559866,10.782521437783416],[106.35011817176462,10.78252417728279],[106.35011958730617,10.782526721614174],[106.35012139507828,10.782529004012066],[106.35012354764338,10.782530964584321],[106.35012598851627,10.782532551883792],[106.35018565925807,10.782565202517054],[106.35018849869908,10.782566460398384],[106.35019150921516,10.782567222949094],[106.35019460508609,10.782567468456618],[106.35019769816122,10.782567189930466],[106.35020070036961,10.782566395301288],[106.35020352622752,10.782565107195035],[106.35020609527261,10.782563362288737],[106.35020833435492,10.782561210266167],[106.35021017971967,10.78255871240316],[106.3509464292686,10.781348531087136],[106.35094730740049,10.78134566166379],[106.35094772232232,10.781342689703861],[106.35094766366288,10.781339689493031],[106.35094713288842,10.781336736023137],[106.35094614326592,10.781333903117694],[106.3509447195315,10.781331261586651],[106.35094289727215,10.781328877456451],[106.35088295874851,10.781296666868599],[106.35085942291121,10.781300703210235]]},"properties":{"OBJECTID":169,"maNhanDang":" ","phienBan":0,"ngayPhienBan":1787739118000,"giaTriDoChinhXacMatPhang":0,"nguyenNhanThayDoi":null,"maDoiTuong":"KG05","loaiTrangThaiDuongBoNuoc":1,"loaiDuongBoNuoc":"Phá","SHAPE_Length":338.44580211743784}},{"type":"Feature","id":170,"geometry":{"type":"LineString","coordinates":[[106.35033166692766,10.782625190214054],[106.3510700690441,10.781414306491193],[106.35107154065375,10.781412216825544],[106.35107265865889,10.781409918477884],[106.35107339420645,10.781407470763181],[106.35107372831365,10.781404936851214],[106.35107365235797,10.781402382136315],[106.35107316829966,10.781399872549692],[106.35107228863112,10.781397472857892],[106.35107103605453,10.781395244991341],[106.35106944289596,10.781393246446051],[106.35106755027113,10.781391528799798],[106.35106540702419,10.781390136381004],[106.35099564653633,10.781352646871303],[106.35099115311719,10.781352086746127],[106.35098663021037,10.781352305537437],[106.35098221183631,10.781353296762131],[106.35097802891799,10.781355031048745],[106.3509742054015,10.781357457007799],[106.3509708545833,10.781360502754522],[106.35023088654265,10.782568526923907],[106.35022958005091,10.782571128962175],[106.35022871083807,10.782573907809571],[106.35022830171474,10.782576790541246],[106.35022836341749,10.782579701506135],[106.35022889432703,10.78258256431225],[106.35022988051082,10.782585303831432],[106.35023129608858,10.782587848170914],[106.35023310391153,10.782590130560006],[106.35023525653727,10.782592091102334],[106.3502376974748,10.782593678347702],[106.35030714646389,10.782631680337683],[106.35033166692766,10.782625190214054]]},"properties":{"OBJECTID":170,"maNhanDang":" ","phienBan":0,"ngayPhienBan":1787739118000,"giaTriDoChinhXacMatPhang":0,"nguyenNhanThayDoi":null,"maDoiTuong":"KG05","loaiTrangThaiDuongBoNuoc":1,"loaiDuongBoNuoc":"Phá","SHAPE_Length":342.04583032382732}},{"type":"Feature","id":171,"geometry":{"type":"LineString","coordinates":[[106.3503591828739,10.782660156150138],[106.35041314710541,10.782689684200482],[106.35041598654796,10.782690942082256],[106.35041899706574,10.782691704632706],[106.35042209293833,10.782691950139231],[106.35042518601492,10.782691671611367],[106.35042818822431,10.782690876979817],[106.35043101408263,10.782689588870644],[106.35043358312738,10.782687843961027],[106.35043582220848,10.782685691934912],[106.35043766757109,10.782683194068346],[106.35117975295398,10.781468822191021],[106.35118118325543,10.781467042930975],[106.35118229890504,10.781465051234592],[106.35118306904737,10.781462902186117],[106.3511834723826,10.78146065522167],[106.35118349775574,10.781458372485428],[106.35118314446504,10.78145611711091],[106.35118242228143,10.781453951474889],[106.35118135117831,10.781451935472246],[106.35117996077913,10.781450124859461],[106.35117828953808,10.781448569712555],[106.35117638367659,10.781447313042147],[106.35112217717112,10.781418185195713],[106.35111786406806,10.781416695228613],[106.35111336566584,10.781415928914367],[106.35110880251227,10.781415906788597],[106.35110429689036,10.78141662944423],[106.35109996954135,10.7814180775156],[106.3510959364292,10.781420212197412],[106.3510923056329,10.781422976284651],[106.35108917445022,10.781426295705536],[106.35035237376242,10.78263500653439],[106.3503591828739,10.782660156150138]]},"properties":{"OBJECTID":171,"maNhanDang":" ","phienBan":0,"ngayPhienBan":1787739118000,"giaTriDoChinhXacMatPhang":0,"nguyenNhanThayDoi":null,"maDoiTuong":"KG05","loaiTrangThaiDuongBoNuoc":1,"loaiDuongBoNuoc":"Phá","SHAPE_Length":339.24807146991378}},{"type":"Feature","id":172,"geometry":{"type":"LineString","coordinates":[[106.35046518536348,10.78271815999039],[106.35052620913109,10.782751552905943],[106.35052904886942,10.782752810891175],[106.35053205970434,10.782753573461635],[106.35053515589553,10.782753818901401],[106.35053824927198,10.782753540221027],[106.3505412517428,10.782752745356561],[106.35054407780588,10.782751456943561],[106.35054664698269,10.782749711672498],[106.35054888611015,10.782747559243894],[106.35055073142401,10.782745060953012],[106.35130009830117,10.781534159076662],[106.35130151536323,10.781529674167082],[106.35130222911071,10.781525025184036],[106.35130222271593,10.781520321734456],[106.35130149632961,10.781515674709411],[106.35130006707747,10.781511193669671],[106.35129796865631,10.78150698426265],[106.35122497224852,10.781471887904761],[106.35122053570647,10.781472290510314],[106.35121620738398,10.781473344370346],[106.35121208234142,10.78147502633956],[106.35120825117465,10.781477299477864],[106.35120479802532,10.781480113861672],[106.35120179873289,10.781483407680344],[106.35045837441292,10.782693010381145],[106.35046518536348,10.78271815999039]]},"properties":{"OBJECTID":172,"maNhanDang":" ","phienBan":0,"ngayPhienBan":1787739118000,"giaTriDoChinhXacMatPhang":0,"nguyenNhanThayDoi":null,"maDoiTuong":"KG05","loaiTrangThaiDuongBoNuoc":1,"loaiDuongBoNuoc":"Phá","SHAPE_Length":342.08418771089833}},{"type":"Feature","id":173,"geometry":{"type":"LineString","coordinates":[[106.35131147579069,10.7815418163835],[106.35057143644467,10.782754877261329],[106.35057013007143,10.78275747932023],[106.35056926095525,10.782760258161471],[106.35056885190183,10.782763140867987],[106.35056891364475,10.782766051797285],[106.35056944456389,10.782768914566301],[106.35057043072787,10.782771654055699],[106.35057184625967,10.782774198381016],[106.35057365401558,10.78277648077891],[106.3505758065599,10.782778441359042],[106.3505782474097,10.782780028675601],[106.35064051796516,10.782814102646253],[106.35064335754075,10.782815360405543],[106.35064636817216,10.782816122800694],[106.35064946413165,10.782816368122495],[106.35065255726171,10.782816089385401],[106.35065555948542,10.782815294526456],[106.3506583853144,10.782814006179281],[106.35066095428316,10.78281226102958],[106.35066319324024,10.782810108770517],[106.35066503843133,10.782807610687701],[106.35140627356344,10.781591800635994],[106.35140757030904,10.781590736639451],[106.35140867948763,10.781589478322868],[106.35140957234454,10.781588058307252],[106.35141022573302,10.781586513405546],[106.35141062271443,10.781584883668284],[106.35141075299731,10.781583211345302],[106.35141061320414,10.781581539790437],[106.35141020695897,10.781579912337625],[106.35140954479346,10.781578371177476],[106.35140864387377,10.781576956263523],[106.35140752755564,10.781575704276456],[106.35140622477886,10.781574647673189],[106.35140476931704,10.78157381384545],[106.3513429455554,10.781539012255967],[106.35131147579069,10.7815418163835]]},"properties":{"OBJECTID":173,"maNhanDang":" ","phienBan":0,"ngayPhienBan":1787739118000,"giaTriDoChinhXacMatPhang":0,"nguyenNhanThayDoi":null,"maDoiTuong":"KG05","loaiTrangThaiDuongBoNuoc":1,"loaiDuongBoNuoc":"Phá","SHAPE_Length":341.42178061051681}},{"type":"Feature","id":174,"geometry":{"type":"LineString","coordinates":[[106.35069255626453,10.782842578395433],[106.35074954502214,10.782873762246147],[106.35075238475608,10.782875020276212],[106.35075539559696,10.782875782880748],[106.35075849180066,10.782876028341949],[106.35076158519203,10.782875749669456],[106.35076458767603,10.782874954799434],[106.35076741374652,10.782873666368562],[106.35076998292134,10.782871921069379],[106.35077222203434,10.782869768605327],[106.35077406731901,10.782867270275284],[106.35151557975442,10.781653122981263],[106.35151700471141,10.781651640651605],[106.35151816800671,10.781649945202487],[106.35151903830395,10.781648082305187],[106.35151959215945,10.781646102141625],[106.3515198146537,10.781644058052597],[106.35151969979323,10.78164200510089],[106.3515192506721,10.781639998588028],[106.35151847938856,10.781638092564592],[106.3515174067191,10.781636338374216],[106.35151606155883,10.781634783270526],[106.35151448014309,10.781633469144232],[106.35151270507139,10.781632431394701],[106.35151078415983,10.781631697976383],[106.35145420023728,10.781599846245902],[106.35145186931966,10.781598290282814],[106.35144930514184,10.781597159269912],[106.3514465844225,10.781596487046443],[106.35144378856398,10.78159629372494],[106.35144100121671,10.781596585089465],[106.35143830577648,10.781597352422564],[106.3514357828893,10.781598572766084],[106.35143350803844,10.781600209608062],[106.35143154928612,10.781602213975148],[106.35142996523705,10.781604525897864],[106.35068574528844,10.78281742698436],[106.35069255626453,10.782842578395433]]},"properties":{"OBJECTID":174,"maNhanDang":" ","phienBan":0,"ngayPhienBan":1787739118000,"giaTriDoChinhXacMatPhang":0,"nguyenNhanThayDoi":null,"maDoiTuong":"KG05","loaiTrangThaiDuongBoNuoc":1,"loaiDuongBoNuoc":"Phá","SHAPE_Length":340.01149878804085}},{"type":"Feature","id":175,"geometry":{"type":"LineString","coordinates":[[106.35162663077907,10.781694258847494],[106.35156472641265,10.781659412256909],[106.35156178963098,10.781657661537041],[106.3515586102792,10.781656403988238],[106.35155527051067,10.781655672105133],[106.35155185662386,10.78165548479933],[106.3515484568324,10.78165584691075],[106.35154515898573,10.781656749082556],[106.35154204829905,10.781658168002942],[106.35153920515144,10.7816600670075],[106.35153670300883,10.78166239702661],[106.35153460652575,10.781665097853395],[106.35079480881571,10.782877028634859],[106.35079350040552,10.782879635665727],[106.35079263092838,10.782882420007072],[106.35079222328494,10.782885308323882],[106.35079228821184,10.782888224542614],[106.35079282399902,10.78289109185482],[106.35079381653469,10.782893834740181],[106.35079523967713,10.78289638095557],[106.35079705594305,10.78289866343783],[106.35079921749499,10.782900622070107],[106.3508016674012,10.782902205265218],[106.35086412609461,10.782936139592186],[106.35086696360945,10.782937387064514],[106.35086997023113,10.782938140658464],[106.35087306067955,10.782938378999038],[106.350876147297,10.782938095325921],[106.3508791425344,10.782937297685244],[106.35088196143458,10.78293600870135],[106.35088452404203,10.782934264935088],[106.35088675767074,10.782932115846789],[106.35088859896587,10.78292962239337],[106.35163204031953,10.781711731756021],[106.35162663077907,10.781694258847494]]},"properties":{"OBJECTID":175,"maNhanDang":" ","phienBan":0,"ngayPhienBan":1787739118000,"giaTriDoChinhXacMatPhang":0,"nguyenNhanThayDoi":null,"maDoiTuong":"KG05","loaiTrangThaiDuongBoNuoc":1,"loaiDuongBoNuoc":"Phá","SHAPE_Length":341.55602743487037}},{"type":"Feature","id":176,"geometry":{"type":"LineString","coordinates":[[106.35174234861701,10.781755490901],[106.35167713772344,10.781718781087138],[106.35167434539166,10.781716966696997],[106.35167128558368,10.781715652656082],[106.35166804711895,10.781714877108096],[106.35166472400297,10.781714662565475],[106.35166141269842,10.781715015255921],[106.35165820932514,10.78171592494161],[106.35165520686998,10.781717365216378],[106.35165249248756,10.781719294272238],[106.35165014497041,10.781721656112964],[106.35090939880135,10.782939284797378],[106.3509080905504,10.782941891965933],[106.35090722125155,10.78294467641703],[106.35090681380058,10.782947564813146],[106.35090687892904,10.782950481079027],[106.35090741492154,10.782953348405385],[106.35090840766101,10.782956091271908],[106.35090983100044,10.782958637436336],[106.35091164745157,10.782960919837196],[106.3509138091723,10.782962878360081],[106.35091625922672,10.782964461420962],[106.35098205544661,10.783000208288485],[106.35098489296126,10.783001455768575],[106.35098789958455,10.783002209368215],[106.35099099003568,10.783002447712073],[106.35099407665616,10.78300216403969],[106.35099707189615,10.783001366397235],[106.35099989079771,10.783000077409286],[106.35100245340469,10.782998333637089],[106.35100468703051,10.782996184541535],[106.35100652831993,10.782993691080224],[106.35175031014252,10.781777052597269],[106.35174234861701,10.781755490901]]},"properties":{"OBJECTID":176,"maNhanDang":" ","phienBan":0,"ngayPhienBan":1787739118000,"giaTriDoChinhXacMatPhang":0,"nguyenNhanThayDoi":null,"maDoiTuong":"KG05","loaiTrangThaiDuongBoNuoc":1,"loaiDuongBoNuoc":"Phá","SHAPE_Length":342.93659549394414}},{"type":"Feature","id":177,"geometry":{"type":"LineString","coordinates":[[106.35185254275932,10.781819087909573],[106.3517951385484,10.781786773133913],[106.35179135436833,10.781785275321786],[106.35178737170233,10.781784437567987],[106.35178330478135,10.781784283900997],[106.35177927025292,10.781784818728298],[106.35177538383552,10.781786026709955],[106.35177175699948,10.781787873198603],[106.35176849376985,10.781790305233196],[106.35176568774267,10.781793253058046],[106.35102732816685,10.783003355284031],[106.3510260197706,10.783005962317935],[106.35102515030536,10.783008746659275],[106.35102474267117,10.783011634973816],[106.35102480760435,10.783014551188863],[106.35102534339465,10.783017418496879],[106.35102633593043,10.78302016137844],[106.35102775907016,10.783022707591282],[106.35102957533105,10.783024990073018],[106.35103173687627,10.783026948707436],[106.35103418677484,10.783028531907844],[106.35109210702353,10.783059999578107],[106.35109494467706,10.783061246883186],[106.35109795140779,10.783062000287266],[106.35110104193203,10.783062238420593],[106.35110412858926,10.783061954528687],[106.3511071238287,10.783061156663937],[106.35110994269256,10.783059867457197],[106.3511125052258,10.783058123475882],[106.35111473874404,10.783055974186755],[106.35111657989515,10.783053480552848],[106.35185614878404,10.781841909335737],[106.35185254275932,10.781819087909573]]},"properties":{"OBJECTID":177,"maNhanDang":" ","phienBan":0,"ngayPhienBan":1787739118000,"giaTriDoChinhXacMatPhang":0,"nguyenNhanThayDoi":null,"maDoiTuong":"KG05","loaiTrangThaiDuongBoNuoc":1,"loaiDuongBoNuoc":"Phá","SHAPE_Length":339.70500248246418}},{"type":"Feature","id":178,"geometry":{"type":"LineString","coordinates":[[106.35195622840324,10.781876312797719],[106.35189742541118,10.781843212388914],[106.35189326418771,10.781843157044166],[106.35188914942205,10.781843779577249],[106.35188519080349,10.781845063393009],[106.3518814938588,10.781846974268152],[106.3518781571392,10.781849461263569],[106.35187526959322,10.781852458082238],[106.35187290819557,10.78185588483653],[106.35113737792064,10.783063144752363],[106.35113606973006,10.783065751931558],[106.3511352004806,10.783068536379668],[106.35113479306553,10.783071424763104],[106.35113485821486,10.783074341010947],[106.3511353942128,10.783077208318417],[106.35113638694284,10.78307995116967],[106.35113781025959,10.783082497326648],[106.35113962667738,10.783084779731595],[106.35114178835748,10.783086738273159],[106.35114423836805,10.783088321369528],[106.3512035683365,10.783120554763054],[106.35120640586273,10.783121802166205],[106.35120941248005,10.783122555705779],[106.35121250291382,10.78312279400965],[106.35121558951215,10.783122510318961],[106.35121858473192,10.783121712679844],[106.35122140362175,10.783120423715198],[106.35122396623133,10.783118679983058],[106.35122619987912,10.783116530939729],[106.35122804121366,10.783114037537079],[106.35196714387186,10.781903606141476],[106.35195622840324,10.781876312797719]]},"properties":{"OBJECTID":178,"maNhanDang":" ","phienBan":0,"ngayPhienBan":1787739118000,"giaTriDoChinhXacMatPhang":0,"nguyenNhanThayDoi":null,"maDoiTuong":"KG05","loaiTrangThaiDuongBoNuoc":1,"loaiDuongBoNuoc":"Phá","SHAPE_Length":339.8120242167555}},{"type":"Feature","id":179,"geometry":{"type":"LineString","coordinates":[[106.35198251120265,10.78191923160511],[106.35124884107174,10.783123699916919],[106.3512475326372,10.783126306945247],[106.35124666314159,10.783129091289878],[106.3512462554866,10.783131979613792],[106.35124632040946,10.783134895841263],[106.35124685620019,10.783137763161603],[106.35124784874655,10.783140506052295],[106.35124927190581,10.783143052268183],[106.35125108819331,10.78314533474434],[106.35125324976971,10.783147293362493],[106.35125569970116,10.783148876534483],[106.35131310920757,10.783180066690736],[106.3513159465667,10.783181313898814],[106.35131895298335,10.78318206728702],[106.35132204319288,10.7831823054886],[106.35132512955418,10.783182021747944],[106.35132812453533,10.783181224112191],[106.35133094319599,10.783179935202998],[106.35133350559646,10.78317819157497],[106.35133573906478,10.783176042678949],[106.35133758025782,10.78317354945953],[106.35207836809798,10.78196555199],[106.35207958169643,10.781963467853513],[106.3520804323004,10.781961211103866],[106.35208089628314,10.781958844425578],[106.35208096075682,10.781956433556598],[106.35208062393062,10.781954045462337],[106.35207989516037,10.781951746475603],[106.35207879468872,10.78194960045411],[106.35207735308288,10.781947667006746],[106.35207561038557,10.781945999837834],[106.35207361500275,10.781944645255431],[106.35207142235909,10.781943640885039],[106.35206909335848,10.781943014624515],[106.35201219624797,10.781910986408631],[106.35198251120265,10.78191923160511]]},"properties":{"OBJECTID":179,"maNhanDang":" ","phienBan":0,"ngayPhienBan":1787739118000,"giaTriDoChinhXacMatPhang":0,"nguyenNhanThayDoi":null,"maDoiTuong":"KG05","loaiTrangThaiDuongBoNuoc":1,"loaiDuongBoNuoc":"Phá","SHAPE_Length":338.94623090434783}},{"type":"Feature","id":180,"geometry":{"type":"LineString","coordinates":[[106.35219153927571,10.782005048915137],[106.35212868898925,10.78197004697113],[106.35212503314186,10.781969287784873],[106.35212130262376,10.781969130245921],[106.35211759578611,10.781969578507619],[106.35211401035581,10.781970620752018],[106.35211064085892,10.781972229501443],[106.35210757612873,10.781974362342909],[106.3521048969636,10.781976963046292],[106.3521026739969,10.781979963046782],[106.35135838012317,10.78318321183157],[106.35135707180378,10.783185818879154],[106.3513562024015,10.783188603216857],[106.35135579481323,10.78319149151541],[106.35135585977332,10.783194407707608],[106.35135639557099,10.78319727499162],[106.35135738809527,10.783200017853684],[106.35135881120671,10.783202564056852],[106.35136062742576,10.783204846543454],[106.35136278891987,10.783206805201148],[106.35136523876319,10.783208388446063],[106.35142868985947,10.783242861374388],[106.35143152738222,10.783244108816234],[106.35143453400498,10.783244862385127],[106.35143762444977,10.783245100707308],[106.35144071106114,10.783244817023155],[106.35144370629237,10.783244019378909],[106.35144652518859,10.783242730398456],[106.35144908779637,10.783240986641633],[106.3514513214315,10.783238837567277],[106.35145316274054,10.783236344130394],[106.35219689001883,10.782025122106809],[106.35219153927571,10.782005048915137]]},"properties":{"OBJECTID":180,"maNhanDang":" ","phienBan":0,"ngayPhienBan":1787739118000,"giaTriDoChinhXacMatPhang":0,"nguyenNhanThayDoi":null,"maDoiTuong":"KG05","loaiTrangThaiDuongBoNuoc":1,"loaiDuongBoNuoc":"Phá","SHAPE_Length":340.3990914857041}},{"type":"Feature","id":181,"geometry":{"type":"LineString","coordinates":[[106.35221224075164,10.782036071604121],[106.3514739626136,10.783246006494197],[106.35147265428063,10.783248613539923],[106.35147178486768,10.783251397878931],[106.35147137727223,10.783254286180943],[106.35147144222897,10.783257202377644],[106.35147197802716,10.783260069666062],[106.35147297055566,10.783262812531307],[106.35147439367455,10.783265358735385],[106.35147620990358,10.783267641219707],[106.3514783714093,10.783269599871188],[106.35148082126479,10.783271183105432],[106.35154021171735,10.783303448860355],[106.35154304907199,10.783304696115055],[106.35154605549486,10.783305449538691],[106.35154914571736,10.78330568776256],[106.35155223209412,10.783305404030123],[106.35155522708889,10.783304606388644],[106.3515580457572,10.783303317460943],[106.35156060815557,10.783301573803778],[106.35156284160885,10.783299424871005],[106.35156468277155,10.78329693161098],[106.3523045644971,10.782083317346784],[106.35230542450373,10.782079612452078],[106.35230565090556,10.782075815795867],[106.35230523728777,10.78207203495251],[106.35230419536975,10.782068377048324],[106.3523025546732,10.782064945726274],[106.35230036168558,10.782061838209346],[106.35229767854293,10.782059142545847],[106.35223835936159,10.782026761062259],[106.35221224075164,10.782036071604121]]},"properties":{"OBJECTID":181,"maNhanDang":" ","phienBan":0,"ngayPhienBan":1787739118000,"giaTriDoChinhXacMatPhang":0,"nguyenNhanThayDoi":null,"maDoiTuong":"KG05","loaiTrangThaiDuongBoNuoc":1,"loaiDuongBoNuoc":"Phá","SHAPE_Length":340.11699344559548}},{"type":"Feature","id":182,"geometry":{"type":"LineString","coordinates":[[106.35237707285161,10.782108288505565],[106.3523467361745,10.782089587510777],[106.35231734360434,10.782096850322272],[106.35158548265562,10.783306595775025],[106.35158421476571,10.783309095091299],[106.35158335206935,10.783311761527434],[106.35158291566799,10.783314529862766],[106.35158291623593,10.783317332384193]]},"properties":{"OBJECTID":182,"maNhanDang":" ","phienBan":0,"ngayPhienBan":1787739118000,"giaTriDoChinhXacMatPhang":0,"nguyenNhanThayDoi":null,"maDoiTuong":"KG05","loaiTrangThaiDuongBoNuoc":1,"loaiDuongBoNuoc":"Phá","SHAPE_Length":164.38100130326248}},{"type":"Feature","id":183,"geometry":{"type":"LineString","coordinates":[[106.35058992588341,10.776918007631812],[106.35059095296329,10.776918584262967],[106.3513216961085,10.777343361789127],[106.35163932770469,10.777500132132108],[106.35234132824519,10.777866576348064],[106.35291502238803,10.778182682592544]]},"properties":{"OBJECTID":183,"maNhanDang":" ","phienBan":0,"ngayPhienBan":1787739118000,"giaTriDoChinhXacMatPhang":0,"nguyenNhanThayDoi":null,"maDoiTuong":"KG05","loaiTrangThaiDuongBoNuoc":1,"loaiDuongBoNuoc":"Phá","SHAPE_Length":290.29964279989747}},{"type":"Feature","id":184,"geometry":{"type":"LineString","coordinates":[[106.35276930716347,10.778143793437604],[106.3527054587781,10.778108612686404],[106.35270264752933,10.778107355450452],[106.35269966601709,10.77810658451161],[106.35269659770147,10.778106321450416],[106.3526935284724,10.77810657363062],[106.35269054424539,10.778107333993058],[106.3526877285565,10.778108581253258],[106.35268516022401,10.778110280497247],[106.35268291114205,10.778112384158879],[106.35268104426814,10.778114833351337],[106.35191130198831,10.779334135163417],[106.35190994037819,10.779336748408786],[106.35190902406009,10.779339549014901],[106.35190857766348,10.779342461704989],[106.35190861318694,10.779345408189599],[106.35190912967565,10.779348309270929],[106.35191011324704,10.779351086971561],[106.35191153746395,10.779353666630389],[106.35191336404522,10.779355978909429],[106.35191554389463,10.779357961657526],[106.35191801842058,10.779359561580902],[106.35198211857131,10.779394342382741],[106.35198492558636,10.779395577378111],[106.35198789868562,10.77939632919451],[106.35199095534354,10.779396576963464],[106.35199401071522,10.779396313807545],[106.35199697999143,10.779395547031283],[106.35199978075276,10.779394297918401],[106.35200233525735,10.779392601141037],[106.35200457259874,10.779390503797339],[106.35200643067414,10.77938806410414],[106.35277591928013,10.778169162176811],[106.35276930716347,10.778143793437604]]},"properties":{"OBJECTID":184,"maNhanDang":" ","phienBan":0,"ngayPhienBan":1787739118000,"giaTriDoChinhXacMatPhang":0,"nguyenNhanThayDoi":null,"maDoiTuong":"KG05","loaiTrangThaiDuongBoNuoc":1,"loaiDuongBoNuoc":"Phá","SHAPE_Length":346.1227903972005}},{"type":"Feature","id":185,"geometry":{"type":"LineString","coordinates":[[106.3526508662666,10.778608570308263],[106.35288894607275,10.778231440628408],[106.35289030300514,10.77822883842458],[106.3528912183467,10.778226050077386],[106.35289166769057,10.77822314993595],[106.35289163905534,10.778220215330307],[106.35289113320455,10.77821732450945],[106.35289016362631,10.778214554554884],[106.35288875617368,10.778211979325311],[106.3528869483753,10.778209667487239],[106.35288478843471,10.778207680684044],[106.35288233394508,10.778206071892303],[106.35281729003444,10.778170231693506],[106.35279287552238,10.778176452367374],[106.35202357656559,10.779395053805066],[106.35202221480461,10.779397666913301],[106.35202129831531,10.779400467408792],[106.35202085173177,10.779403380017721],[106.35202088705761,10.779406326452806],[106.3520214033433,10.77940922751756],[106.35202238671174,10.779412005234992],[106.35202381073121,10.779414584943535],[106.35202563712586,10.779416897303852],[106.35202781680447,10.77941888016259],[106.35203029118001,10.77942048022299],[106.35209559416008,10.779455913228128],[106.3520984010284,10.779457147874732],[106.35210137391257,10.77945789942094],[106.35210443030941,10.779458147009926],[106.35210748539814,10.779457883770622],[106.35211045439422,10.779457117008421],[106.35211325490239,10.779455868002426],[106.35211580920324,10.779454171414923],[106.35211804641008,10.779452074329431],[106.35211990443618,10.779449634944053]]},"properties":{"OBJECTID":185,"maNhanDang":" ","phienBan":0,"ngayPhienBan":1787739118000,"giaTriDoChinhXacMatPhang":0,"nguyenNhanThayDoi":null,"maDoiTuong":"KG05","loaiTrangThaiDuongBoNuoc":1,"loaiDuongBoNuoc":"Phá","SHAPE_Length":236.63297801603508}},{"type":"Feature","id":186,"geometry":{"type":"LineString","coordinates":[[106.35189415610624,10.7793271472641],[106.3526640880318,10.778107543154286],[106.35266544498062,10.77810494095411],[106.35266636033609,10.778102152606895],[106.35266680969067,10.778099252462708],[106.35266678106251,10.778096317852636],[106.35266627521497,10.778093427026786],[106.35266530563625,10.77809065706777],[106.35266389817974,10.778088081835346],[106.35266209037468,10.778085769996968],[106.35265993042539,10.778083783196804],[106.35265747592598,10.778082174412015],[106.35259526793976,10.778047896350385],[106.35259245651835,10.778046638961015],[106.35258947480946,10.778045867903034],[106.35258640627978,10.778045604760599],[106.35258333682638,10.778045856899832],[106.3525803523722,10.778046617262623],[106.35257753646079,10.778047864564204],[106.35257496791769,10.778049563888978],[106.3525727186439,10.778051667667899],[106.35257085160313,10.778054117010081],[106.35180067513049,10.779274110141303],[106.35179931333245,10.779276723242271],[106.35179839681251,10.779279523738976],[106.35179795020635,10.779282436355244],[106.35179798551856,10.779285382801177],[106.35179850179995,10.779288283877548],[106.3517994851731,10.779291061604646],[106.35180090920537,10.779293641318334],[106.35180273561933,10.779295953676996],[106.35180491532179,10.779297936525403],[106.35180738972323,10.779299536565427],[106.35186984583056,10.779333423722038],[106.35189415610624,10.7793271472641]]},"properties":{"OBJECTID":186,"maNhanDang":" ","phienBan":0,"ngayPhienBan":1787739118000,"giaTriDoChinhXacMatPhang":0,"nguyenNhanThayDoi":null,"maDoiTuong":"KG05","loaiTrangThaiDuongBoNuoc":1,"loaiDuongBoNuoc":"Phá","SHAPE_Length":345.95546855676474}},{"type":"Feature","id":187,"geometry":{"type":"LineString","coordinates":[[106.35169188720478,10.779236664029215],[106.35171021708925,10.779246812170264],[106.35171035256556,10.779246886043053],[106.35175921715167,10.779273398688234],[106.35176202405091,10.77927463369274],[106.35176499702763,10.779275385576378],[106.35176805357261,10.779275633472073],[106.35177110885741,10.779275370499965],[106.35177407808854,10.77927460395833],[106.35177687886075,10.779273355121044],[106.35177943344405,10.779271658647156],[106.35178167094097,10.779269561619001],[106.35178352925411,10.779267122235515],[106.35255389537259,10.778046826806641],[106.3525552523918,10.778044224729349],[106.35255616785366,10.778041436497485],[106.35255661734961,10.778038536452527],[106.35255658889488,10.778035601917182],[106.3525560832482,10.778032711133763],[106.35255511389138,10.778029941178037],[106.35255370667001,10.778027365904197],[106.35255189910423,10.778025053975711],[106.35254973938844,10.778023067034578],[106.35254728510625,10.778021458057792],[106.35248026220364,10.777984527675716],[106.35247745078873,10.77798327024535],[106.35247446907695,10.777982499155319],[106.35247140053826,10.777982235991489],[106.35246833107321,10.777982488120857],[106.3524653466083,10.777983248485326],[106.35246253069054,10.777984495799275],[106.35245996214863,10.777986195145443],[106.35245771288625,10.777988298952392],[106.35245584586917,10.77799074832622],[106.3516853080996,10.77921131147469],[106.35169188720478,10.779236664029215]]},"properties":{"OBJECTID":187,"maNhanDang":" ","phienBan":0,"ngayPhienBan":1787739118000,"giaTriDoChinhXacMatPhang":0,"nguyenNhanThayDoi":null,"maDoiTuong":"KG05","loaiTrangThaiDuongBoNuoc":1,"loaiDuongBoNuoc":"Phá","SHAPE_Length":347.26425323470869}},{"type":"Feature","id":188,"geometry":{"type":"LineString","coordinates":[[106.35157783625542,10.779173526440362],[106.35164396258578,10.779210133273459],[106.35164677525464,10.779211397427856],[106.35164975948399,10.779212174323987],[106.35165283152831,10.779212442160048],[106.35165590517772,10.779212193419832],[106.35165889417733,10.779211435083663],[106.35166171464775,10.779210188432504],[106.35166428743894,10.779208488450751],[106.35166654035142,10.779206382844484],[106.3516684101624,10.779203930702701],[106.35243888964827,10.777983459924306],[106.35244024690854,10.777980857605865],[106.35244116251654,10.777978069079607],[106.35244161205419,10.777975168711938],[106.35244158353291,10.777972233851932],[106.35244107771329,10.777969342768531],[106.35244010808492,10.777966572563207],[106.35243870050653,10.777963997113773],[106.35243689251642,10.777961685104151],[106.35243473233137,10.777959698192662],[106.35243227756074,10.777958089367678],[106.35236607304105,10.777921609416243],[106.35236326162911,10.77792035197025],[106.35236027991675,10.777919580867817],[106.35235721137511,10.777919317695455],[106.35235414190602,10.777919569820508],[106.3523511574373,10.777920330184898],[106.35234834151723,10.77792157750271],[106.3523457729757,10.777923276856086],[106.35234352371734,10.777925380672722],[106.35234165670873,10.777927830057621],[106.35157125716131,10.779148173882735],[106.35157783625542,10.779173526440362]]},"properties":{"OBJECTID":188,"maNhanDang":" ","phienBan":0,"ngayPhienBan":1787739118000,"giaTriDoChinhXacMatPhang":0,"nguyenNhanThayDoi":null,"maDoiTuong":"KG05","loaiTrangThaiDuongBoNuoc":1,"loaiDuongBoNuoc":"Phá","SHAPE_Length":347.05160859046794}},{"type":"Feature","id":189,"geometry":{"type":"LineString","coordinates":[[106.35222860677628,10.777867600121128],[106.35145930618771,10.779086200261766],[106.35145795039033,10.779088799227116],[106.35145703512794,10.779091584025531],[106.35145658475041,10.779094480569599],[106.35145661123968,10.779097411798993],[106.35145711389104,10.779100299730615],[106.35145807933182,10.779103067533274],[106.35145948187721,10.779105641571709],[106.35146128421358,10.779107953365612],[106.35146343839115,10.779109941411491],[106.35146588709971,10.779111552818913],[106.35152991165573,10.779146995665792],[106.35153272431367,10.779148259892246],[106.35153570854867,10.779149036844503],[106.3515387806094,10.779149304717732],[106.35154185427982,10.779149055994186],[106.35154484329867,10.779148297654185],[106.35154766378041,10.779147050980216],[106.35155023656944,10.779145350959654],[106.3515524894615,10.77914324530285],[106.35155435923016,10.779140793104165],[106.35233487662853,10.777904421714405],[106.35232406772809,10.777898464841927],[106.35232370341606,10.777898270265334],[106.35225265879467,10.777861184912084],[106.35222860677628,10.777867600121128]]},"properties":{"OBJECTID":189,"maNhanDang":" ","phienBan":0,"ngayPhienBan":1787739118000,"giaTriDoChinhXacMatPhang":0,"nguyenNhanThayDoi":null,"maDoiTuong":"KG05","loaiTrangThaiDuongBoNuoc":1,"loaiDuongBoNuoc":"Phá","SHAPE_Length":347.31292596514686}},{"type":"Feature","id":190,"geometry":{"type":"LineString","coordinates":[[106.35211355655963,10.777807543998335],[106.3513459565347,10.77902345178965],[106.35134460085689,10.779026050491668],[106.35134368564157,10.77902883500157],[106.35134323523431,10.779031731248763],[106.35134326161638,10.77903466219033],[106.35134376408598,10.779037549860462],[106.35134472927696,10.779040317444403],[106.35134613151432,10.779042891321806],[106.35134793349721,10.779045203025101],[106.35135008729121,10.779047191060796],[106.35135253560334,10.779048802545264],[106.35141796069021,10.779085022029387],[106.35142077334855,10.77908628624739],[106.35142375758195,10.779087063193394],[106.35142682963991,10.779087331062929],[106.35142990330714,10.779087082338418],[106.35143289232322,10.779086324000144],[106.35143571280342,10.779085077330368],[106.35143828559283,10.779083377316047],[106.35144053848786,10.779081271666948],[106.35144240826249,10.779078819476712],[106.3522109906297,10.77786135631621],[106.35221236314086,10.777858715882463],[106.35221328124823,10.77785588520125],[106.3522137197924,10.77785294184326],[106.35221366675573,10.777849966466919],[106.35221312359161,10.777847040608073],[106.35221210518463,10.777844244445612],[106.3522106394428,10.777841654604284],[106.35220876653258,10.777839342054913],[106.35220653777839,10.777837370169534],[106.35220401425593,10.77783579298479],[106.35213760674749,10.777801128801899],[106.35211355655963,10.777807543998335]]},"properties":{"OBJECTID":190,"maNhanDang":" ","phienBan":0,"ngayPhienBan":1787739118000,"giaTriDoChinhXacMatPhang":0,"nguyenNhanThayDoi":null,"maDoiTuong":"KG05","loaiTrangThaiDuongBoNuoc":1,"loaiDuongBoNuoc":"Phá","SHAPE_Length":345.9854806978754}},{"type":"Feature","id":191,"geometry":{"type":"LineString","coordinates":[[106.3513290586119,10.779016069189863],[106.35209593858985,10.777801300190109],[106.35209731132397,10.777798659908193],[106.35209822966185,10.777795829335266],[106.35209866843624,10.777792886043809],[106.35209861562242,10.777789910695383],[106.35209807266777,10.777786984830074],[106.35209705445209,10.777784188631873],[106.35209558887979,10.777781598731215],[106.35209371611523,10.777779286104908],[106.35209148748193,10.777777314130986],[106.35208896405607,10.77777573685184],[106.3520280925123,10.777743962227643],[106.35202529752726,10.77774278241942],[106.35202234669923,10.777742077789963],[106.35201932020611,10.777741867484979],[106.35201630028176,10.777742157218738],[106.35201336898152,10.777742939118784],[106.35201060595273,10.77774419193986],[106.35200808627053,10.777745881641145],[106.35200587839806,10.777747962311215],[106.35200404232614,10.777750377415492],[106.35123805901408,10.77896372141579],[106.35123670321661,10.778966320270689],[106.35123578790463,10.778969104949757],[106.35123533742592,10.778972001379023],[106.35123536376346,10.77897493251189],[106.35123586621668,10.778977820378632],[106.35123683142002,10.778980588160424],[106.35123823369858,10.778983162232764],[106.35124003575096,10.778985474123933],[106.3512421896416,10.778987462336366],[106.35124463807583,10.77898907398253],[106.3513046110418,10.77902227173348],[106.3513290586119,10.779016069189863]]},"properties":{"OBJECTID":191,"maNhanDang":" ","phienBan":0,"ngayPhienBan":1787739118000,"giaTriDoChinhXacMatPhang":0,"nguyenNhanThayDoi":null,"maDoiTuong":"KG05","loaiTrangThaiDuongBoNuoc":1,"loaiDuongBoNuoc":"Phá","SHAPE_Length":343.91853801249766}},{"type":"Feature","id":192,"geometry":{"type":"LineString","coordinates":[[106.35188977755298,10.777690731946429],[106.35112548386944,10.778901399896416],[106.35112412804871,10.778903998856523],[106.35112321276652,10.778906783654904],[106.35112276237371,10.778909680202817],[106.35112278885282,10.778912611438454],[106.35112329149939,10.778915499377151],[106.35112425694068,10.778918267186146],[106.35112565949137,10.778920841228695],[106.35112746183704,10.778923153023152],[106.3511296160268,10.778925141064901],[106.35113206474905,10.778926752462677],[106.35119671352899,10.778962541344756],[106.35119952616998,10.778963805675373],[106.35120251041187,10.778964582709216],[106.35120558249518,10.778964850637079],[106.35120865619498,10.778964601938961],[106.35121164524097,10.778963843595136],[106.35121446573881,10.778962596890231],[106.35121703852489,10.77896089681583],[106.35121929138819,10.77895879108835],[106.351221161097,10.778956338809778],[106.35198642436525,10.777744135408886],[106.35198779730928,10.777741494990389],[106.35198871581709,10.777738664243392],[106.35198915471521,10.777735720749961],[106.35198910197479,10.777732745182183],[106.3519885590413,10.777729819091213],[106.35198754079485,10.777727022672194],[106.35198607514246,10.777724432566361],[106.35198420225315,10.777722119760542],[106.35198197345704,10.777720147641624],[106.35197944983857,10.77771857025931],[106.35191382956614,10.777684316763992],[106.35188977755298,10.777690731946429]]},"properties":{"OBJECTID":192,"maNhanDang":" ","phienBan":0,"ngayPhienBan":1787739118000,"giaTriDoChinhXacMatPhang":0,"nguyenNhanThayDoi":null,"maDoiTuong":"KG05","loaiTrangThaiDuongBoNuoc":1,"loaiDuongBoNuoc":"Phá","SHAPE_Length":344.42273249760575}},{"type":"Feature","id":193,"geometry":{"type":"LineString","coordinates":[[106.35216139340193,10.780687269550013],[106.35177542133877,10.781333557176128],[106.35177414045565,10.78133616432431],[106.35177329624776,10.781338943748043],[106.35177291076249,10.781341822859771],[106.35177299406719,10.781344726468486],[106.35177354398627,10.781347578743411],[106.35177454615801,10.781350305194406],[106.35177597440966,10.781352834617357],[106.35177779144092,10.781355100953741],[106.35177994979814,10.781357045015815],[106.35178239311357,10.781358616032364],[106.351848120995,10.781394158539294],[106.3518509737309,10.781395404709937],[106.35185399570165,10.781396152196542],[106.35185710042825,10.781396379608477],[106.35186019906349,10.781396080437945],[106.35186320293451,10.781395263246241],[106.35186602608027,10.781393951418734],[106.35186858771151,10.781392182495669],[106.35187081452266,10.78139000709788],[106.3518726427896,10.78138748747819],[106.35208242713563,10.781036218021667]]},"properties":{"OBJECTID":193,"maNhanDang":" ","phienBan":0,"ngayPhienBan":1787739118000,"giaTriDoChinhXacMatPhang":0,"nguyenNhanThayDoi":null,"maDoiTuong":"KG05","loaiTrangThaiDuongBoNuoc":1,"loaiDuongBoNuoc":"Phá","SHAPE_Length":142.61412952305358}},{"type":"Feature","id":194,"geometry":{"type":"LineString","coordinates":[[106.35229127537079,10.780722077882603],[106.3518893091468,10.78139514352673],[106.35188802837853,10.781397750693287],[106.35188718426357,10.781400530109558],[106.35188679884463,10.781403409195711],[106.35188688218625,10.781406312769201],[106.35188743211211,10.781409165008039],[106.35188843426181,10.781411891430755],[106.35188986246588,10.781414420841353],[106.35189167942914,10.781416687188486],[106.35189383770464,10.781418631290272],[106.35189628093258,10.781420202379724],[106.35195622912848,10.78145261707132],[106.35195908172675,10.781453863413896],[106.35196210359081,10.781454611093231],[106.35196520824472,10.781454838713177],[106.35196830684339,10.78145453975999],[106.35197131071502,10.78145372278874],[106.35197413389855,10.781452411178483],[106.35197669560368,10.781450642463241],[106.35197892252272,10.781448467257889],[106.3519807509285,10.781445947809727],[106.35218926292116,10.781096807194103]]},"properties":{"OBJECTID":194,"maNhanDang":" ","phienBan":0,"ngayPhienBan":1787739118000,"giaTriDoChinhXacMatPhang":0,"nguyenNhanThayDoi":null,"maDoiTuong":"KG05","loaiTrangThaiDuongBoNuoc":1,"loaiDuongBoNuoc":"Phá","SHAPE_Length":145.0597503372035}},{"type":"Feature","id":195,"geometry":{"type":"LineString","coordinates":[[106.35239903519194,10.780781117377741],[106.35199741728781,10.781453602043936],[106.35199613644338,10.781456209198899],[106.35199529226729,10.781458988620813],[106.35199490680534,10.781461867724586],[106.35199499012396,10.781464771321914],[106.35199554004724,10.781467623584845],[106.35199654221387,10.781470350026026],[106.35199797045206,10.781472879443967],[106.35199978746313,10.781475145782471],[106.35200194579551,10.781477089855708],[106.35200438908399,10.78147866089386],[106.35202709050012,10.781490935985824]]},"properties":{"OBJECTID":195,"maNhanDang":" ","phienBan":0,"ngayPhienBan":1787739118000,"giaTriDoChinhXacMatPhang":0,"nguyenNhanThayDoi":null,"maDoiTuong":"KG05","loaiTrangThaiDuongBoNuoc":1,"loaiDuongBoNuoc":"Phá","SHAPE_Length":92.419058630515352}},{"type":"Feature","id":196,"geometry":{"type":"LineString","coordinates":[[106.35104470118225,10.776801012639677],[106.35110092731747,10.776831834527229],[106.35110371928215,10.776833077961035],[106.35110667849801,10.776833842314199],[106.35110972339393,10.776834106517223],[106.35111277003692,10.776833863287314],[106.3511157344459,10.776833119329137],[106.35111853490653,10.776831895149996],[106.35112109422377,10.77683022449455],[106.3511233418497,10.776828153414627],[106.3511252158282,10.776825738999815],[106.35149317424391,10.776254854506931]]},"properties":{"OBJECTID":196,"maNhanDang":" ","phienBan":0,"ngayPhienBan":1787739118000,"giaTriDoChinhXacMatPhang":0,"nguyenNhanThayDoi":null,"maDoiTuong":"KG05","loaiTrangThaiDuongBoNuoc":1,"loaiDuongBoNuoc":"Phá","SHAPE_Length":84.927049759873015}},{"type":"Feature","id":197,"geometry":{"type":"LineString","coordinates":[[106.3513026711543,10.776133561744377],[106.35092788662507,10.776715037197727],[106.35093444035455,10.776740568838846],[106.350992621714,10.776772462830527],[106.35099541383052,10.776773706568916],[106.35099837325666,10.776774471158216],[106.3510014184025,10.776774735519087],[106.35100446531489,10.776774492363232],[106.35100742999197,10.776773748394339],[106.35101023069905,10.77677252412326],[106.35101279022204,10.776770853302535],[106.35101503799618,10.776768781995868],[106.35101691205143,10.776766367308154],[106.35138925162893,10.77618868647342]]},"properties":{"OBJECTID":197,"maNhanDang":" ","phienBan":0,"ngayPhienBan":1787739118000,"giaTriDoChinhXacMatPhang":0,"nguyenNhanThayDoi":null,"maDoiTuong":"KG05","loaiTrangThaiDuongBoNuoc":1,"loaiDuongBoNuoc":"Phá","SHAPE_Length":165.2429303868567}},{"type":"Feature","id":198,"geometry":{"type":"LineString","coordinates":[[106.35120013108272,10.776068275166461],[106.35082102372881,10.776656456435722],[106.35082757744786,10.776681988079755],[106.35088236273874,10.776712020814564],[106.35088515487541,10.776713264403048],[106.35088811428747,10.776714028876553],[106.35089115939711,10.776714293161945],[106.3508942062642,10.776714049974048],[106.3508971709002,10.776713306016473],[106.35089997158327,10.776712081796818],[106.35090253111106,10.776710411061369],[106.35090477892879,10.776708339864866],[106.35090665307411,10.776705925300973],[106.35128345038284,10.776121325023635]]},"properties":{"OBJECTID":198,"maNhanDang":" ","phienBan":0,"ngayPhienBan":1787739118000,"giaTriDoChinhXacMatPhang":0,"nguyenNhanThayDoi":null,"maDoiTuong":"KG05","loaiTrangThaiDuongBoNuoc":1,"loaiDuongBoNuoc":"Phá","SHAPE_Length":166.6052445265351}},{"type":"Feature","id":199,"geometry":{"type":"LineString","coordinates":[[106.35076003914433,10.776644964269405],[106.35077549985151,10.776653440036315],[106.35077829198383,10.77665468365066],[106.35078125139741,10.776655448144467],[106.35078429651243,10.77665571244354],[106.35078734338661,10.776655469262156],[106.35079030802919,10.776654725303905],[106.3507931087162,10.776653501076892],[106.35079566824332,10.77665183032842],[106.35079791605408,10.77664975911469],[106.35079979018485,10.776647344531218],[106.35118091214807,10.776056038435311]]},"properties":{"OBJECTID":199,"maNhanDang":" ","phienBan":0,"ngayPhienBan":1787739118000,"giaTriDoChinhXacMatPhang":0,"nguyenNhanThayDoi":null,"maDoiTuong":"KG05","loaiTrangThaiDuongBoNuoc":1,"loaiDuongBoNuoc":"Phá","SHAPE_Length":82.508269062691838}},{"type":"Feature","id":200,"geometry":{"type":"LineString","coordinates":[[106.35304746437477,10.777925786208774],[106.350747843704,10.776664619473129]]},"properties":{"OBJECTID":200,"maNhanDang":" ","phienBan":0,"ngayPhienBan":1787739118000,"giaTriDoChinhXacMatPhang":0,"nguyenNhanThayDoi":null,"maDoiTuong":"KG05","loaiTrangThaiDuongBoNuoc":1,"loaiDuongBoNuoc":"Phá","SHAPE_Length":287.59077351905796}},{"type":"Feature","id":201,"geometry":{"type":"LineString","coordinates":[[106.35121287959474,10.7974497475949],[106.35127680522706,10.797484949955939],[106.3512795995189,10.797486200776575],[106.35128256218954,10.797486972269869],[106.35128561165202,10.797487243190202],[106.35128866392927,10.797487006076887],[106.35129163496676,10.797486267459625],[106.35129444294711,10.797485047678688],[106.35129701054329,10.797483380324783],[106.35129926704803,10.797481311314021],[106.35130115032102,10.797478897623474],[106.35401867378243,10.793287113319645],[106.35402008804869,10.793284469298753],[106.35402104405891,10.79328162728539],[106.35402151531578,10.793278666050432],[106.35402148875767,10.793275667669173],[106.35402096512067,10.793272715246472],[106.35401995891822,10.793269890613377],[106.35401849803877,10.793267272059044],[106.35401662297295,10.793264932160833],[106.35401438569112,10.793262935772709],[106.35401184820309,10.793261338227717],[106.35393366826102,10.793220242391568],[106.35393088804527,10.793219057694538],[106.35392795169807,10.793218342871613],[106.35392493803938,10.793218117110683],[106.35392192796442,10.793218386471818],[106.35391900227221,10.793219143724592],[106.3539162394967,10.793220368542178],[106.35391371379866,10.793222028046968],[106.35391149297509,10.793224077693107],[106.3539096366392,10.793226462462233],[106.35119283231225,10.79741713424718],[106.35119141286449,10.797419790466906],[106.35119045583009,10.797422646061465],[106.35118998796453,10.797425621197927],[106.35119002234779,10.797428632701362],[106.35119055801862,10.797431596380141],[106.35119158000144,10.797434429379658],[106.35119305972502,10.797437052498656],[106.35119495582119,10.797439392403451],[106.35119721528142,10.797441383678077],[106.35119977493869,10.797442970653115],[106.35121244934749,10.797449516982761],[106.35121287959474,10.7974497475949]]},"properties":{"OBJECTID":201,"maNhanDang":" ","phienBan":0,"ngayPhienBan":1787739118000,"giaTriDoChinhXacMatPhang":0,"nguyenNhanThayDoi":null,"maDoiTuong":"KG05","loaiTrangThaiDuongBoNuoc":1,"loaiDuongBoNuoc":"Phá","SHAPE_Length":1133.2236944723536}},{"type":"Feature","id":202,"geometry":{"type":"LineString","coordinates":[[106.35150857989863,10.797612564413411],[106.35151700662733,10.797616762917933],[106.35151976944489,10.797617873605226],[106.35152267497293,10.797618525290703],[106.35152564749978,10.797618700992867],[106.35152860956795,10.797618396133309],[106.35153148399245,10.797617618655996],[106.35153419587209,10.797616388820277],[106.35153667454129,10.79761473867296],[106.35153885541136,10.797612711213256],[106.35154068165365,10.797610359272298],[106.35426088475083,10.793414436061015],[106.35426229868193,10.793411792152421],[106.35426325441991,10.793408950318728],[106.35426372547938,10.793405989312687],[106.35426369880639,10.793402991189545],[106.3542631751401,10.793400039033143],[106.35426216899232,10.793397214653485],[106.35426070824536,10.79339459631964],[106.35425883337936,10.793392256590742],[106.35425659635052,10.793390260305237],[106.35425405915129,10.793388662784089],[106.35419667319648,10.793358496700041],[106.3541938931355,10.793357312297715],[106.35419095699815,10.793356597703157],[106.35418794358664,10.793356372095177],[106.35418493377709,10.793356641528808],[106.35418200834901,10.793357398772793],[106.35417924581716,10.793358623503662],[106.35417672032439,10.793360282851193],[106.35417449965175,10.793362332280601],[106.35417264339924,10.793364716787799],[106.35145291349986,10.797559907847258],[106.351451513073,10.797562518886444],[106.35145055977966,10.79756532423006],[106.35145007943011,10.797568247923838],[106.35145008502973,10.797571210809195],[106.35145057642693,10.797574132666446],[106.35145154031719,10.797576934386733],[106.35145295060332,10.797579540113889],[106.35145476910205,10.797581879298232],[106.35145694657777,10.797583888606688],[106.35145942407566,10.797585513637527],[106.35150790799753,10.797612213122891],[106.35150857989863,10.797612564413411]]},"properties":{"OBJECTID":202,"maNhanDang":" ","phienBan":0,"ngayPhienBan":1787739118000,"giaTriDoChinhXacMatPhang":0,"nguyenNhanThayDoi":null,"maDoiTuong":"KG05","loaiTrangThaiDuongBoNuoc":1,"loaiDuongBoNuoc":"Phá","SHAPE_Length":1129.2129721475089}},{"type":"Feature","id":203,"geometry":{"type":"LineString","coordinates":[[106.35216249368619,10.79793858715753],[106.35224334858881,10.797992577802338],[106.35224589027659,10.797993998876022],[106.35224862388228,10.797995002383464],[106.35225148132253,10.797995563331256],[106.35225439142978,10.797995667748401],[106.35225728172476,10.797995313034281],[106.35226008022163,10.797994508023425],[106.35226271722087,10.797993272765476],[106.35226512704524,10.797991638025833],[106.35226724967553,10.79798964451941],[106.35226903224539,10.797987341896581],[106.35498309096408,10.793800879771926],[106.35498449753295,10.793798253114424],[106.35498545175639,10.793795430487416],[106.35498592751344,10.793792489157642],[106.35498591178069,10.793789509641226],[106.35498540498882,10.793786573499606],[106.35498442101078,10.793783761106885],[106.35498298678203,10.793781149449652],[106.35498114156324,10.793778810019553],[106.35497893586552,10.793776806856272],[106.35497643006774,10.793775194794513],[106.35489056745087,10.793728931964004],[106.35488777974047,10.793727712622292],[106.35488482951503,10.793726968113436],[106.35488179703869,10.793726718692623],[106.35487876481326,10.793726971145619],[106.35487581533378,10.793727718604163],[106.35487302884404,10.793728940732828],[106.35487048115357,10.793730604282267],[106.35486824157505,10.793732663993795],[106.35486637103868,10.793735063830711],[106.35215732158403,10.797913796082391],[106.35216249368619,10.79793858715753]]},"properties":{"OBJECTID":203,"maNhanDang":" ","phienBan":0,"ngayPhienBan":1787739118000,"giaTriDoChinhXacMatPhang":0,"nguyenNhanThayDoi":null,"maDoiTuong":"KG05","loaiTrangThaiDuongBoNuoc":1,"loaiDuongBoNuoc":"Phá","SHAPE_Length":1132.6608207382417}},{"type":"Feature","id":204,"geometry":{"type":"LineString","coordinates":[[106.35233566745809,10.798054136882078],[106.35234385883845,10.798058614282464],[106.35507419494012,10.793847041914592],[106.35507566338653,10.79384426759259],[106.35507662827602,10.793841280589794],[106.35507706034788,10.793838171488423],[106.35507694649932,10.793835034573386],[106.35507629018288,10.793831964973062],[106.35507511130162,10.793829055774475],[106.35507344560567,10.793826395200396],[106.355071343608,10.793824063933943],[106.35506886905267,10.793822132671831],[106.35506609698169,10.793820659980467],[106.3550403151669,10.793809535784177],[106.35503887628495,10.793808838828379],[106.3550248264323,10.793801268288],[106.35502203859753,10.793800049035644],[106.35501908825901,10.793799304655559],[106.35501605569058,10.793799055401093],[106.3550130234034,10.793799308054046],[106.35501007390098,10.793800055740153],[106.35500728743439,10.79380127811611],[106.35500473981877,10.793802941923097],[106.35500250037052,10.793805001891679],[106.35500063002131,10.793807401973526],[106.35228374904845,10.79799821662751],[106.3522822861584,10.798000969839617],[106.35228132051796,10.798003934255714],[106.35228088112197,10.798007020864759],[106.35228098116394,10.798010136986681],[106.35228161763997,10.798013189055242],[106.35228277143891,10.798016085427498],[106.3522844079162,10.798018739135527],[106.35228647793417,10.798021070497759],[106.35228891933741,10.798023009511539],[106.35233427399481,10.798053295170909],[106.35233566745809,10.798054136882078]]},"properties":{"OBJECTID":204,"maNhanDang":" ","phienBan":0,"ngayPhienBan":1787739118000,"giaTriDoChinhXacMatPhang":0,"nguyenNhanThayDoi":null,"maDoiTuong":"KG05","loaiTrangThaiDuongBoNuoc":1,"loaiDuongBoNuoc":"Phá","SHAPE_Length":1125.6518518955515}},{"type":"Feature","id":205,"geometry":{"type":"LineString","coordinates":[[106.3529313652198,10.797424383980051],[106.35293100793349,10.797425075761902],[106.35293077345848,10.797425818215343],[106.35293066862161,10.797426589723523],[106.35293069647525,10.797427367823655],[106.35293085620843,10.797428129861023],[106.35293114317045,10.79742885364859],[106.35293154900629,10.79742951811297],[106.35293206189986,10.797430103908004],[106.35293266691805,10.797430593978021],[106.35293334644551,10.797430974054425],[106.35293408069751,10.797431233071128],[106.35293484829597,10.797431363486751],[106.35293562689196,10.79743136150419],[106.35293639381632,10.797431227181164],[106.35293712673972,10.797430964428546],[106.35293780432278,10.797430580896492],[106.35293840683738,10.7974300877517],[106.35297327765046,10.797396785227457],[106.3530604687938,10.797305491466272],[106.35309915477295,10.797217248659503],[106.35314516348313,10.797165623702357],[106.35321332088236,10.797072285791661],[106.35343809333928,10.796719832425305],[106.3536584973222,10.796401889523958],[106.3537687546432,10.796245066947467],[106.35390971407769,10.796030975057361],[106.35409290553395,10.795740795160611],[106.35424600673308,10.795502149511739],[106.35444242632359,10.795213144231578],[106.35456001322225,10.795035420676252],[106.35467898034014,10.794856560648244],[106.35484932196093,10.794598075927407],[106.35493563190562,10.794493903675885],[106.35509018063742,10.794242628234359],[106.35520017140438,10.794085869013831],[106.35529448930659,10.793942213638136],[106.35529586299427,10.793939701014803],[106.35529682141987,10.793937002549642],[106.35529734039223,10.793934186353347],[106.35529740681217,10.793931323508215],[106.35529701900326,10.793928486273979],[106.35529618675398,10.793925746263943],[106.35529493107073,10.79392317263742],[106.35529328364765,10.793920830354114],[106.35529128606659,10.793918778534504],[106.35528898874752,10.793917068967609],[106.35528644967602,10.793915744803806],[106.35523790075554,10.793894794255204],[106.35523519033191,10.793893863680733],[106.35523236845948,10.793893364280052],[106.3552295032875,10.793893308113875],[106.35522666401097,10.793893696538634],[106.35522391919945,10.793894520173728],[106.35522133514115,10.793895759128063],[106.35521897424208,10.793897383480427],[106.3552168935188,10.793899354002111],[106.35521514322156,10.793901623104277],[106.3529313652198,10.797424383980051]]},"properties":{"OBJECTID":205,"maNhanDang":" ","phienBan":0,"ngayPhienBan":1787739118000,"giaTriDoChinhXacMatPhang":0,"nguyenNhanThayDoi":null,"maDoiTuong":"KG05","loaiTrangThaiDuongBoNuoc":1,"loaiDuongBoNuoc":"Phá","SHAPE_Length":941.0112105063838}},{"type":"Feature","id":206,"geometry":{"type":"LineString","coordinates":[[106.3528069863418,10.797555591863299],[106.35285152821612,10.797513054154424],[106.35285297151793,10.797511505579008],[106.35285422482242,10.797509799579656],[106.35519497322515,10.793899160024607],[106.35519644176382,10.793896385717193],[106.35519740672773,10.793893398706624],[106.35519783885174,10.793890289581942],[106.35519772503056,10.793887152635625],[106.35519706871615,10.793884083003915],[106.35519588981295,10.793881173781562],[106.35519422407434,10.793878513198473],[106.35519212201829,10.793876181943908],[106.35518964739525,10.793874250719366],[106.35518687525473,10.793872778094368],[106.35511712246942,10.793842677970417],[106.35511441205132,10.793841747324779],[106.35511159017035,10.793841247869699],[106.35510872498119,10.793841191668122],[106.35510588568448,10.793841580077439],[106.35510314085555,10.793842403716706],[106.35510055678806,10.793843642693211],[106.35509819589296,10.793845267082933],[106.35509611519113,10.79384723765326],[106.35509436493608,10.79384950681056],[106.35237048901087,10.798051114478033],[106.35236908625019,10.798053731078522],[106.35236813249564,10.798056542606194],[106.35236765367343,10.798059472634337],[106.35236766279957,10.79806244151499],[106.35236815962597,10.798065368544055],[106.35236913064722,10.7980681741551],[106.35237054946774,10.79807078208224],[106.35237237751922,10.798073121433299],[106.35237456510913,10.798075128616897],[106.35237705277146,10.798076749071077],[106.35237959220818,10.798078136431775],[106.35237998402897,10.798078356267871],[106.35240091971143,10.798090470147839],[106.3524024679211,10.798091269785438],[106.35240408475291,10.798091919576446],[106.35242087649137,10.798097770721197],[106.35242210077527,10.798098149864671],[106.35242619422719,10.798099264777511],[106.35242713923792,10.798099000749058],[106.3525924814074,10.797854643412103],[106.35259275678659,10.79785425049819],[106.35280476203751,10.79755815478833],[106.3528069863418,10.797555591863299]]},"properties":{"OBJECTID":206,"maNhanDang":" ","phienBan":0,"ngayPhienBan":1787739118000,"giaTriDoChinhXacMatPhang":0,"nguyenNhanThayDoi":null,"maDoiTuong":"KG05","loaiTrangThaiDuongBoNuoc":1,"loaiDuongBoNuoc":"Phá","SHAPE_Length":1130.6270502030911}},{"type":"Feature","id":207,"geometry":{"type":"LineString","coordinates":[[106.35445755282134,10.793495633845167],[106.3544195054213,10.79347563364272],[106.35441672535266,10.793474449289219],[106.35441378921844,10.793473734732919],[106.35441077581712,10.79347350915071],[106.35440776602081,10.793473778596656],[106.35440484060491,10.793474535839504],[106.35440207808026,10.793475760556754],[106.35439955258605,10.793477419880071],[106.3543973319002,10.793479469277379],[106.35439547562039,10.793481853747998],[106.35167750561193,10.797674336344096],[106.35167607574918,10.797677017298565],[106.35167511681023,10.797679900432346],[106.3516746560763,10.797682903721972],[106.35167470665503,10.797685941725613],[106.35167526710745,10.797688928013844],[106.35167632148907,10.797691777628513],[106.35167783980329,10.797694409499755],[106.351679778855,10.797696748752371],[106.35168208347929,10.797698728835996],[106.35168468811098,10.797700293418409],[106.35175567001754,10.797735653724816],[106.35175843267068,10.797736764173331],[106.35176133799251,10.797737415674131],[106.35176431028465,10.797737591252309],[106.35176727210379,10.797737286333161],[106.35177014627948,10.79773650886138],[106.35177285792484,10.797735279094058],[106.35177533638775,10.797733629072878],[106.35177751709165,10.797731601789277],[106.35177934321811,10.797729250064293],[106.35449616722615,10.793538535476925],[106.35449757402429,10.793535908688575],[106.35449852843456,10.79353308588871],[106.35449900432891,10.793530144354651],[106.35449898867921,10.793527164614204],[106.35449848191385,10.793524228241113],[106.35449749790615,10.793521415621893],[106.35449606359438,10.793518803755161],[106.35449421824448,10.793516464143703],[106.35449201237495,10.793514460837017],[106.35448950637397,10.793512848677874],[106.35445771942429,10.793495722121015],[106.35445755282134,10.793495633845167]]},"properties":{"OBJECTID":207,"maNhanDang":" ","phienBan":0,"ngayPhienBan":1787739118000,"giaTriDoChinhXacMatPhang":0,"nguyenNhanThayDoi":null,"maDoiTuong":"KG05","loaiTrangThaiDuongBoNuoc":1,"loaiDuongBoNuoc":"Phá","SHAPE_Length":1131.3271431098242}},{"type":"Feature","id":208,"geometry":{"type":"LineString","coordinates":[[106.3537091292357,10.793104518796616],[106.3537063700616,10.793103421625657],[106.35370347058478,10.793102781422588],[106.35370050595058,10.793102614779466],[106.35369755299305,10.793102926015161],[106.35369468824361,10.793103707063416],[106.35369198594756,10.793104937681909],[106.35368951613997,10.793106585976862],[106.3536873428305,10.793108609229634],[106.35368552234453,10.793110955003851],[106.3509688452077,10.797301425810282],[106.35096742594753,10.797304081889282],[106.35096646906425,10.797306937310353],[106.35096600130798,10.79730991224887],[106.35096603575508,10.797312923539041],[106.35096657144256,10.797315886998851],[106.350967593395,10.797318719783396],[106.35096907304327,10.797321342700871],[106.35097096902312,10.797323682426393],[106.35097322833154,10.79732567355185],[106.35097578780851,10.7973272604144],[106.3510400898529,10.797360478510253],[106.35104286439365,10.797361638421389],[106.35104579053208,10.797362332095771],[106.35104879049688,10.797362541096831],[106.35105178455458,10.797362259869711],[106.35105469312873,10.797361495888904],[106.35105743891484,10.797360269459594],[106.35105994893505,10.797358613177982],[106.35106215647771,10.797356571064944],[106.35106400287044,10.797354197396036],[106.35378142296379,10.793162579777082],[106.35378285580579,10.793159891904835],[106.35378381535486,10.793157001064303],[106.35378427418233,10.793153989889991],[106.35378421917268,10.793150944456141],[106.35378365189834,10.793147951816302],[106.35378258857482,10.793145097514902],[106.35378105959714,10.793142463141985],[106.35377910867106,10.793140124000944],[106.35377679156367,10.793138146955986],[106.35377417450937,10.793136588520825],[106.35377128477609,10.793128960518395],[106.35376716867684,10.793121918167474],[106.35376194046802,10.793115656952569],[106.35375574527642,10.793110350675091],[106.35374875507077,10.793106146628901],[106.35374116388807,10.793103161511659],[106.35373318244757,10.793101478185497],[106.3537250323014,10.793101143376877],[106.35371693968469,10.793102166379562],[106.3537091292357,10.793104518796616]]},"properties":{"OBJECTID":208,"maNhanDang":" ","phienBan":0,"ngayPhienBan":1787739118000,"giaTriDoChinhXacMatPhang":0,"nguyenNhanThayDoi":null,"maDoiTuong":"KG05","loaiTrangThaiDuongBoNuoc":1,"loaiDuongBoNuoc":"Phá","SHAPE_Length":1130.7178329116061}},{"type":"Feature","id":209,"geometry":{"type":"LineString","coordinates":[[106.35064648440252,10.797148028456482],[106.3506588482276,10.797162115571389],[106.35066045469756,10.797163729805371],[106.35066224929513,10.797165131916866],[106.35066420420499,10.797166300173902],[106.35069245840985,10.797180897076355],[106.35069523312139,10.79718205715473],[106.3506981594572,10.797182750959252],[106.35070115963839,10.797182960049344],[106.35070415392342,10.797182678867621],[106.35070706272737,10.797181914887586],[106.35070980873738,10.797180688415009],[106.35071231896744,10.797179032048213],[106.35071452669834,10.797176989811648],[106.35071637325098,10.797174615985767],[106.35343219057033,10.792985477937812],[106.35343361535739,10.792982808859458],[106.35343457332999,10.792979938966445],[106.3534350374629,10.792976949220963],[106.35343499466252,10.79297392396634],[106.35343444613629,10.79297094854765],[106.35343340735861,10.79296810690405],[106.35343190763432,10.792965479200788],[106.35342998927192,10.792963139567666],[106.35342770639012,10.792961154007775],[106.35342512339099,10.792959578535493],[106.3533750278052,10.792934184353209],[106.35337220619654,10.792933033027349],[106.35336923349851,10.792932362137483],[106.35336619090131,10.792932190006914],[106.35336316150415,10.792932521336862],[106.35336022804574,10.792933347078067],[106.35335747064457,10.792934644677928],[106.35335496461057,10.792936378696476],[106.35335277838843,10.792938501774296],[106.3533509716881,10.792940955926012],[106.35322558929845,10.79314665610462],[106.35322519549212,10.79314727165735],[106.35290645310862,10.793625609781742],[106.35290626895275,10.79362589041021],[106.35250893232944,10.794246758285258],[106.35250866794075,10.794247158410391],[106.35218778987642,10.794720411789489],[106.35218757290055,10.79472074311084],[106.35190570263755,10.795156691450156],[106.35190561147134,10.795156830858259],[106.3515274798123,10.795730005372642],[106.35152719168892,10.795730427241468],[106.35139604005067,10.795917504574323],[106.35139474582438,10.795919655221788],[106.35125041434848,10.796201997367668],[106.35124940276839,10.796203731581221],[106.35067979924979,10.797066029182169],[106.3506794054514,10.797066653772983],[106.35064470502141,10.797124156553027],[106.35064337665467,10.797126837883392],[106.35064251167269,10.797129702477054],[106.35064213406274,10.79713267089438],[106.35064201874872,10.797135385213581],[106.35064648440252,10.797148028456482]]},"properties":{"OBJECTID":209,"maNhanDang":" ","phienBan":0,"ngayPhienBan":1787739118000,"giaTriDoChinhXacMatPhang":0,"nguyenNhanThayDoi":null,"maDoiTuong":"KG05","loaiTrangThaiDuongBoNuoc":1,"loaiDuongBoNuoc":"Phá","SHAPE_Length":1124.4040118364867}},{"type":"Feature","id":210,"geometry":{"type":"LineString","coordinates":[[106.35032736190882,10.796992306361432],[106.35030429067297,10.797012648089686],[106.35028635171712,10.797030442962985],[106.35026323696668,10.797027949122292],[106.3502298242269,10.797012792609094],[106.3478804424055,10.795794485965795],[106.34785258826341,10.795771201461955],[106.34783234074149,10.795745298457479],[106.34782420146601,10.795714385056463],[106.34782009441652,10.79568046768761],[106.3478311240741,10.795640535948486],[106.34836378844821,10.794824438054965],[106.3488805247954,10.794012315658682],[106.34946977236697,10.793114137574232],[106.34983654236402,10.792549263568587],[106.34997221684044,10.792338425701018],[106.35004132344993,10.792226661147984],[106.35009775438608,10.792196107182246],[106.35019793193433,10.792213672948286],[106.35253192260805,10.793449751443122],[106.35259104757351,10.793482617702434],[106.35256547657859,10.793535945858201],[106.35248861008544,10.793619816612793],[106.35032736190882,10.796992306361432]]},"properties":{"OBJECTID":210,"maNhanDang":" ","phienBan":0,"ngayPhienBan":1787739118000,"giaTriDoChinhXacMatPhang":0,"nguyenNhanThayDoi":null,"maDoiTuong":"KG05","loaiTrangThaiDuongBoNuoc":1,"loaiDuongBoNuoc":"Phá","SHAPE_Length":1546.4544217289456}},{"type":"Feature","id":211,"geometry":{"type":"LineString","coordinates":[[106.35272871539098,10.793184422926279],[106.35273144529286,10.793185506763862],[106.35273431281487,10.79318614267709],[106.35273724497307,10.793186314480746],[106.35274016713835,10.793186017802094],[106.35274300493599,10.793185260192182],[106.35274568613853,10.793184060933639],[106.35274814250423,10.79318245054991],[106.35275031151382,10.793180470028371],[106.35275213796183,10.793178169777114],[106.35342675921819,10.792164285911905],[106.3534269962434,10.792163922003288],[106.35401311523691,10.791235295827716],[106.35401322827492,10.791235120212542],[106.35470348339689,10.790169141938916],[106.35470348521488,10.79016913651078],[106.3553922763798,10.789105996793964],[106.35539234930864,10.789105884543496],[106.35595347243022,10.788253680190929],[106.35595451673242,10.788251873572236],[106.35595470435894,10.788251502525823],[106.35595469270659,10.788245683790798],[106.35595468894077,10.788243803279801],[106.35595457169693,10.788243704058827],[106.35595267049938,10.78824227026897],[106.35592505363304,10.788224157437952],[106.35592396964434,10.788223497762045],[106.35589363550424,10.788206480586128],[106.35589083843254,10.788205203656117],[106.35588786785475,10.78820441003915],[106.35588480662634,10.78820412187083],[106.35588174013124,10.788204347188762],[106.35587875390027,10.788205079708368],[106.35587593122551,10.788206298998178],[106.35587335083717,10.788207971049705],[106.35587108470752,10.788210049226011],[106.35586919604356,10.788212475562514],[106.35267473112916,10.793157844607082],[106.35268044102247,10.793160692235277],[106.35268053438773,10.793160739066387],[106.35272871539098,10.793184422926279]]},"properties":{"OBJECTID":211,"maNhanDang":" ","phienBan":0,"ngayPhienBan":1787739118000,"giaTriDoChinhXacMatPhang":0,"nguyenNhanThayDoi":null,"maDoiTuong":"KG05","loaiTrangThaiDuongBoNuoc":1,"loaiDuongBoNuoc":"Phá","SHAPE_Length":1318.068657931389}},{"type":"Feature","id":212,"geometry":{"type":"LineString","coordinates":[[106.35256625380801,10.793101732536998],[106.35261022707205,10.793125661483979],[106.35261080925294,10.793125964126224],[106.35263945940261,10.793140252705621],[106.35264222008639,10.793141363856401],[106.35264512373875,10.793142015649282],[106.35264809447362,10.793142191049855],[106.35265105465174,10.793141885474077],[106.35265392690974,10.793141106908079],[106.35265663618202,10.793139875699449],[106.35265911166259,10.793138224025451],[106.35266128865548,10.793136195052089],[106.35266311026568,10.793133841805965],[106.35584825687965,10.788202900587962],[106.35584964323176,10.788200308449142],[106.35585058842366,10.788197524967844],[106.35585106716233,10.78819462462905],[106.3558510666369,10.788191685044799],[106.35585058686144,10.788188784877329],[106.35584964067456,10.7881860017341],[106.35584825339589,10.788183410091044],[106.35584646214853,10.78818107929961],[106.35584431486561,10.788179071730957],[106.35584186900766,10.788177441106916],[106.35577044245808,10.788137370349558],[106.355767645684,10.788136093489461],[106.35576467541794,10.788135299867035],[106.35576161449845,10.788135011615818],[106.35575854829226,10.788135236774927],[106.35575556231362,10.788135969064841],[106.35575273983925,10.788137188062535],[106.35575015958585,10.78813885977107],[106.3557478935148,10.788140937567732],[106.35574600482514,10.788143363504316],[106.3525596591948,10.793076159473708],[106.35255826358399,10.793078773317587],[106.35255731644324,10.79308158095605],[106.35255684352056,10.793084506063481],[106.35255685767234,10.793087469120866],[106.35255735851388,10.793090389577527],[106.35255833242978,10.793093188040881],[106.35255975294417,10.793095788434734],[106.3525615814404,10.793098120067411],[106.35256376821079,10.793100119553502],[106.35256625380801,10.793101732536998]]},"properties":{"OBJECTID":212,"maNhanDang":" ","phienBan":0,"ngayPhienBan":1787739118000,"giaTriDoChinhXacMatPhang":0,"nguyenNhanThayDoi":null,"maDoiTuong":"KG05","loaiTrangThaiDuongBoNuoc":1,"loaiDuongBoNuoc":"Phá","SHAPE_Length":1325.072390569404}},{"type":"Feature","id":213,"geometry":{"type":"LineString","coordinates":[[106.35244991821904,10.793038430085312],[106.3525140710436,10.793073338872084],[106.35251685909166,10.793074570786715],[106.35251981218823,10.793075325800793],[106.35252284938461,10.793075583218267],[106.35252588742681,10.793075335982948],[106.3525288430376,10.793074590871917],[106.35253163519938,10.793073368309763],[106.35253418737489,10.793071701808705],[106.35253642960527,10.793069637049982],[106.35253830042767,10.793067230631655],[106.35572506566955,10.788133788520911],[106.35572645187844,10.78813119635551],[106.35572739695421,10.788128412881354],[106.35572787561021,10.788125512573613],[106.35572787503945,10.788122573033471],[106.35572739525719,10.788119672911826],[106.35572644910057,10.788116889804886],[106.35572506188515,10.788114298177993],[106.35572327072754,10.788111967373208],[106.35572112355226,10.788109959753989],[106.35571867780958,10.788108329036575],[106.35565503805051,10.788072627876133],[106.35565224114121,10.788071351185597],[106.35564927076983,10.78807055775366],[106.35564620977809,10.788070269708614],[106.35564314353505,10.788070495083847],[106.35564015755622,10.788071227593793],[106.3556373351186,10.788072446809229],[106.35563475493814,10.78807411872703],[106.35563248897436,10.788076196718505],[106.35563060042354,10.788078622829826],[106.35244332178834,10.793012857022383],[106.35244192634462,10.793015471007269],[106.35244097938842,10.793018278756209],[106.35244050666233,10.793021203941711],[106.35244052101724,10.79302416704382],[106.35244102206292,10.793027087511829],[106.35244199617863,10.793029885954029],[106.35244341688345,10.793032486295928],[106.3524452455561,10.793034817848305],[106.35244743248488,10.793036817228879],[106.35244991821904,10.793038430085312]]},"properties":{"OBJECTID":213,"maNhanDang":" ","phienBan":0,"ngayPhienBan":1787739118000,"giaTriDoChinhXacMatPhang":0,"nguyenNhanThayDoi":null,"maDoiTuong":"KG05","loaiTrangThaiDuongBoNuoc":1,"loaiDuongBoNuoc":"Phá","SHAPE_Length":1323.620032457213}},{"type":"Feature","id":214,"geometry":{"type":"LineString","coordinates":[[106.35239801102823,10.793010650648039],[106.35231512605881,10.7929688203811],[106.35231254493797,10.792967252653057],[106.35231026264863,10.792965275000073],[106.35230834359037,10.792962943225783],[106.35230684191343,10.792960323126096],[106.35230579999082,10.792957488632627],[106.35230524722253,10.792954519726566],[106.3523051992061,10.792951500181832],[106.35230565729643,10.792948515201223],[106.3523066085675,10.792945649012237],[106.35230802617724,10.792942982490418],[106.35549816334841,10.788004326590968],[106.35550005200115,10.788001900240308],[106.35550231812562,10.787999822052011],[106.35550489851369,10.787998149992179],[106.3555077211916,10.787996930698919],[106.35551070742751,10.787996198181505],[106.3555137739275,10.787995972871759],[106.35551683515889,10.787996261054159],[106.35551980573594,10.787997054690544],[106.35552260280149,10.787998331644326],[106.35560327342705,10.788043588350725],[106.35560571910378,10.788045219137816],[106.3556078661866,10.788047226832154],[106.35560965722217,10.788049557710265],[106.35561104428456,10.78805214940067],[106.35561199025764,10.788054932552866],[106.35561246982832,10.788057832693065],[106.35561247016385,10.788060772217023],[106.35561199125529,10.788063672466629],[106.35561104591761,10.788066455834715],[106.35560965944694,10.788069047841713],[106.35242173877489,10.793004277589375],[106.35241991078108,10.793006637980419],[106.3524177252791,10.793008671840875],[106.3524152397531,10.793010325675146],[106.35241251957862,10.79301155598327],[106.35240963630302,10.793012330405078],[106.35240666576365,10.793012628571343],[106.3524036860931,10.793012442639553],[106.35240077566411,10.793011777500174],[106.35239801102823,10.793010650648039]]},"properties":{"OBJECTID":214,"maNhanDang":" ","phienBan":0,"ngayPhienBan":1787739118000,"giaTriDoChinhXacMatPhang":0,"nguyenNhanThayDoi":null,"maDoiTuong":"KG05","loaiTrangThaiDuongBoNuoc":1,"loaiDuongBoNuoc":"Phá","SHAPE_Length":1328.746046753874}},{"type":"Feature","id":215,"geometry":{"type":"LineString","coordinates":[[106.35220110640194,10.79291127783574],[106.35226193873042,10.79294198005471],[106.35226470337184,10.792943106850531],[106.35226761379411,10.792943771946939],[106.35227059345024,10.792943957851241],[106.3522735639723,10.792943659673968],[106.35227644723263,10.79294288525748],[106.35227916739862,10.792941654969697],[106.3522816529272,10.792940001168409],[106.35228383844651,10.79293796735023],[106.35228566647521,10.792935607006598],[106.355477224206,10.787994749781594],[106.35547861033353,10.787992157777468],[106.35547955534471,10.787989374472096],[106.35548003395347,10.787986474339585],[106.35548003335344,10.787983534980034],[106.35547955356073,10.787980635043162],[106.3554786074133,10.787977852123834],[106.35547722022767,10.787975260685828],[106.35547542912134,10.787972930069371],[106.35547328201974,10.787970922635779],[106.35547083637378,10.787969292098822],[106.35541162923775,10.787936075710094],[106.35540883234243,10.787934798936226],[106.35540586196586,10.787934005438975],[106.35540280095627,10.787933717350169],[106.3553997346898,10.787933942705035],[106.35539674868922,10.787934675218086],[106.35539392623853,10.787935894458439],[106.35539134606013,10.787937566419656],[106.35538908011905,10.787939644468235],[106.35538719161578,10.787942070644291],[106.35219400836404,10.792885441746369],[106.35219259076749,10.792888107982328],[106.35219163945648,10.7928909738856],[106.3521911812737,10.792893958590398],[106.35219122914746,10.792896977878771],[106.35219178172696,10.792899946556945],[106.35219282342028,10.792902780859185],[106.35219432483451,10.792905400811376],[106.35219624360499,10.792907732487615],[106.35219852559068,10.792909710096138],[106.35220110640194,10.79291127783574]]},"properties":{"OBJECTID":215,"maNhanDang":" ","phienBan":0,"ngayPhienBan":1787739118000,"giaTriDoChinhXacMatPhang":0,"nguyenNhanThayDoi":null,"maDoiTuong":"KG05","loaiTrangThaiDuongBoNuoc":1,"loaiDuongBoNuoc":"Phá","SHAPE_Length":1324.6966065113922}},{"type":"Feature","id":216,"geometry":{"type":"LineString","coordinates":[[106.35206871572363,10.792844464232266],[106.35214791909297,10.792884437488558],[106.35215068373445,10.792885564277629],[106.35215359415527,10.792886229369136],[106.35215657380907,10.792886415270646],[106.35215954432856,10.792886117092801],[106.35216242758673,10.792885342677915],[106.35216514775159,10.792884112393715],[106.35216763328066,10.792882458597655],[106.35216981880251,10.792880424785887],[106.35217164683621,10.79287806444928],[106.35536625248088,10.787932493826922],[106.35536763871636,10.787929901667681],[106.35536858381467,10.787927118193679],[106.35536906248805,10.787924217881606],[106.35536906192877,10.787921278334359],[106.3553685821518,10.78791837820464],[106.3553676359944,10.787915595090467],[106.35536624877265,10.787913003458902],[106.35536445760411,10.787910672653558],[106.35536231041458,10.787908665039186],[106.35535986465587,10.787907034333006],[106.35528277531195,10.787863788497399],[106.35527997841061,10.78786251177077],[106.35527700803895,10.78786171830985],[106.35527394704135,10.78786143024444],[106.35527088078976,10.787861655608753],[106.35526789480262,10.787862388117324],[106.35526507235983,10.787863607340318],[106.35526249217999,10.787865279273319],[106.35526022622491,10.787867357285725],[106.3552583376926,10.787869783421277],[106.35206161586632,10.792818626334423],[106.35206019821769,10.792821292848515],[106.35205924691438,10.792824159038851],[106.35205878880022,10.792827144027372],[106.35205883680227,10.792830163583771],[106.35205938956601,10.792833132502309],[106.35206043149357,10.792835967006148],[106.35206193318386,10.792838587111351],[106.35206385226226,10.792840918883885],[106.35206613457628,10.792842896525865],[106.35206871572363,10.792844464232266]]},"properties":{"OBJECTID":216,"maNhanDang":" ","phienBan":0,"ngayPhienBan":1787739118000,"giaTriDoChinhXacMatPhang":0,"nguyenNhanThayDoi":null,"maDoiTuong":"KG05","loaiTrangThaiDuongBoNuoc":1,"loaiDuongBoNuoc":"Phá","SHAPE_Length":1330.5382190168752}},{"type":"Feature","id":217,"geometry":{"type":"LineString","coordinates":[[106.35195528015089,10.79278721699785],[106.35201552843364,10.792817622052759],[106.35201829293869,10.792818749044068],[106.35202120325899,10.792819414351037],[106.35202418284881,10.792819600475109],[106.3520271533405,10.792819302520948],[106.35203003660575,10.792818528325187],[106.35203275681042,10.79281729825032],[106.35203524240909,10.79281564464914],[106.35203742802683,10.792813611013804],[106.35203925617867,10.792811250831935],[106.35523739856642,10.78786020659467],[106.3552387846316,10.78785761457957],[106.35523972959268,10.787854831278031],[106.35524020816645,10.787851931159739],[106.35524020754819,10.787848991819921],[106.35523972775447,10.78784609190321],[106.35523878162259,10.787843308999438],[106.35523739446714,10.787840717567653],[106.35523560340269,10.7878383869439],[106.35523345635075,10.787836379486073],[106.35523101075759,10.787834748905485],[106.35517237307594,10.787801851404371],[106.3551695760093,10.787800574474904],[106.35516660543691,10.787799780856465],[106.35516354421368,10.787799492684597],[106.35516047772302,10.787799717996966],[106.35515749149521,10.787800450509179],[106.35515466882187,10.787801669790065],[106.35515208843277,10.78780334183155],[106.35514982229989,10.787805419997191],[106.35514793363004,10.787807846322973],[106.3519481821336,10.792761379093161],[106.35194676434332,10.792764045467143],[106.35194581287496,10.792766911542397],[106.35194535457674,10.792769896444774],[106.35194540238085,10.792772915947086],[106.35194595493836,10.792775884845815],[106.35194699665732,10.792778719365359],[106.35194849814279,10.792781339521996],[106.35195041702627,10.792783671380835],[106.35195269916119,10.792785649142104],[106.35195528015089,10.79278721699785]]},"properties":{"OBJECTID":217,"maNhanDang":" ","phienBan":0,"ngayPhienBan":1787739118000,"giaTriDoChinhXacMatPhang":0,"nguyenNhanThayDoi":null,"maDoiTuong":"KG05","loaiTrangThaiDuongBoNuoc":1,"loaiDuongBoNuoc":"Phá","SHAPE_Length":1327.2247779629745}},{"type":"Feature","id":218,"geometry":{"type":"LineString","coordinates":[[106.35183793231488,10.792727943113629],[106.35184042948478,10.792729252811652],[106.35184068578671,10.792729384311119],[106.35190209288025,10.792760374797666],[106.35190485738666,10.792761501770885],[106.35190776770433,10.792762167064234],[106.35191074728908,10.792762353179841],[106.35191371777486,10.792762055222676],[106.35191660103499,10.792761281029312],[106.35191932123685,10.792760050961794],[106.35192180683646,10.792758397372115],[106.3519239924601,10.792756363751314],[106.35192582062371,10.792754003585623],[106.35512699451496,10.78779827129663],[106.35512838086306,10.787795679159373],[106.35512932605357,10.787792895681056],[106.35512980479375,10.787789995345822],[106.35512980427283,10.78778705576484],[106.35512932450476,10.787784155599462],[106.35512837832781,10.787781372456308],[106.3551269910611,10.787778780810557],[106.35512519982701,10.787776450013034],[106.35512305255787,10.787774442434428],[106.35512060671326,10.787772811796289],[106.35505838602126,10.787737905143281],[106.3550555891174,10.787736628444698],[106.35505261874977,10.787735835004945],[106.35504955776032,10.78773554695263],[106.35504649151842,10.78773577232138],[106.35504350553988,10.78773650482578],[106.35504068310206,10.787737724036674],[106.35503810292121,10.787739395950931],[106.3550358369572,10.787741473939761],[106.35503394840653,10.787743900049172],[106.35183109061101,10.792702236704988],[106.35182968400622,10.792704876504558],[106.35182873463283,10.792707713011037],[106.35182826878001,10.792710667678525],[106.35182829934773,10.792713658689131],[106.35182882548951,10.792716603218574],[106.35182983263594,10.792719419729693],[106.35183129289807,10.792722030230287],[106.35183316583966,10.792724362432811],[106.35183539959698,10.792726351756084],[106.35183793231488,10.792727943113629]]},"properties":{"OBJECTID":218,"maNhanDang":" ","phienBan":0,"ngayPhienBan":1787739118000,"giaTriDoChinhXacMatPhang":0,"nguyenNhanThayDoi":null,"maDoiTuong":"KG05","loaiTrangThaiDuongBoNuoc":1,"loaiDuongBoNuoc":"Phá","SHAPE_Length":1329.3728760247518}},{"type":"Feature","id":219,"geometry":{"type":"LineString","coordinates":[[106.35169658590915,10.792653794654219],[106.35178525557062,10.792700309719459],[106.35178803272068,10.79270149000561],[106.35179096537338,10.792702200769904],[106.35179397474018,10.792702422916973],[106.35179697997148,10.792702150478615],[106.35179990032881,10.792701390774155],[106.35180265735393,10.792700164213796],[106.35180517697667,10.792698503750275],[106.35180739150489,10.792696453993567],[106.35180924144315,10.79269407001239],[106.35501300929913,10.787734325014634],[106.35501439559532,10.787731732867964],[106.35501534074389,10.787728949392505],[106.35501581945448,10.787726049068793],[106.35501581891769,10.787723109503997],[106.35501533914788,10.787720209355312],[106.35501439298278,10.787717426225225],[106.35501300573999,10.787714834585028],[106.35501121453949,10.78771250378211],[106.35500906731042,10.787710496184346],[106.35500662150856,10.787708865511249],[106.35491948255694,10.787659981390533],[106.35491668579682,10.787658704476764],[106.35491371553258,10.787657910810452],[106.35491065460644,10.787657622527373],[106.35490758838928,10.787657847667893],[106.35490460239953,10.787658579952724],[106.35490177991801,10.787659798958055],[106.35489919966524,10.787661470685176],[106.35489693360584,10.787663548508732],[106.35489504494141,10.787665974477118],[106.35168974422277,10.792628090049789],[106.35168833786969,10.792630729720356],[106.35168738869972,10.792633566050029],[106.35168692299375,10.792636520505583],[106.35168695364642,10.792639511283088],[106.35168747980902,10.792642455572917],[106.35168848691298,10.792645271852608],[106.35168994707325,10.79264788214409],[106.35169181986048,10.792650214172756],[106.35169405342029,10.792652203368634],[106.35169658590915,10.792653794654219]]},"properties":{"OBJECTID":219,"maNhanDang":" ","phienBan":0,"ngayPhienBan":1787739118000,"giaTriDoChinhXacMatPhang":0,"nguyenNhanThayDoi":null,"maDoiTuong":"KG05","loaiTrangThaiDuongBoNuoc":1,"loaiDuongBoNuoc":"Phá","SHAPE_Length":1336.6571421868255}},{"type":"Feature","id":220,"geometry":{"type":"LineString","coordinates":[[106.35159013035673,10.792597949518482],[106.35164391101863,10.792626161230908],[106.35164668799518,10.792627341348869],[106.35164962044735,10.792628051983481],[106.35165262959451,10.79262827404348],[106.35165563459563,10.792628001563202],[106.35165855472107,10.792627241862855],[106.3516613115214,10.792626015351861],[106.35166383093488,10.792624354980555],[106.35166604527727,10.792622305354973],[106.35166789506003,10.792619921538499],[106.35487410584345,10.787656399432608],[106.35487549217559,10.787653807293156],[106.35487643735377,10.787651023816561],[106.35487691608601,10.787648123485688],[106.35487691556196,10.7876451839103],[106.35487643579565,10.7876422837503],[106.3548754896251,10.787639500610879],[106.35487410236884,10.787636908965883],[106.35487231114836,10.787634578164965],[106.3548701638948,10.787632570577875],[106.3548677180664,10.787630939925506],[106.35481486787367,10.787601289403906],[106.35481207081114,10.787600012463921],[106.3548091002405,10.787599218836384],[106.35480603901732,10.787598930657264],[106.35480297252563,10.787599155964488],[106.35479998629646,10.787599888473759],[106.35479716362208,10.787601107753831],[106.3547945832329,10.787602779796378],[106.3547923171015,10.78760485796457],[106.35479042843511,10.787607284293861],[106.35158328867719,10.792572243102875],[106.35158188211004,10.792574882908436],[106.35158093276658,10.792577719411835],[106.35158046693422,10.792580674069979],[106.35158049751192,10.792583665068065],[106.35158102365297,10.792586609585028],[106.35158203078846,10.792589426086868],[106.35158349103074,10.792592036584344],[106.35158536394549,10.792594368792493],[106.35158759767153,10.792596358132219],[106.35159013035673,10.792597949518482]]},"properties":{"OBJECTID":220,"maNhanDang":" ","phienBan":0,"ngayPhienBan":1787739118000,"giaTriDoChinhXacMatPhang":0,"nguyenNhanThayDoi":null,"maDoiTuong":"KG05","loaiTrangThaiDuongBoNuoc":1,"loaiDuongBoNuoc":"Phá","SHAPE_Length":1328.8962095727479}},{"type":"Feature","id":221,"geometry":{"type":"LineString","coordinates":[[106.35147808367721,10.792539171476415],[106.35153745548494,10.792570316075905],[106.35154023246606,10.792571496152057],[106.35154316491345,10.79257220675469],[106.35154617404993,10.792572428794184],[106.35154917903809,10.792572156305678],[106.351552099152,10.792571396609294],[106.35155485594578,10.792570170113503],[106.35155737536097,10.792568509766864],[106.35155958971605,10.792566460172896],[106.35156143952462,10.79256407639185],[106.35476948934424,10.787597709241847],[106.35477087567202,10.787595117101912],[106.35477182084692,10.787592333625923],[106.35477229957719,10.787589433296372],[106.35477229905258,10.787586493722609],[106.35477181928714,10.787583593564117],[106.35477087311878,10.787580810425666],[106.35476948586587,10.787578218780718],[106.35476769464962,10.787575887978591],[106.35476554740086,10.787573880388766],[106.35476310157738,10.787572249731946],[106.35470475693771,10.787539517917486],[106.35470196004897,10.787538241133173],[106.35469898967676,10.78753744762596],[106.35469592866967,10.78753715952808],[106.35469286240428,10.78753738487506],[106.35468987640378,10.787538117381601],[106.3546870539527,10.787539336616879],[106.35468447377387,10.787541008574403],[106.35468220783275,10.787543086620506],[106.3546803193302,10.787545512795042],[106.35147124200866,10.792513465057633],[106.35146983543245,10.792516104861182],[106.35146888608134,10.792518941364637],[106.35146842024312,10.79252189602437],[106.35146845081701,10.792524887024976],[106.3514689769564,10.792527831544756],[106.35146998409233,10.792530648049079],[106.35147144433691,10.792533258548103],[106.35147331725554,10.79253559075633],[106.35147555098652,10.792537580094221],[106.35147808367721,10.792539171476415]]},"properties":{"OBJECTID":221,"maNhanDang":" ","phienBan":0,"ngayPhienBan":1787739118000,"giaTriDoChinhXacMatPhang":0,"nguyenNhanThayDoi":null,"maDoiTuong":"KG05","loaiTrangThaiDuongBoNuoc":1,"loaiDuongBoNuoc":"Phá","SHAPE_Length":1331.045545644869}},{"type":"Feature","id":222,"geometry":{"type":"LineString","coordinates":[[106.35135428168005,10.792474224989251],[106.35142540882512,10.792511538013555],[106.35142818580523,10.79251271809186],[106.35143111825208,10.79251342869644],[106.35143412738834,10.792513650737598],[106.35143713237655,10.792513378250419],[106.35144005249062,10.792512618555003],[106.35144280928458,10.792511392059822],[106.35144532869985,10.792509731713462],[106.35144754305482,10.792507682119501],[106.35144939286302,10.792505298338266],[106.35465938024318,10.787535935926941],[106.35466076647195,10.787533343768706],[106.35466171156664,10.78753056029775],[106.35466219023989,10.787527659989758],[106.35466218968413,10.787524720446559],[106.35466170991424,10.787521820319773],[106.35466076376713,10.787519037206376],[106.3546593765583,10.787516445572493],[106.35465758540448,10.787514114760937],[106.35465543823051,10.787512107135857],[106.35465299248705,10.787510476414093],[106.35458309319694,10.787471263080484],[106.35458029630314,10.78746998633655],[106.35457732593522,10.78746919286036],[106.35457426493846,10.787468904782417],[106.35457119868585,10.787469130137383],[106.3545682126969,10.787469862639975],[106.3545653902526,10.787471081860277],[106.35456281007252,10.78747275379353],[106.35456054411939,10.78747483180855],[106.35455865559194,10.7874772579483],[106.35134744002723,10.792448520375176],[106.35134603356651,10.792451160025102],[106.35134508430821,10.792453996359376],[106.35134461853801,10.792456950837604],[106.3513446491535,10.792459941647886],[106.35134517530692,10.792462885972267],[106.35134618242861,10.792465702280014],[106.35134764263061,10.792468312585285],[106.3513495154787,10.792470644606613],[106.35135174911223,10.792472633768437],[106.35135428168005,10.792474224989251]]},"properties":{"OBJECTID":222,"maNhanDang":" ","phienBan":0,"ngayPhienBan":1787739118000,"giaTriDoChinhXacMatPhang":0,"nguyenNhanThayDoi":null,"maDoiTuong":"KG05","loaiTrangThaiDuongBoNuoc":1,"loaiDuongBoNuoc":"Phá","SHAPE_Length":1334.7812312570368}},{"type":"Feature","id":223,"geometry":{"type":"LineString","coordinates":[[106.35122988107823,10.792408966795479],[106.3513016050245,10.792446593315733],[106.35130438230053,10.792447773465831],[106.35130731505731,10.792448484066961],[106.35131032450076,10.792448706027459],[106.35131332977643,10.792448433383937],[106.35131625014185,10.79244767346148],[106.35131900713584,10.792446446676857],[106.35132152668648,10.792444785989977],[106.35132374110124,10.792442736018366],[106.35132559088564,10.792440351838417],[106.35453771468792,10.787467682883202],[106.35453910110347,10.787465090760547],[106.35454004635032,10.787462307281375],[106.35454052513289,10.787459406933952],[106.35454052463854,10.787456467334032],[106.35454004488049,10.787453567147807],[106.35453909869749,10.787450783986719],[106.35453771141017,10.787448192330519],[106.35453592014356,10.787445861534128],[106.35453377283343,10.787443853971633],[106.35453132694366,10.787442223367108],[106.35446084362982,10.78740268024557],[106.3544580465813,10.787401403227463],[106.35445507600673,10.78740060953837],[106.3544520147677,10.787400321317559],[106.3544489482548,10.787400546604696],[106.35444596200574,10.787401279115594],[106.35444313931934,10.787402498417501],[106.35444055893198,10.787404170499048],[106.35443829282131,10.787406248718982],[106.35443640419852,10.787408675107164],[106.35122303943763,10.7923832621779],[106.35122163301601,10.792385901834491],[106.35122068378912,10.792388738166098],[106.35122021804092,10.792391692635134],[106.35122024866787,10.792394683432796],[106.35122077482195,10.792397627744355],[106.35122178193402,10.792400444042274],[106.35122324211729,10.792403054343691],[106.35122511493951,10.792405386369756],[106.35122734854254,10.792407375547024],[106.35122988107823,10.792408966795479]]},"properties":{"OBJECTID":223,"maNhanDang":" ","phienBan":0,"ngayPhienBan":1787739118000,"giaTriDoChinhXacMatPhang":0,"nguyenNhanThayDoi":null,"maDoiTuong":"KG05","loaiTrangThaiDuongBoNuoc":1,"loaiDuongBoNuoc":"Phá","SHAPE_Length":1335.7997538922084}},{"type":"Feature","id":224,"geometry":{"type":"LineString","coordinates":[[106.3511172615034,10.792349887759883],[106.351177204441,10.792381333291241],[106.35117998157772,10.792382513651626],[106.35118291423342,10.792383224474767],[106.35118592361403,10.792383446662395],[106.35118892886405,10.79238317424481],[106.35119184923894,10.792382414541279],[106.35119460627462,10.792381187963382],[106.3511971258955,10.792379527466599],[106.35119934040489,10.792377477664859],[106.35120119030373,10.792375093631872],[106.354415465128,10.78739909822154],[106.35441685118423,10.787396506207397],[106.35441779614018,10.787393722909453],[106.35441827471311,10.787390822796153],[106.35441827409856,10.787387883461395],[106.35441779431301,10.787384983548465],[106.35441684819332,10.787382200645894],[106.35441546105336,10.78737960921155],[106.35441367000675,10.787377278580481],[106.35441152297375,10.787375271109815],[106.35440907739924,10.787373640510371],[106.35435017075079,10.78734059148027],[106.3543473736909,10.787339314544795],[106.35434440312409,10.78733852091954],[106.35434134190524,10.787338232740254],[106.35433827541766,10.787338458044816],[106.35433528919165,10.787339190549046],[106.35433246651884,10.787340409821978],[106.35432988612908,10.787342081855723],[106.35432761999441,10.787344160014019],[106.35432573132175,10.787346586332998],[106.35111041987385,10.792324183139142],[106.35110901356785,10.792326822816296],[106.35110806443457,10.792329659141044],[106.35110759875273,10.792332613583881],[106.35110762941568,10.792335604344959],[106.35110815557448,10.792338548618892],[106.3511091626613,10.792341364887374],[106.3511106227929,10.792343975176204],[106.35111249554251,10.792346307214149],[106.35111472905918,10.792348296433927],[106.3511172615034,10.792349887759883]]},"properties":{"OBJECTID":224,"maNhanDang":" ","phienBan":0,"ngayPhienBan":1787739118000,"giaTriDoChinhXacMatPhang":0,"nguyenNhanThayDoi":null,"maDoiTuong":"KG05","loaiTrangThaiDuongBoNuoc":1,"loaiDuongBoNuoc":"Phá","SHAPE_Length":1333.7171504164792}},{"type":"Feature","id":225,"geometry":{"type":"LineString","coordinates":[[106.35106458671844,10.792322256039922],[106.35098644050602,10.792281260616345],[106.35098390800161,10.792279669340383],[106.35098167442851,10.792277680147341],[106.35097980163198,10.792275348115851],[106.35097834146774,10.792272737817376],[106.35097733436618,10.792269921528291],[106.35097680821288,10.792266977228637],[106.35097677757645,10.792263986442929],[106.35097724330518,10.792261031982827],[106.35097819250356,10.792258195654181],[106.35097959888928,10.7922555559919],[106.35419717082857,10.787274462611622],[106.35419905937877,10.787272036504566],[106.35420132534303,10.787269958519161],[106.3542039055244,10.787268286609656],[106.35420672796259,10.787267067404994],[106.35420971394083,10.787266334908345],[106.35421278018126,10.787266109548778],[106.35421584116757,10.787266397611482],[106.35421881152998,10.787267191062499],[106.35422160842616,10.787268467772764],[106.35429840454076,10.787311551725303],[106.3543008503632,10.787313182385121],[106.35430299761013,10.787315189978091],[106.35430478882365,10.787317520783319],[106.35430617607295,10.787320112431111],[106.3543071222368,10.787322895571933],[106.35430760199696,10.787325795732114],[106.35430760251559,10.78732873530668],[106.35430712377881,10.787331635635967],[106.35430617859706,10.787334419110477],[106.35430479226233,10.78733701124761],[106.35108857074692,10.792316014584756],[106.35108672108237,10.792318398551235],[106.35108450683595,10.79232044834829],[106.35108198749225,10.792322108909191],[106.35107923073214,10.792323335623838],[106.35107631061452,10.792324095537175],[106.35107330558685,10.792324368234532],[106.35107029637761,10.792324146390033],[106.35106736382767,10.792323435963416],[106.35106458671844,10.792322256039922]]},"properties":{"OBJECTID":225,"maNhanDang":" ","phienBan":0,"ngayPhienBan":1787739118000,"giaTriDoChinhXacMatPhang":0,"nguyenNhanThayDoi":null,"maDoiTuong":"KG05","loaiTrangThaiDuongBoNuoc":1,"loaiDuongBoNuoc":"Phá","SHAPE_Length":1339.0739321988933}},{"type":"Feature","id":226,"geometry":{"type":"LineString","coordinates":[[106.35087631725942,10.792226707968],[106.35093355052142,10.792254842587401],[106.3509363062353,10.792255934410969],[106.35093920146277,10.792256569781358],[106.35094216113337,10.79225673222402],[106.35094510850566,10.792256417526975],[106.35094796715711,10.792255633850015],[106.35095066296562,10.792254401513134],[106.35095312603143,10.792252752469647],[106.35095529248964,10.792250729477674],[106.35095710616604,10.792248384991463],[106.35417623177786,10.787264887517006],[106.35417761802678,10.787262295364121],[106.35417856313909,10.787259511894099],[106.35417904182664,10.78725661158362],[106.35417904128128,10.787253672035638],[106.35417856151764,10.78725077190297],[106.35417761537261,10.787247988783818],[106.35417622816198,10.787245397145469],[106.35417443700305,10.787243066331806],[106.35417228982145,10.787241058707886],[106.35416984406882,10.787239427991249],[106.35411449486719,10.787208377254647],[106.35411169811309,10.787207100339058],[106.35410872785467,10.787206306669219],[106.35410566693375,10.787206018380942],[106.35410260072082,10.787206243514717],[106.35409961473394,10.787206975791459],[106.3540967922536,10.787208194787645],[106.35409421200008,10.787209866504918],[106.35409194593777,10.787211944318335],[106.35409005726821,10.787214370276743],[106.35086904543562,10.792200783576483],[106.35086762031663,10.792203467912895],[106.35086666766139,10.792206353926423],[106.35086621468781,10.792209359162023],[106.35086627433758,10.792212397758407],[106.35086684490649,10.792215382901153],[106.35086791009304,10.792218229303035],[106.35086943946428,10.792220855640737],[106.35087138932516,10.792223186878301],[106.3508737039671,10.792225156410945],[106.35087631725942,10.792226707968]]},"properties":{"OBJECTID":226,"maNhanDang":" ","phienBan":0,"ngayPhienBan":1787739118000,"giaTriDoChinhXacMatPhang":0,"nguyenNhanThayDoi":null,"maDoiTuong":"KG05","loaiTrangThaiDuongBoNuoc":1,"loaiDuongBoNuoc":"Phá","SHAPE_Length":1334.9811923387444}},{"type":"Feature","id":227,"geometry":{"type":"LineString","coordinates":[[106.35074775480568,10.792163506331923],[106.35082278922955,10.792200394224992],[106.35082554507092,10.792201485904878],[106.35082844040279,10.792202121105598],[106.3508314001496,10.792202283356486],[106.35083434756555,10.792201968450399],[106.35083720622453,10.792201184552805],[106.35083990200191,10.792199951990064],[106.35084236499655,10.792198302722355],[106.35084453134336,10.792196279514965],[106.35084634486923,10.792193934829379],[106.35406911822473,10.787204795174441],[106.35407050443523,10.787202203014663],[106.35407144951658,10.787199419546845],[106.35407192818234,10.787196519244974],[106.35407192762543,10.787193579709033],[106.35407144786073,10.787190679588743],[106.35407050172475,10.787187896479228],[106.35406911453215,10.78718530484489],[106.35406732339841,10.787182974027056],[106.35406517624679,10.787180966388688],[106.35406273052614,10.787179335645815],[106.35399016563028,10.787138626571942],[106.35398736873404,10.78713734987333],[106.35398439837432,10.787136556430749],[106.35398133739237,10.787136268372755],[106.35397827115679,10.787136493733081],[106.35397528518271,10.787137226226585],[106.35397246274684,10.787138445424548],[106.3539698825649,10.787140117324398],[106.35396761659635,10.787142195298038],[106.35396572803744,10.78714462139226],[106.35074048299815,10.792137583744783],[106.35073905813996,10.792140267953712],[106.35073810569558,10.792143153789485],[106.3507376528741,10.792146158810471],[106.35073771261159,10.792149197170202],[106.35073828320149,10.792152182069794],[106.35073934834338,10.7921550282376],[106.35074087760863,10.792157654365216],[106.35074282730966,10.792159985430274],[106.35074514174805,10.79216195483966],[106.35074775480568,10.792163506331923]]},"properties":{"OBJECTID":227,"maNhanDang":" ","phienBan":0,"ngayPhienBan":1787739118000,"giaTriDoChinhXacMatPhang":0,"nguyenNhanThayDoi":null,"maDoiTuong":"KG05","loaiTrangThaiDuongBoNuoc":1,"loaiDuongBoNuoc":"Phá","SHAPE_Length":1340.9202703926085}},{"type":"Feature","id":228,"geometry":{"type":"LineString","coordinates":[[106.35062428708724,10.792102811753519],[106.35069422680088,10.79213719437354],[106.35069698264489,10.792138286021059],[106.35069987797245,10.792138921197266],[106.35070283771063,10.792139083432678],[106.35070578511642,10.792138768520697],[106.35070864376657,10.792137984626672],[106.35071133953913,10.792136752076186],[106.35071380253548,10.792135102828027],[106.35071596889257,10.792133079645538],[106.35071778243898,10.792130734987799],[106.35394478900238,10.787135046281026],[106.35394617526779,10.78713245413199],[106.3539471203941,10.787129670662098],[106.35394759909248,10.787126770348969],[106.35394759855433,10.787123830796604],[106.35394711879404,10.787120930658942],[106.35394617264863,10.787118147535292],[106.35394478543421,10.787115555894008],[106.35394299426864,10.78711322507993],[106.35394084707832,10.787111217458911],[106.35393840131589,10.787109586749098],[106.35387076333427,10.787071641799221],[106.35386796656803,10.787070364977952],[106.35386499631933,10.787069571380673],[106.35386193542227,10.787069283139175],[106.35385886923893,10.787069508291914],[106.35385588327885,10.787070240559849],[106.35385306081426,10.78707145952154],[106.35385048055787,10.787073131182666],[106.35384821446769,10.787075208924053],[106.35384632574029,10.787077634801792],[106.35061701711716,10.792076887351001],[106.35061559188811,10.792079571551298],[106.35061463909287,10.792082457446352],[106.35061418595235,10.7920854625874],[106.3506142454126,10.792088501118876],[106.35061481577486,10.792091486231259],[106.35061588074413,10.792094332641192],[106.35061740989471,10.792096959027985],[106.35061935953941,10.792099290356912],[106.35062167397776,10.792101260022923],[106.35062428708724,10.792102811753519]]},"properties":{"OBJECTID":228,"maNhanDang":" ","phienBan":0,"ngayPhienBan":1787739118000,"giaTriDoChinhXacMatPhang":0,"nguyenNhanThayDoi":null,"maDoiTuong":"KG05","loaiTrangThaiDuongBoNuoc":1,"loaiDuongBoNuoc":"Phá","SHAPE_Length":1341.3639173398408}},{"type":"Feature","id":229,"geometry":{"type":"LineString","coordinates":[[106.35050476627595,10.792044055078113],[106.35057076092832,10.792076497960789],[106.3505735167649,10.79207758967137],[106.35057641209849,10.79207822489629],[106.35057937185127,10.792078387163762],[106.35058231927501,10.792078072266094],[106.35058517794117,10.792077288368777],[106.35058787372277,10.792076055798756],[106.35059033671649,10.792074406517342],[106.35059250305538,10.792072383291432],[106.35059431656491,10.792070038584534],[106.35382538671331,10.787068059681982],[106.35382677301344,10.787065467539874],[106.35382771816829,10.787062684068829],[106.35382819688751,10.787059783748731],[106.35382819636153,10.787056844186097],[106.35382771660448,10.787053944037494],[106.35382677045362,10.78705116090485],[106.353825383226,10.787048569258994],[106.3538235920409,10.78704623844696],[106.35382144482674,10.787044230836422],[106.35381899903847,10.787042600146846],[106.35375517662567,10.78700679585932],[106.35375237985886,10.78700551904746],[106.35374940961181,10.787004725457182],[106.35374634871778,10.787004437219865],[106.35374328253793,10.787004662373779],[106.3537402965809,10.787005394639904],[106.35373747411805,10.787006613597045],[106.35373489386127,10.787008285251336],[106.35373262776793,10.787010362984235],[106.35373073903405,10.787012788852623],[106.35049749448878,10.792018130675602],[106.35049606929329,10.792020814997386],[106.35049511657496,10.792023701014267],[106.35049466355515,10.792026706266121],[106.35049472317769,10.792029744886005],[106.35049529373902,10.792032730053576],[106.35049635893688,10.792035576475744],[106.35049788833612,10.792038202823699],[106.35049983823832,10.792040534056648],[106.35050215293029,10.79204250356592],[106.35050476627595,10.792044055078113]]},"properties":{"OBJECTID":229,"maNhanDang":" ","phienBan":0,"ngayPhienBan":1787739118000,"giaTriDoChinhXacMatPhang":0,"nguyenNhanThayDoi":null,"maDoiTuong":"KG05","loaiTrangThaiDuongBoNuoc":1,"loaiDuongBoNuoc":"Phá","SHAPE_Length":1342.0273658010235}},{"type":"Feature","id":230,"geometry":{"type":"LineString","coordinates":[[106.35365008073255,10.786951436888673],[106.35370233945996,10.786978069095712],[106.35370490825902,10.786979643049797],[106.35370717816544,10.786981623853915],[106.35370908543824,10.78698395588534],[106.35371057651952,10.786986573658577],[106.35371160953841,10.786989403664247],[106.35371215548682,10.786992366433296],[106.35371219903404,10.786995378768559],[106.35371173895722,10.786998356081011],[106.35371078817575,10.787001214765091],[106.35370937338837,10.787003874546436],[106.35047479394323,10.792011281899972],[106.35047298042697,10.792013626597546],[106.35047081408463,10.792015649814998],[106.35046835109026,10.792017299089588],[106.35046565531016,10.792018531655044],[106.35046279664685,10.792019315550508],[106.3504598492265,10.792019630449294],[106.35045688947675,10.792019468185968],[106.35045399414496,10.79201883296807],[106.3504512383081,10.792017741267033],[106.35041165251295,10.791998280564648],[106.35040917515627,10.791996811695034],[106.35039728375268,10.791988424866886],[106.35039493697489,10.791986466614478],[106.35039295641663,10.791984138630914],[106.35039139949214,10.791981508401907],[106.35039031133496,10.791978652174942],[106.35038972348961,10.791975652748938],[106.35038965299707,10.791972597074004],[106.35039010190084,10.791969573730837],[106.35039105718771,10.791966670362875],[106.35039249116492,10.791963971135608],[106.35362628757872,10.786957775789807],[106.35362812110786,10.786955409426888],[106.35363031394901,10.786953371548028],[106.35363280810761,10.786951716049481],[106.35363553762006,10.786950486714591],[106.35363843029836,10.786949716055862],[106.35364140963915,10.786949424455079],[106.35364439684713,10.786949619624277],[106.35364731291894,10.78695029640177],[106.35365008073255,10.786951436888673]]},"properties":{"OBJECTID":230,"maNhanDang":" ","phienBan":0,"ngayPhienBan":1787739118000,"giaTriDoChinhXacMatPhang":0,"nguyenNhanThayDoi":null,"maDoiTuong":"KG05","loaiTrangThaiDuongBoNuoc":1,"loaiDuongBoNuoc":"Phá","SHAPE_Length":1339.6288121936414}},{"type":"Feature","id":231,"geometry":{"type":"LineString","coordinates":[[106.35036450136647,10.791965309258583],[106.35035036831172,10.791955342801433],[106.35034936845449,10.791954686559363],[106.35031523900673,10.791933815717059],[106.35031352442161,10.791932627192027],[106.35031195660865,10.791931250835827],[106.35029628563944,10.791915830235837],[106.35029425876337,10.791913460378847],[106.35029267033809,10.791910776845004],[106.35029156783649,10.791907859836437],[106.35028872585482,10.791897752131321],[106.35028821956686,10.791895315853168],[106.35028805631599,10.791892832885612],[106.35028823926226,10.791890351291487],[106.35028876486436,10.791887919107044],[106.35029792333145,10.791856366470073],[106.35029859847391,10.791854452929275],[106.35029948506876,10.79185262771551],[106.35032325781009,10.791809967933622],[106.35032391040214,10.791808890793275],[106.35083713453683,10.791022640320453],[106.3508372421045,10.791022471949741],[106.35131882809662,10.790266488044905],[106.35131897030749,10.790266267169191],[106.35175058896063,10.789609960500615],[106.35175059625438,10.789609949637281],[106.35235739813238,10.78868581393913],[106.35235760962485,10.788685486244837],[106.3528860466423,10.787841416972046],[106.35288647147178,10.787840770620182],[106.35331763118943,10.787213553103417],[106.3533182310105,10.787212618907509],[106.35349846849806,10.786912456754996],[106.35349959905042,10.786910792822901],[106.35351897238549,10.786885420481646],[106.35351971295869,10.786885370216709],[106.35352285925921,10.786885425915701],[106.35352595053084,10.786886014430031],[106.35354427094472,10.786891146525102],[106.35354642795113,10.786891897712756],[106.35354847526958,10.786892910356197],[106.35359951039483,10.786922242789149],[106.3536019240114,10.786923887224043],[106.3536040393529,10.786925900937378],[106.35360580053707,10.786928230731657],[106.35360716103762,10.786930815059286],[106.35360808491339,10.786933585648502],[106.3536085477578,10.786936469306962],[106.35360853734358,10.7869393898553],[106.35360805394586,10.786942270139612],[106.35360711033486,10.786945034069664],[106.35360573143853,10.786947608629035],[106.35036450136647,10.791965309258583]]},"properties":{"OBJECTID":231,"maNhanDang":" ","phienBan":0,"ngayPhienBan":1787739118000,"giaTriDoChinhXacMatPhang":0,"nguyenNhanThayDoi":null,"maDoiTuong":"KG05","loaiTrangThaiDuongBoNuoc":1,"loaiDuongBoNuoc":"Phá","SHAPE_Length":1340.8756903751696}},{"type":"Feature","id":232,"geometry":{"type":"LineString","coordinates":[[106.35547400587245,10.793567073348365],[106.35547259096738,10.793569758766727],[106.35547164609609,10.79357264331979],[106.35547119798268,10.793575645422802],[106.35547125930127,10.793578680166309],[106.35547182831758,10.793581661717678],[106.35547288893792,10.793584505748724],[106.35547441116445,10.793587131820797],[106.35547635194354,10.793589465659846],[106.35547865638347,10.793591441257146],[106.35548125930706,10.793593002736239],[106.35548408709494,10.793594105933304],[106.35548705976791,10.793594719646261],[106.35549009324886,10.793594826517269],[106.35549522281728,10.793594630234907],[106.35554858797398,10.793578566704984],[106.35559276316312,10.793510479630587],[106.35565108401107,10.793411969182378],[106.35639057368145,10.792295581687405],[106.35809007031263,10.78976103397128],[106.3581535351686,10.789646633477927],[106.35817940407841,10.789592040405632],[106.35819159138676,10.789546516974625],[106.35819152450655,10.789513246411842],[106.35818261237216,10.789489488035448],[106.35816098480751,10.789466875721834],[106.35815032363341,10.789460978464673],[106.35814753748352,10.789459725103589],[106.35814458215822,10.789458950766708],[106.35814153937605,10.789458676865433],[106.35813849327384,10.789458910973487],[106.35813552808023,10.78945964661748],[106.35813272578662,10.789460863455915],[106.35813016388003,10.789462527841646],[106.35812791320046,10.789464593752273],[106.3581260359821,10.789467004062715],[106.35547400587245,10.793567073348365]]},"properties":{"OBJECTID":232,"maNhanDang":" ","phienBan":0,"ngayPhienBan":1787739118000,"giaTriDoChinhXacMatPhang":0,"nguyenNhanThayDoi":null,"maDoiTuong":"KG05","loaiTrangThaiDuongBoNuoc":1,"loaiDuongBoNuoc":"Phá","SHAPE_Length":1095.4378182294067}},{"type":"Feature","id":233,"geometry":{"type":"LineString","coordinates":[[106.35803766533466,10.789398144607397],[106.35803487551085,10.789396872472505],[106.35803191298301,10.789396081983492],[106.35802886025098,10.78939579515373],[106.35802580232662,10.789396019970797],[106.35802282436636,10.78939675017403],[106.35802000929979,10.789397965428885],[106.35801743552032,10.7893996318932],[106.358015174702,10.789401703159628],[106.35801328980362,10.78940412154798],[106.35533645005265,10.793542546796703],[106.35533503090144,10.793545213564508],[106.35533407927839,10.7935480806282],[106.35533362216086,10.793551066709949],[106.35533367250758,10.793554087157906],[106.35533422889129,10.79355705634598],[106.35533527553918,10.793559890101239],[106.35533678278001,10.793562508090105],[106.35533870788534,10.793564836095724],[106.3553409962807,10.793566808121918],[106.35534358309283,10.793568368264104],[106.35536920919526,10.793581196055726],[106.35537135827293,10.793582105398249],[106.35537360520559,10.793582735265206],[106.35541673724425,10.793591935925086],[106.35541986638817,10.793592331740642],[106.35542301708109,10.79359218563914],[106.35542609616661,10.793591501940355],[106.35542901260547,10.793590300859192],[106.35543168016743,10.793588617907975],[106.35543401998076,10.793586502846473],[106.35543596286428,10.793584018210641],[106.35810496920051,10.789457704345512],[106.35810635528429,10.789455116317731],[106.35810730056339,10.789452336827951],[106.35810777970718,10.78944944035816],[106.35810777987605,10.78944650452506],[106.35810730106546,10.789443608000168],[106.35810635610611,10.789440828401665],[106.35810497032006,10.78943824021445],[106.35810318084224,10.789435912794175],[106.35810103562525,10.789433908508727],[106.35809859215452,10.789432281066938],[106.35809604321808,10.78942491242255],[106.35809234211153,10.789418049784032],[106.35808758523983,10.789411871906671],[106.35808189650808,10.789406539709358],[106.35807542409411,10.789402192083053],[106.35806833658879,10.789398942273001],[106.35806081860464,10.789396874928961],[106.35805306596713,10.789396043900293],[106.35804528061387,10.789396470833299],[106.35803766533466,10.789398144607397]]},"properties":{"OBJECTID":233,"maNhanDang":" ","phienBan":0,"ngayPhienBan":1787739118000,"giaTriDoChinhXacMatPhang":0,"nguyenNhanThayDoi":null,"maDoiTuong":"KG05","loaiTrangThaiDuongBoNuoc":1,"loaiDuongBoNuoc":"Phá","SHAPE_Length":1114.1756447733903}},{"type":"Feature","id":234,"geometry":{"type":"LineString","coordinates":[[106.3553141232138,10.793535196788575],[106.35799236159551,10.78939460999222],[106.35799374744306,10.789392022096045],[106.35799469253129,10.789389242781695],[106.35799517153698,10.789386346519693],[106.3579951716254,10.789383410914128],[106.35799469279415,10.789380514623282],[106.35799374787332,10.78937773525201],[106.35799236218166,10.789375147272366],[106.35799057284817,10.789372820028142],[106.35798842781725,10.789370815876838],[106.35798598456411,10.789369188518823],[106.35791141208395,10.789327404879224],[106.35790862226581,10.789326132711766],[106.35790565973618,10.789325342197154],[106.3579026069974,10.78932505535013],[106.35789954906407,10.789325280158989],[106.35789657109544,10.789326010363116],[106.35789375602383,10.789327225627328],[106.35789118224513,10.789328892108186],[106.35788892143553,10.789330963396488],[106.35788703655548,10.789333381809698],[106.35520735864974,10.793476189222984],[106.35520595083415,10.79347882927593],[106.35520500136938,10.793481666588209],[106.355204536665,10.793484622239427],[106.35520456964683,10.793487614017577],[106.35520509939749,10.793490558705766],[106.35520611118186,10.793493374396924],[106.35520757685696,10.793495982772054],[106.35520945565473,10.793498311278697],[106.35521169531609,10.793500295148988],[106.35521423354439,10.793501879201189],[106.35529024344733,10.793541441983738],[106.3553141232138,10.793535196788575]]},"properties":{"OBJECTID":234,"maNhanDang":" ","phienBan":0,"ngayPhienBan":1787739118000,"giaTriDoChinhXacMatPhang":0,"nguyenNhanThayDoi":null,"maDoiTuong":"KG05","loaiTrangThaiDuongBoNuoc":1,"loaiDuongBoNuoc":"Phá","SHAPE_Length":1118.5904937420594}},{"type":"Feature","id":235,"geometry":{"type":"LineString","coordinates":[[106.35510139041965,10.793443145675164],[106.35516155681526,10.793474461580981],[106.35516432474529,10.793475627893326],[106.35516724572297,10.793476327615098],[106.35517024167713,10.793476542044303],[106.35517323253262,10.79347626544973],[106.35517613835061,10.793475505224134],[106.35517888146511,10.793474281686633],[106.35518138855882,10.793472627539641],[106.35518359262277,10.79347058699479],[106.35518543474726,10.793468214591261],[106.35786610835589,10.789323870244882],[106.35786749409317,10.789321282219529],[106.35786843904329,10.789318502792918],[106.35786891788584,10.789315606441274],[106.35786891778994,10.789312670773885],[106.35786843875819,10.78930977445353],[106.35786749362649,10.789306995088658],[106.35786610772014,10.789304407153839],[106.35786431817526,10.789302079994167],[106.35786217294364,10.78930007596713],[106.35785972950794,10.789298448771703],[106.3578007032079,10.789265375362012],[106.35779791339459,10.789264103167119],[106.35779495086345,10.789263312630924],[106.35779189811902,10.789263025769333],[106.35778884017816,10.789263250571251],[106.35778586220249,10.789263980776092],[106.35778304712665,10.78926519604814],[106.3577804733486,10.789266862542883],[106.35777821254634,10.789268933849558],[106.35777632768171,10.789271352283658],[106.35509451736489,10.793417455690195],[106.35509310937405,10.793420095598147],[106.35509215971716,10.793422932798176],[106.35509169480964,10.793425888371422],[106.35509172758327,10.793428880106386],[106.3550922571264,10.793431824785705],[106.3550932687094,10.793434640500898],[106.35509473419431,10.793437248930726],[106.35509661281758,10.793439577519745],[106.35509885232388,10.793441561496495],[106.35510139041965,10.793443145675164]]},"properties":{"OBJECTID":235,"maNhanDang":" ","phienBan":0,"ngayPhienBan":1787739118000,"giaTriDoChinhXacMatPhang":0,"nguyenNhanThayDoi":null,"maDoiTuong":"KG05","loaiTrangThaiDuongBoNuoc":1,"loaiDuongBoNuoc":"Phá","SHAPE_Length":1115.8702787041625}},{"type":"Feature","id":236,"geometry":{"type":"LineString","coordinates":[[106.35498578104365,10.793382970962144],[106.3550487137102,10.793415728034532],[106.3550514818115,10.793416894521014],[106.3550544029887,10.793417594377674],[106.35505739916233,10.793417808898212],[106.35506039024843,10.793417532348759],[106.35506329629892,10.793416772121141],[106.35506603963871,10.793415548535297],[106.35506854694172,10.79341389429616],[106.35507075119087,10.793411853619491],[106.35507259346929,10.793409481050046],[106.35775539948955,10.789261840710887],[106.3577567854953,10.789259252669503],[106.35775773071185,10.789256473184695],[106.3577582098121,10.789253576732884],[106.35775820995853,10.789250640924628],[106.35775773114722,10.78924774442504],[106.35775678620793,10.789244964845956],[106.35775540046036,10.789242376666325],[106.35775361103568,10.789240049236533],[106.35775146588159,10.789238044920168],[106.35774902247761,10.789236417422977],[106.35768727915394,10.789201823212876],[106.35768448920662,10.789200551179931],[106.35768152656958,10.789199760828302],[106.35767847375116,10.78919947416898],[106.35767541577118,10.789199699185316],[106.35767243779324,10.789200429610691],[106.35766962275288,10.789201645103038],[106.3576670490479,10.789203311811354],[106.35766478835504,10.789205383318444],[106.35766290363371,10.789207801933623],[106.35497890617138,10.793357280977474],[106.35497749830373,10.79335992102024],[106.35497654879606,10.79336275833453],[106.35497608406027,10.793365713996524],[106.35497611702363,10.793368705790398],[106.35497664676919,10.793371650495272],[106.35497765856137,10.793374466200113],[106.35497912425576,10.793377074582201],[106.35498100308206,10.793379403085781],[106.3549832427781,10.793381386940313],[106.35498578104365,10.793382970962144]]},"properties":{"OBJECTID":236,"maNhanDang":" ","phienBan":0,"ngayPhienBan":1787739118000,"giaTriDoChinhXacMatPhang":0,"nguyenNhanThayDoi":null,"maDoiTuong":"KG05","loaiTrangThaiDuongBoNuoc":1,"loaiDuongBoNuoc":"Phá","SHAPE_Length":1117.4303862220349}},{"type":"Feature","id":237,"geometry":{"type":"LineString","coordinates":[[106.35487136720522,10.793323419499957],[106.35493310435439,10.79335555330058],[106.3549358721601,10.793356719700249],[106.3549387930243,10.793357419549396],[106.35494178888572,10.793357634144268],[106.35494477967872,10.793357357749723],[106.35494768547306,10.793356597752526],[106.35495042861025,10.793355374463911],[106.35495293577875,10.793353720576778],[106.3549551399735,10.793351680291947],[106.35495698228642,10.793349308136879],[106.35764197544556,10.789198288544526],[106.3576433612904,10.789195700648966],[106.35764430637734,10.789192921336095],[106.35764478538333,10.789190025075987],[106.35764478547368,10.789187089472243],[106.35764430664598,10.789184193182654],[106.35764336173011,10.789181413811615],[106.35764197604458,10.789178825830753],[106.357640186718,10.789176498583508],[106.35763804169433,10.789174494427115],[106.35763559844825,10.789172867061776],[106.35757502875398,10.789138930513104],[106.35757223894527,10.789137658297841],[106.3575692764141,10.789136867745247],[106.35756622366645,10.789136580872082],[106.35756316572085,10.789136805667715],[106.35756018774056,10.789137535871625],[106.35755737266183,10.789138751147757],[106.35755479888411,10.789140417650877],[106.35755253808669,10.789142488969155],[106.35755065323241,10.789144907416727],[106.35486449234418,10.793297729512037],[106.35486308450649,10.793300369559839],[106.35486213502287,10.793303206871988],[106.35486167030382,10.793306162526832],[106.35486170327579,10.793309154310951],[106.35486223302165,10.793312099005957],[106.35486324480617,10.793314914703286],[106.35486471048593,10.793317523082514],[106.35486658929212,10.793319851589915],[106.35486882896451,10.793321835456567],[106.35487136720522,10.793323419499957]]},"properties":{"OBJECTID":237,"maNhanDang":" ","phienBan":0,"ngayPhienBan":1787739118000,"giaTriDoChinhXacMatPhang":0,"nguyenNhanThayDoi":null,"maDoiTuong":"KG05","loaiTrangThaiDuongBoNuoc":1,"loaiDuongBoNuoc":"Phá","SHAPE_Length":1118.0172374949768}},{"type":"Feature","id":238,"geometry":{"type":"LineString","coordinates":[[106.35475631813246,10.793263536527428],[106.35481869053594,10.793296001817692],[106.35482145834183,10.793297168209785],[106.35482437920453,10.79329786805339],[106.35482737506341,10.793298082645043],[106.35483036585354,10.793297806249743],[106.35483327164549,10.793297046254207],[106.35483601478137,10.793295822969464],[106.35483852195034,10.793294169088043],[106.35484072614781,10.793292128810249],[106.35484256846618,10.793289756662904],[106.35752972505547,10.789135395827746],[106.35753111114708,10.789132807803291],[106.35753205643404,10.789130028315373],[106.35753253558546,10.789127131846067],[106.35753253576148,10.7891241960122],[106.3575320569574,10.789121299485457],[106.35753111200374,10.789118519884205],[106.3575297262225,10.789115931693557],[106.35752793674848,10.789113604269382],[106.35752579153434,10.789111599979782],[106.35752334806547,10.789109972533799],[106.35746215588972,10.789075686394517],[106.35745936594914,10.789074414326601],[106.35745640331082,10.789073623947244],[106.35745335048577,10.78907333726891],[106.35745029249669,10.789073562275735],[106.35744731451014,10.789074292701168],[106.35744449946452,10.789075508202487],[106.3574419257603,10.789077174927369],[106.35743966507643,10.789079246456685],[106.3574377803741,10.789081665097294],[106.35474944328267,10.793237846536265],[106.35474803541909,10.793240486579002],[106.35474708591413,10.793243323892144],[106.35474662117946,10.793246279552342],[106.35474665414222,10.793249271344276],[106.35474718388554,10.793252216047581],[106.35474819567393,10.793255031751716],[106.35474966136327,10.793257640134412],[106.3547515401836,10.793259968640299],[106.35475377987323,10.79326195249913],[106.35475631813246,10.793263536527428]]},"properties":{"OBJECTID":238,"maNhanDang":" ","phienBan":0,"ngayPhienBan":1787739118000,"giaTriDoChinhXacMatPhang":0,"nguyenNhanThayDoi":null,"maDoiTuong":"KG05","loaiTrangThaiDuongBoNuoc":1,"loaiDuongBoNuoc":"Phá","SHAPE_Length":1119.0545020799764}},{"type":"Feature","id":239,"geometry":{"type":"LineString","coordinates":[[106.35463968366402,10.793202830264633],[106.35470364148324,10.793236118824343],[106.35470640928227,10.793237285265976],[106.35470933014903,10.793237985148069],[106.35471232601904,10.793238199765241],[106.35471531682322,10.793237923381527],[106.35471822262789,10.793237163383695],[106.35472096577116,10.793235940083809],[106.35472347293845,10.79323428617637],[106.35472567712198,10.7932322458645],[106.35472751941171,10.793229873678559],[106.35741685220113,10.789072151692029],[106.35741823799155,10.789069563786923],[106.35741918303484,10.789066784477447],[106.35741966201036,10.789063888229807],[106.35741966208491,10.789060952643332],[106.3574191832565,10.789058056371365],[106.3574182383544,10.78905527701389],[106.35741685269544,10.789052689038396],[106.35741506340563,10.78905036178466],[106.35741291842554,10.789048357606928],[106.35741047522575,10.789046730203252],[106.35734772681445,10.789011571929814],[106.35734493700052,10.789010299761042],[106.35734197447493,10.789009509243931],[106.3573389217398,10.789009222393252],[106.3573358638094,10.789009447197392],[106.35733288584275,10.789010177395873],[106.35733007077197,10.789011392653713],[106.35732749699274,10.789013059127717],[106.35732523618113,10.789015130408966],[106.35732335129751,10.789017548815245],[106.35463280882205,10.79317713846198],[106.3546314007008,10.793179778631728],[106.35463045098689,10.793182616120985],[106.35462998610049,10.793185571993511],[106.35463001897428,10.793188564019761],[106.35463054869373,10.793191508964425],[106.35463156052258,10.793194324901952],[106.3546330263127,10.793196933495656],[106.3546349052872,10.793199262176953],[106.35463714517482,10.793201246164156],[106.35463968366402,10.793202830264633]]},"properties":{"OBJECTID":239,"maNhanDang":" ","phienBan":0,"ngayPhienBan":1787739118000,"giaTriDoChinhXacMatPhang":0,"nguyenNhanThayDoi":null,"maDoiTuong":"KG05","loaiTrangThaiDuongBoNuoc":1,"loaiDuongBoNuoc":"Phá","SHAPE_Length":1120.3348734121662}},{"type":"Feature","id":240,"geometry":{"type":"LineString","coordinates":[[106.3545206674119,10.793140882765412],[106.35458700520267,10.793175410735817],[106.354589773158,10.79317657747279],[106.35459269423608,10.793177277583236],[106.35459569035454,10.793177492352738],[106.35459868142513,10.793177216040361],[106.35460158749453,10.793176456032123],[106.35460433088151,10.793175232643552],[106.35460683825355,10.793173578576651],[106.35460904258687,10.793171538045735],[106.35461088495818,10.793169165595572],[106.35730219706171,10.789008386634265],[106.35730359230351,10.789005776372848],[106.35730453929949,10.789002972203996],[106.35730501226455,10.789000050480466],[106.35730499832066,10.788997090755831],[106.35730449784749,10.788994173618375],[106.35730352447207,10.788991378496798],[106.35730210469777,10.788988781497519],[106.35730027718262,10.78898645333242],[106.35729809168677,10.788984457393486],[106.35729560771756,10.78898284802675],[106.35722998891842,10.788947205340211],[106.3572272080751,10.788945978740529],[106.357224263064,10.788945227377786],[106.35722123447958,10.788944971814104],[106.35721820520341,10.788945219043351],[106.35721525813601,10.788945962299746],[106.3572124739281,10.788947181243003],[106.35720992877354,10.788948842514992],[106.35720769232414,10.788950900652612],[106.35720582578357,10.788953299331968],[106.35451379258159,10.793115190959385],[106.35451238438438,10.793117831115003],[106.35451143460848,10.793120668608049],[106.35451096967745,10.793123624497115],[106.35451100252602,10.793126616546918],[106.35451153224035,10.793129561516148],[106.35451254408333,10.793132377473324],[106.35451400990468,10.793134986076181],[106.35451588892398,10.793137314751226],[106.35451812886541,10.793139298712788],[106.3545206674119,10.793140882765412]]},"properties":{"OBJECTID":240,"maNhanDang":" ","phienBan":0,"ngayPhienBan":1787739118000,"giaTriDoChinhXacMatPhang":0,"nguyenNhanThayDoi":null,"maDoiTuong":"KG05","loaiTrangThaiDuongBoNuoc":1,"loaiDuongBoNuoc":"Phá","SHAPE_Length":1121.6333956603446}},{"type":"Feature","id":241,"geometry":{"type":"LineString","coordinates":[[106.35437959415476,10.793067454704232],[106.35446798897134,10.793113463215072],[106.35447075693169,10.793114629904998],[106.35447367800438,10.79311532997948],[106.35447667411083,10.793115544725932],[106.35447966516688,10.793115268404307],[106.35448257122334,10.793114508400523],[106.35448531460302,10.793113285029031],[106.354487821977,10.793111630989841],[106.35449002632464,10.793109590494453],[106.35449186872499,10.793107218084108],[106.35718447282653,10.788944443116476],[106.35718586808653,10.78894183285882],[106.35718681509761,10.78893902868951],[106.35718728807387,10.788936106962462],[106.35718727413681,10.788933147232532],[106.35718677366586,10.788930230089351],[106.35718580028825,10.788927434962964],[106.35718438050777,10.788924837961059],[106.35718255298322,10.788922509796647],[106.35718036747573,10.788920513862644],[106.35717788349388,10.788918904505758],[106.35709044855719,10.788871412115569],[106.35708766771754,10.788870185496101],[106.35708472270565,10.788869434117679],[106.3570816941175,10.788869178543234],[106.35707866483625,10.788869425767059],[106.35707571776405,10.788870169023394],[106.35707293355324,10.788871387971588],[106.35707038839915,10.788873049252764],[106.35706815195483,10.788875107402749],[106.35706628542495,10.788877506096282],[106.35437271933829,10.793041762894209],[106.35437131121579,10.793044403062858],[106.35437036150019,10.793047240551145],[106.35436989661164,10.79305019642295],[106.3543699294829,10.793053188448846],[106.35437045919952,10.793056133393636],[106.35437147102527,10.793058949331865],[106.3543729368122,10.793061557926922],[106.35437481578354,10.793063886610275],[106.35437705566819,10.793065870600257],[106.35437959415476,10.793067454704232]]},"properties":{"OBJECTID":241,"maNhanDang":" ","phienBan":0,"ngayPhienBan":1787739118000,"giaTriDoChinhXacMatPhang":0,"nguyenNhanThayDoi":null,"maDoiTuong":"KG05","loaiTrangThaiDuongBoNuoc":1,"loaiDuongBoNuoc":"Phá","SHAPE_Length":1127.6542960390702}},{"type":"Feature","id":242,"geometry":{"type":"LineString","coordinates":[[106.35425742360064,10.793003865997319],[106.3543269175713,10.793040036932975],[106.35432968549704,10.793041203236152],[106.35433260646816,10.793041902952995],[106.35433560241479,10.793042117381907],[106.35433859326315,10.793041840791769],[106.35434149907572,10.79304108057511],[106.35434424218774,10.79303985705052],[106.35434674928304,10.793038202919602],[106.35434895335356,10.793036162392928],[106.35435079549029,10.793033790008415],[106.35704493247692,10.788868649870601],[106.35704632787922,10.788866039750319],[106.35704727505536,10.788863235693839],[106.35704774821525,10.788860314051295],[106.35704773447544,10.788857354374514],[106.35704723421007,10.788854437250935],[106.35704626104057,10.788851642109339],[106.35704484146484,10.788849045057125],[106.35704301413577,10.788846716808024],[106.35704082880869,10.78884472075667],[106.35703834498671,10.788843111252469],[106.35696960651588,10.788805774926587],[106.35696682552727,10.788804547977584],[106.35696388030264,10.788803796343799],[106.35696085145862,10.788803540598947],[106.35695782190071,10.788803787743273],[106.35695487455391,10.788804531011944],[106.35695209009296,10.788805750060222],[106.35694954473409,10.788807411520333],[106.35694730814883,10.788809469914813],[106.35694544155696,10.788811868901323],[106.35425055062501,10.792978174180259],[106.35424914231476,10.792980814201611],[106.35424819239684,10.7929836515783],[106.35424772729787,10.792986607374889],[106.35424775995683,10.792989599361505],[106.35424828946516,10.792992544301478],[106.35424930109201,10.792995360266971],[106.35425076669404,10.792997968918195],[106.35425264549841,10.793000297682818],[106.35425488523701,10.793002281774921],[106.35425742360064,10.793003865997319]]},"properties":{"OBJECTID":242,"maNhanDang":" ","phienBan":0,"ngayPhienBan":1787739118000,"giaTriDoChinhXacMatPhang":0,"nguyenNhanThayDoi":null,"maDoiTuong":"KG05","loaiTrangThaiDuongBoNuoc":1,"loaiDuongBoNuoc":"Phá","SHAPE_Length":1123.5651992301523}},{"type":"Feature","id":243,"geometry":{"type":"LineString","coordinates":[[106.35415059854938,10.792948262985842],[106.35420474703488,10.792976446395762],[106.35420751482489,10.792977612884295],[106.35421043569285,10.792978312803827],[106.35421343157088,10.792978527447174],[106.35421642238629,10.792978251077425],[106.35421932820165,10.79297749108129],[106.3542220713514,10.792976267771666],[106.35422457851766,10.792974613844716],[106.35422678268981,10.79297257350599],[106.35422862495557,10.792970201288908],[106.35692409044196,10.788803010855059],[106.35692548564843,10.788800400588334],[106.35692643261669,10.788797596422754],[106.35692690556326,10.78879467470836],[106.35692689161108,10.788791714995737],[106.35692639114002,10.788788797870065],[106.35692541777658,10.788786002756993],[106.35692399802289,10.788783405760084],[106.35692217053511,10.788781077588725],[106.35691998507092,10.788779081632887],[106.35691750113473,10.788777472237191],[106.35686394208645,10.788748380401188],[106.3568611612468,10.788747153792972],[106.35685821623754,10.788746402422678],[106.35685518765357,10.788746146852755],[106.35685215837694,10.788746394077286],[106.35684921130866,10.788747137330574],[106.35684642709998,10.788748356272301],[106.35684388194525,10.788750017544173],[106.35684164549669,10.788752075682822],[106.3568397789583,10.788754474363985],[106.3541437255878,10.792922572973946],[106.35414231756725,10.792925212873344],[106.35414136788373,10.792928050071238],[106.35414090295383,10.792931005647471],[106.35414093571018,10.792933997389056],[106.3541414652416,10.792936942077013],[106.35414247681851,10.792939757801221],[106.35414394230268,10.792942366238846],[106.35414582092986,10.792944694832979],[106.35414806044369,10.792946678810909],[106.35415059854938,10.792948262985842]]},"properties":{"OBJECTID":243,"maNhanDang":" ","phienBan":0,"ngayPhienBan":1787739118000,"giaTriDoChinhXacMatPhang":0,"nguyenNhanThayDoi":null,"maDoiTuong":"KG05","loaiTrangThaiDuongBoNuoc":1,"loaiDuongBoNuoc":"Phá","SHAPE_Length":1120.279105107518}},{"type":"Feature","id":244,"geometry":{"type":"LineString","coordinates":[[106.3540366537012,10.792888954386182],[106.35409792200586,10.792920845173141],[106.35410068996798,10.792922011829274],[106.35410361103486,10.792922711878642],[106.35410660713086,10.792922926610006],[106.35410959817494,10.792922650283922],[106.35411250422109,10.792921890286165],[106.35411524759516,10.792920666930307],[106.35411775497097,10.792919012914771],[106.35411995933021,10.792916972448854],[106.35412180175375,10.792914600071075],[106.35681842602494,10.788745618121792],[106.3568198212909,10.788743007866438],[106.35682076830777,10.788740203698262],[106.35682124128947,10.788737281971301],[106.35682122735727,10.788734322240568],[106.35682072689055,10.788731405095874],[106.35681975351638,10.78872860996746],[106.35681833373854,10.788726012963222],[106.35681650621584,10.788723684796372],[106.35681432070945,10.788721688860015],[106.35681183672801,10.788720079501028],[106.35675123450797,10.788687162663763],[106.35674845364812,10.788685935599313],[106.35674550853507,10.788685183816316],[106.35674247977774,10.788684927891381],[106.35673945027442,10.788685174829277],[106.35673650294389,10.788685917871213],[106.35673371845576,10.788687136679828],[106.3567311730226,10.788688797895839],[106.35672893631394,10.788690856051087],[106.35672706954944,10.78869325481303],[106.35402977892193,10.792863264374624],[106.35402837100966,10.792865904406153],[106.35402742146326,10.792868741719152],[106.35402695669647,10.792871697387477],[106.3540269896378,10.792874689192669],[106.35402751937092,10.792877633911033],[106.35402853116013,10.792880449628708],[106.35402999686025,10.792883058020269],[106.35403187569962,10.792885386527528],[106.35403411541415,10.792887370377898],[106.3540366537012,10.792888954386182]]},"properties":{"OBJECTID":244,"maNhanDang":" ","phienBan":0,"ngayPhienBan":1787739118000,"giaTriDoChinhXacMatPhang":0,"nguyenNhanThayDoi":null,"maDoiTuong":"KG05","loaiTrangThaiDuongBoNuoc":1,"loaiDuongBoNuoc":"Phá","SHAPE_Length":1122.5246091020726}},{"type":"Feature","id":245,"geometry":{"type":"LineString","coordinates":[[106.35391789033558,10.792827139953397],[106.35398397717756,10.792861536552854],[106.35398674497041,10.792862703006749],[106.3539896658335,10.792863402900142],[106.35399266170184,10.792863617527205],[106.35399565250582,10.792863341151671],[106.35399855831118,10.792862581160138],[106.35400130145537,10.792861357864661],[106.35400380862328,10.792859703959868],[106.35400601280658,10.792857663649146],[106.35400785509481,10.792855291463232],[106.35670571845218,10.788684398559022],[106.35670711375325,10.788681788310541],[106.35670806079895,10.788678984141033],[106.35670853380164,10.788676062406845],[106.35670851988165,10.788673102665566],[106.35670801941802,10.788670185509696],[106.35670704603817,10.78866739037216],[106.35670562624679,10.788664793363367],[106.35670379870423,10.788662465198769],[106.3567016131737,10.788660469273303],[106.35669912916624,10.788658859935174],[106.35663376132733,10.788623354044709],[106.35663098033928,10.788622127108486],[106.35662803511819,10.788621375483725],[106.35662500627946,10.788621119743594],[106.35662197672724,10.788621366888108],[106.35661902938521,10.788622110152527],[106.35661624492683,10.78862332919252],[106.35661369956713,10.788624990641015],[106.3566114629767,10.788627049021521],[106.35660959637458,10.788629447992875],[106.35391101739319,10.792801448126736],[106.3539096091195,10.792804088153565],[106.3539086592304,10.792806925526847],[106.35390819415078,10.792809881313946],[106.35390822681862,10.792812873288087],[106.35390875632517,10.792815818215804],[106.35390976794011,10.792818634172416],[106.35391123352143,10.792821242821079],[106.35391311229824,10.792823571592027],[106.35391535200503,10.792825555701386],[106.35391789033558,10.792827139953397]]},"properties":{"OBJECTID":245,"maNhanDang":" ","phienBan":0,"ngayPhienBan":1787739118000,"giaTriDoChinhXacMatPhang":0,"nguyenNhanThayDoi":null,"maDoiTuong":"KG05","loaiTrangThaiDuongBoNuoc":1,"loaiDuongBoNuoc":"Phá","SHAPE_Length":1124.2272000888092}},{"type":"Feature","id":246,"geometry":{"type":"LineString","coordinates":[[106.35649041979208,10.788565235811854],[106.35379076574253,10.792738891571821],[106.35378934814344,10.79274155446503],[106.35378839672465,10.792744417224139],[106.35378793838245,10.792747398919941],[106.35378798607402,10.792750415260924],[106.35378853845111,10.792753380976178],[106.35378957989823,10.792756212225958],[106.35379108097403,10.792758828971813],[106.35379299924361,10.792761157239244],[106.35379528047817,10.79276313120894],[106.35379786018797,10.792764695077457],[106.35379961216771,10.79276557767216],[106.35379983185371,10.79276568935129],[106.35386521382905,10.792799720290398],[106.35386798161835,10.792800886766781],[106.35387090248283,10.792801586677813],[106.3538738983558,10.792801801316804],[106.3538768891658,10.792801524947039],[106.35387979497671,10.792800764955127],[106.35388253812418,10.792799541653562],[106.35388504529141,10.792797887737834],[106.3538872494687,10.792795847412568],[106.35388909174446,10.792793475210058],[106.35658819423367,10.788620669582526],[106.35658959297731,10.788618051290641],[106.35659054073959,10.788615238163754],[106.35659101156277,10.788612307248926],[106.35659099255177,10.788609338819242],[106.35659048422728,10.788606414175263],[106.35658950051149,10.788603613418323],[106.3565880683468,10.788601013256692],[106.35658622695793,10.788598684904651],[106.35658402677758,10.788596692132055],[106.35658152806518,10.78859508951777],[106.35651450601985,10.788559100438986],[106.35649041979208,10.788565235811854]]},"properties":{"OBJECTID":246,"maNhanDang":" ","phienBan":0,"ngayPhienBan":1787739118000,"giaTriDoChinhXacMatPhang":0,"nguyenNhanThayDoi":null,"maDoiTuong":"KG05","loaiTrangThaiDuongBoNuoc":1,"loaiDuongBoNuoc":"Phá","SHAPE_Length":1124.7896850372297}},{"type":"Feature","id":247,"geometry":{"type":"LineString","coordinates":[[106.35817388690953,10.789656853156485],[106.35810961480898,10.789772709024414],[106.356409624145,10.792307993742462],[106.35567048460247,10.793423852603041],[106.35561221844358,10.793522272538052],[106.35556326090708,10.79359773011794],[106.35549905346394,10.793617056954895],[106.35546356162176,10.793618424693227],[106.35541491356122,10.793614623240995],[106.3553636231353,10.79360368279124],[106.35529124834913,10.793567456260504],[106.35378923143044,10.792785665231852],[106.35372952868212,10.792755604831255],[106.3537017241689,10.792742589477921],[106.35368583278273,10.792734125602204],[106.35366530604968,10.792722401559883],[106.353648085885,10.792710672873445],[106.35356128661832,10.792657609057349],[106.35353784374118,10.792633491928626],[106.35353001311343,10.792616349278163],[106.3535430532508,10.792589960417962],[106.35619375701779,10.788505634939625],[106.35622029377609,10.788467497048829],[106.35625302472795,10.788420204812263],[106.35628912336544,10.788418956975226],[106.3564577380147,10.788502005944258],[106.35733461860684,10.788978299827875],[106.35812078541065,10.789418789953627],[106.35817516600125,10.789448872640277],[106.35820238510343,10.78947733250045],[106.35821433107536,10.789509176564168],[106.35821441199617,10.789549430328581],[106.3582009340757,10.78959977331438],[106.35817388690953,10.789656853156485]]},"properties":{"OBJECTID":247,"maNhanDang":" ","phienBan":0,"ngayPhienBan":1787739118000,"giaTriDoChinhXacMatPhang":0,"nguyenNhanThayDoi":null,"maDoiTuong":"KG05","loaiTrangThaiDuongBoNuoc":1,"loaiDuongBoNuoc":"Phá","SHAPE_Length":1588.7592217224026}},{"type":"Feature","id":248,"geometry":{"type":"LineString","coordinates":[[106.34654501597846,10.78472267501961],[106.34665157345428,10.784781071467215],[106.3474214622284,10.78355456816748],[106.3474228122094,10.783551963022369],[106.34742372031145,10.783549172936278],[106.34742416233111,10.78354627227284],[106.34742412648728,10.783543338342888],[106.34742361373532,10.783540449343896],[106.34742263774149,10.783537682275806],[106.3474212245188,10.78353511088876],[106.34741941173357,10.783532803717444],[106.34741724770164,10.783530822254455],[106.34741479010054,10.783529219311355],[106.34732467521992,10.783479834168832],[106.34654501597846,10.78472267501961]]},"properties":{"OBJECTID":248,"maNhanDang":" ","phienBan":0,"ngayPhienBan":1787739118000,"giaTriDoChinhXacMatPhang":0,"nguyenNhanThayDoi":null,"maDoiTuong":"KG05","loaiTrangThaiDuongBoNuoc":1,"loaiDuongBoNuoc":"Phá","SHAPE_Length":349.2594103521887}},{"type":"Feature","id":249,"geometry":{"type":"LineString","coordinates":[[106.34721163750214,10.783437545163549],[106.34645127888489,10.784649616506123],[106.34644992975126,10.78465222167149],[106.34644902243167,10.784655011621183],[106.34644858110272,10.784657912013721],[106.34644861752412,10.784660845564744],[106.34644913072538,10.784663734106347],[106.34645010703164,10.784666500669953],[106.3464515204281,10.784669071537232],[106.34645333325315,10.784671378204411],[106.34645549720193,10.784673359207639],[106.3464579546135,10.784674961760768],[106.34651734176188,10.784707508766191],[106.34652015645729,10.78470875990045],[106.34652314037228,10.784709524163851],[106.34652620995132,10.784709780155504],[106.34652927924012,10.784709520707137],[106.34653226229253,10.784708753083819],[106.34653507557715,10.78470749878052],[106.34653764031648,10.784705792920215],[106.34653988469273,10.78470368327037],[106.34654174585891,10.784701228905353],[106.34730245755979,10.783489350152282],[106.34730380766919,10.783486744745593],[106.34730471582596,10.783483954370942],[106.34730515782203,10.783481053409227],[106.34730512187548,10.783478119189187],[106.34730460894448,10.783475229926097],[106.34730363270187,10.783472462636853],[106.34730221917059,10.783469891086986],[106.34730040603009,10.783467583824345],[106.34729824161184,10.783465602351887],[106.34729578361114,10.783463999488212],[106.34723604330247,10.783431261633831],[106.34721163750214,10.783437545163549]]},"properties":{"OBJECTID":249,"maNhanDang":" ","phienBan":0,"ngayPhienBan":1787739118000,"giaTriDoChinhXacMatPhang":0,"nguyenNhanThayDoi":null,"maDoiTuong":"KG05","loaiTrangThaiDuongBoNuoc":1,"loaiDuongBoNuoc":"Phá","SHAPE_Length":342.69594981831034}},{"type":"Feature","id":250,"geometry":{"type":"LineString","coordinates":[[106.34709135686634,10.78337162794349],[106.34633099973131,10.784583699009156],[106.34632965031861,10.784586304299314],[106.3463287427731,10.784589094427016],[106.34632830128048,10.784591995036559],[106.34632833760635,10.784594928827941],[106.34632885078264,10.784597817616881],[106.34632982713342,10.784600584418394],[106.34633124063936,10.784603155498404],[106.34633305363111,10.784605462338734],[106.34633521779327,10.784607443463075],[106.34633767545179,10.784609046075314],[106.34641347925862,10.784650589797659],[106.34641629396619,10.784651840837356],[106.34641927787169,10.784652605027834],[106.34642234742728,10.784652860972159],[106.34642541668703,10.784652601504025],[106.34642839971322,10.7846518338884],[106.34643121298269,10.784650579618129],[106.34643377772537,10.784648873812126],[106.34643602212975,10.784646764232074],[106.34643788335372,10.784644309945122],[106.34719859535379,10.783432431428224],[106.34719994546546,10.783429826022271],[106.34720085362434,10.783427035647895],[106.34720129562228,10.783424134686069],[106.34720125967731,10.783421200465614],[106.34720074674752,10.78341831120191],[106.34719977050577,10.78341554391195],[106.34719835697497,10.783412972361361],[106.34719654383463,10.783410665098096],[106.34719437941627,10.783408683625186],[106.34719192141523,10.783407080761311],[106.34711576449327,10.783365344419847],[106.34709135686634,10.78337162794349]]},"properties":{"OBJECTID":250,"maNhanDang":" ","phienBan":0,"ngayPhienBan":1787739118000,"giaTriDoChinhXacMatPhang":0,"nguyenNhanThayDoi":null,"maDoiTuong":"KG05","loaiTrangThaiDuongBoNuoc":1,"loaiDuongBoNuoc":"Phá","SHAPE_Length":346.80172750734516}},{"type":"Feature","id":251,"geometry":{"type":"LineString","coordinates":[[106.34707163530229,10.783341159926763],[106.34699992172294,10.783301859666242],[106.34699710664601,10.783300608324454],[106.34699412229449,10.783299844020563],[106.34699105226967,10.783299588165173],[106.3469879825728,10.783299847925615],[106.34698499919594,10.783300616025166],[106.34698218571306,10.783301870946888],[106.34697962093887,10.783303577536394],[106.34697737672093,10.78330568798663],[106.34697551592697,10.783308143177102],[106.34621515662931,10.784520213983035],[106.34621380728284,10.784522819284431],[106.3462128997907,10.784525609407963],[106.34621245833574,10.784528510002522],[106.34621249468181,10.784531443773176],[106.34621300786037,10.784534332540915],[106.34621398419625,10.784537099325966],[106.34621539767211,10.784539670399147],[106.34621721062167,10.784541977246596],[106.34621937473354,10.784543958395531],[106.34622183233854,10.784545561052369],[106.34629319278615,10.784584666875125],[106.34629600747425,10.784585918051505],[106.34629899139151,10.784586682348095],[106.34630206097913,10.784586938362263],[106.34630513027932,10.784586678924834],[106.34630811334232,10.784585911300846],[106.34631092663327,10.784584656986109],[106.34631349137145,10.784582951105259],[106.34631573573638,10.784580841428156],[106.34631759687902,10.784578387032193],[106.34707830739679,10.78336650879235],[106.34707163530229,10.783341159926763]]},"properties":{"OBJECTID":251,"maNhanDang":" ","phienBan":0,"ngayPhienBan":1787739118000,"giaTriDoChinhXacMatPhang":0,"nguyenNhanThayDoi":null,"maDoiTuong":"KG05","loaiTrangThaiDuongBoNuoc":1,"loaiDuongBoNuoc":"Phá","SHAPE_Length":345.63224893318369}},{"type":"Feature","id":252,"geometry":{"type":"LineString","coordinates":[[106.34687191015006,10.783251364881268],[106.34611155055384,10.784463435451711],[106.34611020146312,10.784466040623501],[106.34610929417741,10.784468830569468],[106.34610885287141,10.784471730951317],[106.34610888930375,10.784474664488181],[106.34610940250369,10.784477553015778],[106.34611037879696,10.784480319569099],[106.34611179217019,10.784482890433148],[106.34611360496396,10.784485197107085],[106.34611576887623,10.784487178129428],[106.34611822624943,10.784488780715707],[106.34617735701683,10.784521187244929],[106.34618017200482,10.784522438472159],[106.34618315623136,10.784523202748899],[106.34618622612236,10.784523458671368],[106.34618929570463,10.784523199072387],[106.34619227901369,10.784522431222099],[106.34619509250112,10.784521176624363],[106.34619765737442,10.784519470414542],[106.34619990180359,10.784517360375521],[106.34620176293278,10.784514905599535],[106.34696247378776,10.783303029431281],[106.34696382391095,10.783300424028113],[106.34696473207978,10.783297633654001],[106.34696517408565,10.783294732690521],[106.34696513814625,10.783291798467173],[106.34696462521957,10.783288909200046],[106.34696364897846,10.783286141906856],[106.34696223544607,10.783283570353925],[106.3469604223022,10.783281263089821],[106.34695825787892,10.783279281618103],[106.34695579987215,10.783277678757852],[106.34689631776935,10.783245079566955],[106.34687191015006,10.783251364881268]]},"properties":{"OBJECTID":252,"maNhanDang":" ","phienBan":0,"ngayPhienBan":1787739118000,"giaTriDoChinhXacMatPhang":0,"nguyenNhanThayDoi":null,"maDoiTuong":"KG05","loaiTrangThaiDuongBoNuoc":1,"loaiDuongBoNuoc":"Phá","SHAPE_Length":342.63202857184865}},{"type":"Feature","id":253,"geometry":{"type":"LineString","coordinates":[[106.34675199215093,10.783185645723362],[106.34599163403796,10.784397716017757],[106.34599028463425,10.784400321308393],[106.34598937709517,10.784403111434278],[106.34598893560593,10.784406012040579],[106.34598897193194,10.784408945828245],[106.34598948510514,10.784411834613966],[106.34599046144979,10.784414601413697],[106.34599187494706,10.784417172494233],[106.34599368792826,10.784419479338148],[106.34599585207874,10.784421460469721],[106.34599830972549,10.784423063093238],[106.34607376009855,10.784464412299384],[106.34607657480105,10.78446566335897],[106.34607955870591,10.784466427565741],[106.34608262826396,10.784466683521943],[106.34608569752774,10.784466424060817],[106.34608868055801,10.784465656447262],[106.3460914938301,10.784464402174416],[106.34609405857253,10.784462696361853],[106.34609630297264,10.784460586772237],[106.34609816418735,10.784458132473965],[106.34685887533719,10.783246254733108],[106.34686022560159,10.783243649465431],[106.34686113393421,10.783240859202822],[106.34686157612238,10.78323795832309],[106.34686154037904,10.783235024152678],[106.34686102765694,10.783232134905431],[106.34686005162334,10.783229367597714],[106.34685863829556,10.783226795995448],[106.34685682534759,10.783224488647788],[106.34685466110571,10.783222507059863],[106.34685220326041,10.783220904053287],[106.34677639977156,10.783179362226825],[106.34675199215093,10.783185645723362]]},"properties":{"OBJECTID":253,"maNhanDang":" ","phienBan":0,"ngayPhienBan":1787739118000,"giaTriDoChinhXacMatPhang":0,"nguyenNhanThayDoi":null,"maDoiTuong":"KG05","loaiTrangThaiDuongBoNuoc":1,"loaiDuongBoNuoc":"Phá","SHAPE_Length":346.7131007875314}},{"type":"Feature","id":254,"geometry":{"type":"LineString","coordinates":[[106.34595063056116,10.784396932428454],[106.34595387288257,10.784398709067736],[106.34595668757251,10.784399960213293],[106.34595967148445,10.784400724486913],[106.34596274106235,10.784400980487277],[106.34596581035132,10.784400721045811],[106.34596879340457,10.784399953427444],[106.34597160669009,10.784398699127166],[106.34597417142976,10.784396993268125],[106.34597641580525,10.784394883618095],[106.34597827696918,10.784392429251886],[106.34673898846431,10.783180551783657],[106.34674033849213,10.783177946648969],[106.3467412466339,10.783175156562889],[106.34674168868425,10.783172255891705],[106.34674165286087,10.783169321949218],[106.34674114011858,10.783166432936035],[106.3467401641239,10.783163665855225],[106.34673875089075,10.783161094459903],[106.34673693808712,10.783158787287427],[106.34673477403105,10.783156805832624],[106.34673231640276,10.783155202908722],[106.34672389664259,10.783150588347709]]},"properties":{"OBJECTID":254,"maNhanDang":" ","phienBan":0,"ngayPhienBan":1787739118000,"giaTriDoChinhXacMatPhang":0,"nguyenNhanThayDoi":null,"maDoiTuong":"KG05","loaiTrangThaiDuongBoNuoc":1,"loaiDuongBoNuoc":"Phá","SHAPE_Length":165.50201340391351}},{"type":"Feature","id":255,"geometry":{"type":"LineString","coordinates":[[106.34857753304954,10.784184890593629],[106.34781718202588,10.785396963225109],[106.3478158323235,10.785399569764577],[106.34781492489252,10.785402361236144],[106.34781448393642,10.785405263184149],[106.34781452121662,10.785408198206243],[106.34781503573879,10.785411088017907],[106.34781601377928,10.785413855540499],[106.34781742925128,10.785416426957138],[106.34781924440054,10.78541873368159],[106.34782141081239,10.785420714187635],[106.34782387070311,10.785422315650134],[106.34788391892819,10.78545516126041],[106.34788673311633,10.785456409525604],[106.34788971598098,10.785457171325685],[106.34789278408971,10.785457425352662],[106.34789585162575,10.785457164501253],[106.34789883278839,10.785456396067621],[106.34790164419277,10.785455141545297],[106.34790420720232,10.785453436023989],[106.34790645012818,10.785451327208103],[106.34790831023443,10.785448874082423],[106.34866901434489,10.784236995845481],[106.34867036511616,10.784234389191546],[106.34867127350893,10.784231597408896],[106.34867171528616,10.784228694985657],[106.34867167866069,10.784225759361982],[106.34867116460975,10.784222868863857],[106.34867018684885,10.784220100613258],[106.34866877146581,10.784217528470451],[106.34866695622476,10.784215221063311],[106.34866478955853,10.784213239956243],[106.34866232927638,10.784211638007578],[106.34860192788791,10.784178599743312],[106.34857753304954,10.784184890593629]]},"properties":{"OBJECTID":255,"maNhanDang":" ","phienBan":0,"ngayPhienBan":1787739118000,"giaTriDoChinhXacMatPhang":0,"nguyenNhanThayDoi":null,"maDoiTuong":"KG05","loaiTrangThaiDuongBoNuoc":1,"loaiDuongBoNuoc":"Phá","SHAPE_Length":342.85418297088268}},{"type":"Feature","id":256,"geometry":{"type":"LineString","coordinates":[[106.34845571605615,10.784118259054422],[106.34769536467749,10.785330329600889],[106.34769401494468,10.785332936134632],[106.34769310748869,10.785335727607446],[106.34769266651436,10.785338629561696],[106.34769270378388,10.785341564592839],[106.34769321830315,10.785344454414071],[106.34769419634829,10.785347221944477],[106.34769561183163,10.785349793365041],[106.34769742699767,10.785352100087628],[106.34769959343002,10.78535408058446],[106.3477020533429,10.785355682029257],[106.34777945197537,10.78539801792234],[106.34778226615114,10.785399266273313],[106.34778524902299,10.785400028140048],[106.34778831715163,10.78540028221099],[106.34779138471289,10.785400021379065],[106.34779436589849,10.785399252940474],[106.34779717731628,10.785397998390598],[106.34779974032304,10.785396292822719],[106.34780198322426,10.785394183946355],[106.34780384327971,10.785391730752695],[106.3485645476914,10.784179852753294],[106.34856589820117,10.78417724611746],[106.34856680633375,10.784174454393574],[106.3485672478585,10.784171552069861],[106.34856721099473,10.784168616585557],[106.34856669672605,10.784165726264682],[106.34856571877408,10.784162958226212],[106.34856430323234,10.784160386326407],[106.34856248787003,10.784158079188201],[106.34856032112428,10.784156098370199],[106.34855786080782,10.784154496724204],[106.34848011088872,10.784111966405646],[106.34845571605615,10.784118259054422]]},"properties":{"OBJECTID":256,"maNhanDang":" ","phienBan":0,"ngayPhienBan":1787739118000,"giaTriDoChinhXacMatPhang":0,"nguyenNhanThayDoi":null,"maDoiTuong":"KG05","loaiTrangThaiDuongBoNuoc":1,"loaiDuongBoNuoc":"Phá","SHAPE_Length":347.19077631779703}},{"type":"Feature","id":257,"geometry":{"type":"LineString","coordinates":[[106.34834250930383,10.784056335636652],[106.34758215759859,10.785268405925841],[106.34758080783546,10.785271012453906],[106.34757990035462,10.785273803927998],[106.34757945936217,10.785276705888498],[106.34757949662109,10.785279640928676],[106.34758001113758,10.785282530759446],[106.34758098918743,10.785285298297625],[106.3475824046822,10.785287869722062],[106.34758421986507,10.78529017644273],[106.34758638631794,10.785292156930295],[106.347588846253,10.78529375835735],[106.34765763463403,10.785331384282852],[106.3476604486759,10.785332632779346],[106.34766343143825,10.785333394818641],[106.34766649948709,10.785333649084926],[106.34766956700284,10.785333388465853],[106.34767254818075,10.785332620251472],[106.34767535963118,10.785331365930315],[106.34767792271209,10.785329660588316],[106.34768016572886,10.785327551927391],[106.34768202593969,10.785325098931107],[106.34844273070266,10.784113221208679],[106.34844408154545,10.784110614568025],[106.34844498999678,10.784107822782223],[106.34844543181654,10.784104920344099],[106.34844539521572,10.784101984698999],[106.34844488117095,10.78409909417833],[106.3484439033984,10.784096325909447],[106.34844248798784,10.784093753757679],[106.34844067270647,10.784091446355388],[106.3484385059912,10.784089465270666],[106.34843604565617,10.784087863364519],[106.34836690413434,10.784050042996913],[106.34834250930383,10.784056335636652]]},"properties":{"OBJECTID":257,"maNhanDang":" ","phienBan":0,"ngayPhienBan":1787739118000,"giaTriDoChinhXacMatPhang":0,"nguyenNhanThayDoi":null,"maDoiTuong":"KG05","loaiTrangThaiDuongBoNuoc":1,"loaiDuongBoNuoc":"Phá","SHAPE_Length":345.03881968640769}},{"type":"Feature","id":258,"geometry":{"type":"LineString","coordinates":[[106.34823286530489,10.783996359949171],[106.34747251328335,10.785208429989204],[106.34747116335899,10.785211036378186],[106.34747025569808,10.785213827741831],[106.34746981451171,10.785216729622928],[106.34746985156812,10.785219664616307],[106.34747036587889,10.78522255443356],[106.3474713437252,10.785225321991312],[106.34747275902384,10.785227893467352],[106.34747457402298,10.785230200269787],[106.34747674030906,10.78523218086665],[106.34747920009828,10.785233782427243],[106.34754432870251,10.785269408346807],[106.34754714288947,10.785270656603338],[106.34755012575084,10.785271418397608],[106.34755319385518,10.785271672422002],[106.34755626138667,10.785271411571385],[106.3475592425456,10.785270643141823],[106.34756205394808,10.785269388626514],[106.34756461695837,10.785267683114617],[106.34756685988832,10.78526557430979],[106.34756872000253,10.785263121195914],[106.34832942509225,10.784051243731108],[106.34833077591958,10.784048637088103],[106.34833168435866,10.784045845303607],[106.34833212617008,10.784042942869304],[106.34833208956523,10.784040007229288],[106.34833157552085,10.784037116713662],[106.34833059775286,10.784034348448502],[106.34832918235054,10.78403177629794],[106.34832736708032,10.784029468893285],[106.34832520037807,10.784027487801778],[106.34832274005673,10.784025885883819],[106.34825725830814,10.783990069129894],[106.34823286530489,10.783996359949171]]},"properties":{"OBJECTID":258,"maNhanDang":" ","phienBan":0,"ngayPhienBan":1787739118000,"giaTriDoChinhXacMatPhang":0,"nguyenNhanThayDoi":null,"maDoiTuong":"KG05","loaiTrangThaiDuongBoNuoc":1,"loaiDuongBoNuoc":"Phá","SHAPE_Length":344.12375642626085}},{"type":"Feature","id":259,"geometry":{"type":"LineString","coordinates":[[106.34812071500519,10.783935014834288],[106.34736036266013,10.78514708461946],[106.34735901267125,10.785149691281337],[106.34735810500746,10.785152482930052],[106.34735766388164,10.785155385095466],[106.34735770106126,10.785158320359299],[106.34735821555452,10.785161210420334],[106.34735919363678,10.785163978183181],[106.34736060921669,10.785166549814887],[106.34736242453216,10.785168856714499],[106.34736459115778,10.785170837343069],[106.34736705129654,10.785172438865269],[106.34743468256484,10.785209432399899],[106.34743749673987,10.785210680738613],[106.34744047960808,10.785211442596768],[106.34744354773143,10.785211696663341],[106.34744661528703,10.785211435831469],[106.34744959646792,10.785210667397255],[106.34745240788324,10.78520941285567],[106.34745497089085,10.785207707299286],[106.34745721379724,10.785205598436654],[106.34745907386285,10.785203145257784],[106.34821978109751,10.783991268038744],[106.34822113173328,10.78398866125203],[106.34822203996826,10.783985869359633],[106.34822248156941,10.783982966853408],[106.34822244475414,10.783980031176554],[106.34822193050474,10.78397714065731],[106.34822095254214,10.783974372419042],[106.34821953695986,10.783971800322476],[106.34821772152773,10.78396949299499],[106.34821555468419,10.783967511999519],[106.34821309424387,10.783965910191979],[106.34814510983519,10.783928724020434],[106.34812071500519,10.783935014834288]]},"properties":{"OBJECTID":259,"maNhanDang":" ","phienBan":0,"ngayPhienBan":1787739118000,"giaTriDoChinhXacMatPhang":0,"nguyenNhanThayDoi":null,"maDoiTuong":"KG05","loaiTrangThaiDuongBoNuoc":1,"loaiDuongBoNuoc":"Phá","SHAPE_Length":344.74994935094543}},{"type":"Feature","id":260,"geometry":{"type":"LineString","coordinates":[[106.34800718250526,10.783872912904135],[106.34724682983271,10.785084982431277],[106.34724547976944,10.785087589079751],[106.34724457204506,10.785090380732226],[106.34724413087564,10.785093282913587],[106.34724416803061,10.785096218200048],[106.34724468251876,10.785099108284657],[106.34724566061469,10.785101876066344],[106.34724707622495,10.785104447706813],[106.34724889158417,10.785106754600383],[106.34725105826263,10.785108735204233],[106.34725351845809,10.785110336680228],[106.34732253743816,10.785148088813679],[106.34732535148073,10.785149337287685],[106.34732833423857,10.785150099310453],[106.34733140227972,10.785150353567134],[106.34733446978677,10.785150092945807],[106.34733745095723,10.785149324736421],[106.34734026240358,10.785148070426871],[106.34734282548568,10.78514636510196],[106.34734506851056,10.785144256462022],[106.34734692873764,10.785141803488681],[106.34810763446335,10.78392992471999],[106.34810898514149,10.783927318225636],[106.34810989346083,10.783924526613148],[106.34811033518548,10.783921624368567],[106.34811029852932,10.783918688929823],[106.34810978447041,10.783915798620544],[106.34810880672492,10.783913030560205],[106.34810739138113,10.783910458606426],[106.34810557620337,10.783908151384292],[106.34810340962436,10.783906170455301],[106.34810094945294,10.783904568674766],[106.34803157733317,10.783866622099339],[106.34800718250526,10.783872912904135]]},"properties":{"OBJECTID":260,"maNhanDang":" ","phienBan":0,"ngayPhienBan":1787739118000,"giaTriDoChinhXacMatPhang":0,"nguyenNhanThayDoi":null,"maDoiTuong":"KG05","loaiTrangThaiDuongBoNuoc":1,"loaiDuongBoNuoc":"Phá","SHAPE_Length":345.09663114063409}},{"type":"Feature","id":261,"geometry":{"type":"LineString","coordinates":[[106.34798742062962,10.783842468537532],[106.34791794784624,10.783804467883611],[106.34791513312867,10.7838032190914],[106.34791214961777,10.78380245700232],[106.34790908081153,10.78380220294456],[106.34790601259506,10.783802464028307],[106.34790303083693,10.78380323294674],[106.3479002189861,10.783804488180538],[106.34789765573635,10.783806194600121],[106.34789541282406,10.783808304448804],[106.34789355302043,10.783810758679339],[106.34713320002008,10.785022827948238],[106.3471318502708,10.785025434477278],[106.34713094280001,10.785028225948853],[106.34713050181315,10.785031127904634],[106.34713053907288,10.7850340629393],[106.34713105358534,10.785036952765193],[106.34713203162671,10.785039720300535],[106.34713344710917,10.785042291725466],[106.34713526227686,10.785044598451073],[106.3471374287129,10.785046578948906],[106.34713988863085,10.785048180392149],[106.34720900828211,10.785085990220551],[106.34721182262189,10.785087238765264],[106.34721480569085,10.785088000783547],[106.34721787404015,10.785088254958575],[106.34722094183526,10.785087994180014],[106.3472239232572,10.785087225742922],[106.34722673490317,10.785085971143689],[106.34722929811974,10.785084265478673],[106.34723154120307,10.78508215646243],[106.34723340140476,10.785079703092919],[106.34799410746136,10.783867826390555],[106.34798742062962,10.783842468537532]]},"properties":{"OBJECTID":261,"maNhanDang":" ","phienBan":0,"ngayPhienBan":1787739118000,"giaTriDoChinhXacMatPhang":0,"nguyenNhanThayDoi":null,"maDoiTuong":"KG05","loaiTrangThaiDuongBoNuoc":1,"loaiDuongBoNuoc":"Phá","SHAPE_Length":345.06342930549829}},{"type":"Feature","id":262,"geometry":{"type":"LineString","coordinates":[[106.34787379482138,10.783780316105652],[106.34779701357604,10.783738317151521],[106.34779419887118,10.783737068271789],[106.34779121535304,10.78373630611466],[106.34778814652658,10.783736052011964],[106.34778507828445,10.783736313075718],[106.34778209650295,10.783737081999071],[106.34777928463845,10.783738337260814],[106.34777672139154,10.783740043727727],[106.34777447850433,10.783742153637913],[106.34777261875246,10.783744607937603],[106.34701226540328,10.784956676931694],[106.34701091535298,10.784959283581683],[106.34701000763852,10.784962075232519],[106.34700956647534,10.784964977410151],[106.34700960363256,10.784967912691961],[106.34701011811892,10.784970802772193],[106.34701109620923,10.784973570550957],[106.34701251181059,10.784976142191047],[106.34701432715839,10.784978449087733],[106.34701649382383,10.784980429698958],[106.34701895400586,10.784982031187123],[106.3470953821337,10.78502383571619],[106.34709819616828,10.785025084237491],[106.34710117892885,10.785025846297454],[106.34710424697982,10.785026100579278],[106.34710731449981,10.785025839970034],[106.34711029568226,10.785025071759643],[106.34711310713573,10.785023817436956],[106.34711567021652,10.785022112088649],[106.34711791322859,10.785020003417767],[106.34711977342903,10.785017550409336],[106.34788048164205,10.783805673961798],[106.34787379482138,10.783780316105652]]},"properties":{"OBJECTID":262,"maNhanDang":" ","phienBan":0,"ngayPhienBan":1787739118000,"giaTriDoChinhXacMatPhang":0,"nguyenNhanThayDoi":null,"maDoiTuong":"KG05","loaiTrangThaiDuongBoNuoc":1,"loaiDuongBoNuoc":"Phá","SHAPE_Length":346.89026232590192}},{"type":"Feature","id":263,"geometry":{"type":"LineString","coordinates":[[106.34765684917443,10.783681282425681],[106.3468964954949,10.784893352964836],[106.34689514579458,10.784895959501688],[106.34689423836286,10.78489875096958],[106.34689379740301,10.78490165291371],[106.34689383467645,10.784904587932623],[106.346894349189,10.78490747774268],[106.34689532721742,10.784910245266067],[106.34689674267551,10.784912816686637],[106.34689855780974,10.784915123418749],[106.34690072420638,10.784917103936603],[106.34690318408266,10.784918705415281],[106.34697444935632,10.784957686489115],[106.34697726352616,10.784958934842537],[106.34698024639239,10.784959696713289],[106.34698331451612,10.784959950789752],[106.34698638207352,10.78495968996471],[106.3469893632566,10.784958921534153],[106.3469921746735,10.78495766699319],[106.34699473768121,10.784955961434767],[106.34699698058539,10.78495385256802],[106.34699884064584,10.784951399383722],[106.34775954737876,10.783739523214694],[106.34776089802688,10.783736916716199],[106.34776180632278,10.783734125106747],[106.34776224803194,10.783731222870061],[106.34776221136902,10.783728287441543],[106.34776169731219,10.78372539714219],[106.3477607195772,10.783722629088896],[106.34775930425124,10.783720057136877],[106.34775748909703,10.783717749909114],[106.34775532254521,10.783715768965402],[106.34775286240217,10.783714167159863],[106.34768124399591,10.783674991648848],[106.34765684917443,10.783681282425681]]},"properties":{"OBJECTID":263,"maNhanDang":" ","phienBan":0,"ngayPhienBan":1787739118000,"giaTriDoChinhXacMatPhang":0,"nguyenNhanThayDoi":null,"maDoiTuong":"KG05","loaiTrangThaiDuongBoNuoc":1,"loaiDuongBoNuoc":"Phá","SHAPE_Length":345.65791603258958}},{"type":"Feature","id":264,"geometry":{"type":"LineString","coordinates":[[106.34753961867735,10.783617156848658],[106.34677926465967,10.784829227121408],[106.34677791482507,10.784831833634358],[106.34677700728422,10.784834625109383],[106.34677656624618,10.784837527082617],[106.34677660347585,10.784840462142609],[106.34677711798008,10.784843351995303],[106.34677809603428,10.784846119552565],[106.34677951154838,10.784848690988552],[106.34678132676291,10.784850997709041],[106.3467834932562,10.784852978181219],[106.34678595323605,10.784854579575088],[106.34685868494466,10.784894364305348],[106.3468614991266,10.784895612563579],[106.34686448198318,10.784896374360956],[106.34686755008322,10.784896628389845],[106.3468706176113,10.784896367545],[106.34687359876798,10.78489559912231],[106.34687641016964,10.784894344614726],[106.34687897318076,10.784892639111106],[106.34688121611335,10.784890530314764],[106.34688307623207,10.784888077209201],[106.34764378329875,10.7836762013034],[106.34764513408733,10.783673594655815],[106.34764604249678,10.78367080287615],[106.34764648428947,10.783667900452917],[106.3476464476778,10.78366496482675],[106.3476459336386,10.783662074324177],[106.34764495588716,10.783659306067774],[106.3476435405112,10.783656733918416],[106.34764172527491,10.783654426504576],[106.34763955861128,10.783652445391221],[106.34763709832987,10.783650843437167],[106.34756401166787,10.783610866084723],[106.34753961867735,10.783617156848658]]},"properties":{"OBJECTID":264,"maNhanDang":" ","phienBan":0,"ngayPhienBan":1787739118000,"giaTriDoChinhXacMatPhang":0,"nguyenNhanThayDoi":null,"maDoiTuong":"KG05","loaiTrangThaiDuongBoNuoc":1,"loaiDuongBoNuoc":"Phá","SHAPE_Length":346.02475359523567}},{"type":"Feature","id":265,"geometry":{"type":"LineString","coordinates":[[106.3474345171584,10.783559667402711],[106.3466741610052,10.784771735631926],[106.34667281137078,10.784774342290088],[106.34667190404102,10.784777133872526],[106.34667146321824,10.784780035915791],[106.34667150066112,10.784782971009973],[106.34667201537087,10.784785860863549],[106.34667299361799,10.784788628391761],[106.34667440930843,10.784791199772789],[106.34667622467968,10.784793506416898],[106.34667839130802,10.784795486796021],[106.34668085140019,10.78479708808497],[106.34674145228746,10.784830238450725],[106.34674426646622,10.784831486726313],[106.34674724932356,10.784832248537429],[106.34675031742698,10.784832502575721],[106.34675338495961,10.784832241735574],[106.34675636612056,10.784831473312856],[106.34675917752479,10.784830218800856],[106.34676174053546,10.784828513289103],[106.34676398346349,10.784826404481878],[106.34676584357271,10.784823951363915],[106.34752655097739,10.783612075724676],[106.34752790186248,10.783609469094403],[106.34752881035047,10.783606677309759],[106.34752925219956,10.783603774865739],[106.34752921561963,10.783600839210136],[106.34752870158675,10.783597948676949],[106.34752772381721,10.783595180396143],[106.34752630840144,10.783592608235544],[106.34752449310793,10.783590300829783],[106.3475223263753,10.783588319748857],[106.34751986601989,10.783586717855233],[106.34745891197223,10.783553374835437],[106.3474345171584,10.783559667402711]]},"properties":{"OBJECTID":265,"maNhanDang":" ","phienBan":0,"ngayPhienBan":1787739118000,"giaTriDoChinhXacMatPhang":0,"nguyenNhanThayDoi":null,"maDoiTuong":"KG05","loaiTrangThaiDuongBoNuoc":1,"loaiDuongBoNuoc":"Phá","SHAPE_Length":342.99271396336155}},{"type":"Feature","id":266,"geometry":{"type":"LineString","coordinates":[[106.34994135183965,10.784936714340102],[106.34918098832854,10.786148815417544],[106.34917964300737,10.786151410773689],[106.34917873626787,10.786154189907739],[106.34917829210318,10.786157079281423],[106.34917832226623,10.786160002439434],[106.3491788259589,10.786162882032507],[106.34917978985305,10.786165641864137],[106.34918118844323,10.786168208906815],[106.34918298472151,10.786170515234389],[106.34918513115686,10.786172499819454],[106.34918757095274,10.786174110148187],[106.34924996061254,10.786208932724561],[106.34925381651485,10.786210023011908],[106.3492577953854,10.786210497667794],[106.34926179956001,10.786210345041457],[106.34926573075337,10.786209568879221],[106.34926949247158,10.786208188232534],[106.34927299238058,10.786206236990346],[106.34927614457264,10.786203763047281],[106.35003240266772,10.784999312940574],[106.35003386594832,10.784999202799154],[106.35003528851021,10.784998842745123],[106.35003662799716,10.784998243498951],[106.35003784452643,10.784997422902967],[106.35003890187633,10.784996405390107],[106.35003976856467,10.78499522125643],[106.35004041878614,10.784993905759075],[106.35004083318061,10.784992498066474],[106.35004099940967,10.784991040092146],[106.35004091252391,10.784989575246726],[106.35004057511031,10.784988147145434],[106.35003999721523,10.784986798309445],[106.35003919604529,10.784985568899843],[106.35003819545501,10.784984495521837],[106.3500370252366,10.784983610134848],[106.35003572023288,10.784982939100942],[106.35003431929982,10.784982502399901],[106.35003286414968,10.784982313034332],[106.35003139810901,10.784982376642525],[106.35002996482862,10.784982691330569],[106.34995906664315,10.784944561928388],[106.34994135183965,10.784936714340102]]},"properties":{"OBJECTID":266,"maNhanDang":" ","phienBan":0,"ngayPhienBan":1787739118000,"giaTriDoChinhXacMatPhang":0,"nguyenNhanThayDoi":null,"maDoiTuong":"KG05","loaiTrangThaiDuongBoNuoc":1,"loaiDuongBoNuoc":"Phá","SHAPE_Length":342.87899800715883}},{"type":"Feature","id":267,"geometry":{"type":"LineString","coordinates":[[106.34982758235016,10.784873514198001],[106.34906721851296,10.786085615016864],[106.34906587323748,10.786088210380727],[106.34906496653473,10.786090989511857],[106.34906452239584,10.786093878875167],[106.34906455257259,10.786096802018864],[106.34906505626653,10.786099681597326],[106.34906602015003,10.786102441417661],[106.34906741871902,10.786105008455745],[106.34906921496768,10.786107314788421],[106.34907136136778,10.786109299390727],[106.34907380112612,10.786110909750606],[106.3491433123754,10.786149523007769],[106.34914613077603,10.786150794065492],[106.34914912215643,10.786151575482904],[106.34915220212628,10.786151845215317],[106.34915528379605,10.786151595653262],[106.34915828022828,10.786150833837175],[106.34916110689012,10.786149581258773],[106.34916368403817,10.786147873254746],[106.3491659389681,10.786145758009869],[106.3491678080657,10.786143295197656],[106.34992852496525,10.784931388750266],[106.34992987122074,10.78492879314545],[106.34993077876395,10.784926013589098],[106.34993122357226,10.784923123655922],[106.34993119387161,10.784920199842306],[106.34993069044819,10.784917319541444],[106.34992972662759,10.784914558994755],[106.34992832792207,10.784911991273765],[106.34992653135532,10.784909684345916],[106.34992438448236,10.784907699275472],[106.3499219441308,10.784906088607146],[106.34985208339366,10.784867279096163],[106.34982758235016,10.784873514198001]]},"properties":{"OBJECTID":267,"maNhanDang":" ","phienBan":0,"ngayPhienBan":1787739118000,"giaTriDoChinhXacMatPhang":0,"nguyenNhanThayDoi":null,"maDoiTuong":"KG05","loaiTrangThaiDuongBoNuoc":1,"loaiDuongBoNuoc":"Phá","SHAPE_Length":345.28625817917538}},{"type":"Feature","id":268,"geometry":{"type":"LineString","coordinates":[[106.34971190701059,10.784809252676997],[106.34895154284543,10.786021355041123],[106.34895019772462,10.786023950257508],[106.34894929114633,10.786026729216641],[106.34894884709792,10.786029618389371],[106.34894887732855,10.786032541330385],[106.34894938103838,10.786035420700886],[106.34895034489962,10.786038180314915],[106.34895174340922,10.786040747155182],[106.34895353956369,10.786043053305045],[106.34895568583815,10.786045037745531],[106.34895812544379,10.786046647969854],[106.34902953707306,10.786086318987062],[106.34903235562943,10.786087590316713],[106.34903534721698,10.786088371945157],[106.34903842742916,10.786088641819042],[106.34904150935897,10.786088392323972],[106.34904450605086,10.78608763049936],[106.34904733295431,10.786086377839803],[106.34904991030928,10.786084669688627],[106.34905216539666,10.786082554240684],[106.34905403458998,10.78608009118255],[106.3498147518155,10.784868184993901],[106.34981609782011,10.78486558951951],[106.34981700516086,10.784862810140361],[106.34981744982305,10.784859920418702],[106.34981742003771,10.784856996837243],[106.34981691659318,10.784854116774861],[106.34981595281423,10.784851356458608],[106.3498145542093,10.784848788946196],[106.34981275779552,10.784846482192368],[106.34981061111883,10.784844497250331],[106.34980817099564,10.784842886655849],[106.34973640622664,10.78480301939617],[106.34971190701059,10.784809252676997]]},"properties":{"OBJECTID":268,"maNhanDang":" ","phienBan":0,"ngayPhienBan":1787739118000,"giaTriDoChinhXacMatPhang":0,"nguyenNhanThayDoi":null,"maDoiTuong":"KG05","loaiTrangThaiDuongBoNuoc":1,"loaiDuongBoNuoc":"Phá","SHAPE_Length":345.76329917143039}},{"type":"Feature","id":269,"geometry":{"type":"LineString","coordinates":[[106.34969249018185,10.784778623329057],[106.34962494366806,10.784741100331212],[106.34962212460708,10.784739828865845],[106.34961913246688,10.784739047312218],[106.34961605171118,10.784738777732436],[106.34961296930513,10.784739027736338],[106.34960997226051,10.784739790266681],[106.34960714517945,10.784741043798363],[106.34960456786628,10.784742752946038],[106.34960231307471,10.784744869462992],[106.34960044445421,10.784747333603086],[106.34884007996602,10.785959433905687],[106.3488387345766,10.785962029248669],[106.34883782778091,10.785964808385122],[106.34883738357492,10.785967697772412],[106.3488374137134,10.785970620950398],[106.34883791739881,10.78597350056476],[106.34883888130243,10.785976260413975],[106.34884027991704,10.785978827465792],[106.34884207623195,10.785981133789846],[106.34884422271232,10.785983118355254],[106.34884666255714,10.785984728645641],[106.34891385775131,10.786022057195746],[106.34891667628349,10.786023328110627],[106.34891966777147,10.786024109358387],[106.34892274781959,10.78602437889853],[106.34892582953378,10.786024129126808],[106.34892882597298,10.786023367089763],[106.34893165260186,10.786022114285926],[106.34893422967581,10.786020406059295],[106.34893648449059,10.786018290602232],[106.34893835343357,10.786015827595845],[106.34969907099048,10.784803921670262],[106.34969249018185,10.784778623329057]]},"properties":{"OBJECTID":269,"maNhanDang":" ","phienBan":0,"ngayPhienBan":1787739118000,"giaTriDoChinhXacMatPhang":0,"nguyenNhanThayDoi":null,"maDoiTuong":"KG05","loaiTrangThaiDuongBoNuoc":1,"loaiDuongBoNuoc":"Phá","SHAPE_Length":344.65428263432932}},{"type":"Feature","id":270,"geometry":{"type":"LineString","coordinates":[[106.34947984612081,10.784680338494026],[106.34871948128698,10.785892438522501],[106.34871813606425,10.785895034004184],[106.34871722945233,10.785897813249434],[106.34871678544201,10.785900702713775],[106.34871681578268,10.785903625936104],[106.34871731967149,10.785906505562018],[106.34871828377453,10.785909265390762],[106.34871968257964,10.785911832391658],[106.34872147907161,10.785914138636644],[106.34872362571161,10.78591612309779],[106.34872606569519,10.78591773326222],[106.34880239487859,10.785960136046343],[106.3488052133976,10.785961407049308],[106.34880820489266,10.785962188365634],[106.3488112849611,10.785962457951081],[106.34881436670121,10.785962208199512],[106.34881736316409,10.78596144615747],[106.34882018980691,10.785960193325373],[106.34882276687816,10.785958485050894],[106.34882502166779,10.785956369531661],[106.34882689055868,10.785953906455381],[106.3495876084385,10.784742002591477],[106.34958895463301,10.784739406976954],[106.34958986212766,10.784736627425215],[106.34959030690251,10.784733737506578],[106.3495902771851,10.78473081371259],[106.34958977376198,10.78472793343143],[106.34958880995796,10.784725172899556],[106.34958741128341,10.784722605183857],[106.34958561475901,10.784720298247684],[106.34958346793591,10.78471831315197],[106.34958102763711,10.784716702439034],[106.34950434716114,10.784674105228273],[106.34947984612081,10.784680338494026]]},"properties":{"OBJECTID":270,"maNhanDang":" ","phienBan":0,"ngayPhienBan":1787739118000,"giaTriDoChinhXacMatPhang":0,"nguyenNhanThayDoi":null,"maDoiTuong":"KG05","loaiTrangThaiDuongBoNuoc":1,"loaiDuongBoNuoc":"Phá","SHAPE_Length":346.9969782177451}},{"type":"Feature","id":271,"geometry":{"type":"LineString","coordinates":[[106.34937454071579,10.78462183755515],[106.34861417375134,10.785833937347835],[106.34861282828743,10.785836532960984],[106.34861192148036,10.785839312382087],[106.34861147732835,10.785842202055036],[106.34861150758569,10.785845125505951],[106.34861201145162,10.785848005367036],[106.34861297559159,10.78585076542408],[106.34861437449004,10.785853332633433],[106.34861617112578,10.78585563905507],[106.34861831795166,10.785857623650593],[106.34862075815292,10.78585923389859],[106.34868179803917,10.785893142452705],[106.34868461672168,10.785894413671979],[106.34868760841886,10.785895195156238],[106.34869068871629,10.785895464854956],[106.3486937706996,10.785895215158254],[106.34869676740688,10.785894453111627],[106.34869959428238,10.785893200217153],[106.34870217156232,10.785891491826783],[106.34870442652563,10.785889376144837],[106.34870629554575,10.785886912867873],[106.34946701194222,10.784675009281766],[106.34946835834081,10.784672413813366],[106.34946926605019,10.78466963436934],[106.34946971104364,10.784666744520514],[106.34946968154233,10.78466382076008],[106.34946917832718,10.78466094047886],[106.34946821471807,10.784658179916796],[106.34946681622139,10.784655612144913],[106.34946501985482,10.784653305131149],[106.34946287316747,10.784651319941279],[106.34946043298135,10.784649709122515],[106.34939903992526,10.784615604301385],[106.34937454071579,10.78462183755515]]},"properties":{"OBJECTID":271,"maNhanDang":" ","phienBan":0,"ngayPhienBan":1787739118000,"giaTriDoChinhXacMatPhang":0,"nguyenNhanThayDoi":null,"maDoiTuong":"KG05","loaiTrangThaiDuongBoNuoc":1,"loaiDuongBoNuoc":"Phá","SHAPE_Length":343.16165369049901}},{"type":"Feature","id":272,"geometry":{"type":"LineString","coordinates":[[106.34936169921899,10.784616504736066],[106.34936481243624,10.78460663863223],[106.34934460031339,10.784587189049542],[106.34929512812212,10.784554337716296],[106.34926294064128,10.784550432836262],[106.34849836462003,10.785769603313891],[106.34850494717799,10.785794898063177],[106.34857648318746,10.785834637662596],[106.34860098069558,10.785828409894403],[106.34936169921899,10.784616504736066]]},"properties":{"OBJECTID":272,"maNhanDang":" ","phienBan":0,"ngayPhienBan":1787739118000,"giaTriDoChinhXacMatPhang":0,"nguyenNhanThayDoi":null,"maDoiTuong":"KG05","loaiTrangThaiDuongBoNuoc":1,"loaiDuongBoNuoc":"Phá","SHAPE_Length":345.35277697263552}},{"type":"Feature","id":273,"geometry":{"type":"LineString","coordinates":[[106.34912989536441,10.784487027428201],[106.3483695459344,10.785699101314897],[106.34836819622788,10.785701707855425],[106.34836728879498,10.785704499329361],[106.34836684783944,10.78570740128033],[106.34836688512279,10.785710336305231],[106.34836739965057,10.785713226118785],[106.34836837769889,10.785715993641629],[106.34836979318048,10.785718565056232],[106.34837160834053,10.785720871775814],[106.34837377476366,10.785722852273748],[106.34837623466532,10.785724453724649],[106.34846063811257,10.7857706201175],[106.34846345216882,10.785771868549263],[106.34846643493097,10.785772630536346],[106.34846950296975,10.785772884765599],[106.34847257047061,10.785772624126109],[106.34847555163405,10.785771855908088],[106.3484783630755,10.785770601598967],[106.34848092615758,10.785768896282379],[106.34848316918965,10.785766787656858],[106.34848502943299,10.785764334701678],[106.34924573187665,10.784552453345276],[106.34924708243602,10.78454984682641],[106.34924799065611,10.784547055216217],[106.34924843230604,10.784544152993526],[106.34924839560281,10.784541217588259],[106.34924788152563,10.784538327315632],[106.34924690378985,10.784535559286741],[106.34924548848097,10.784532987351282],[106.34924367335879,10.784530680127268],[106.34924150684988,10.784528699170339],[106.34923904675567,10.784527097331482],[106.34915429021292,10.784480736533791],[106.34912989536441,10.784487027428201]]},"properties":{"OBJECTID":273,"maNhanDang":" ","phienBan":0,"ngayPhienBan":1787739118000,"giaTriDoChinhXacMatPhang":0,"nguyenNhanThayDoi":null,"maDoiTuong":"KG05","loaiTrangThaiDuongBoNuoc":1,"loaiDuongBoNuoc":"Phá","SHAPE_Length":348.94186572111693}},{"type":"Feature","id":274,"geometry":{"type":"LineString","coordinates":[[106.3490298627205,10.784432309751679],[106.34826951117306,10.785644383414592],[106.3482681615197,10.785646989964107],[106.34826725412961,10.785649781434653],[106.34826681320423,10.785652683373558],[106.34826685050373,10.78565561838179],[106.34826736503325,10.785658508178315],[106.34826834306952,10.785661275687959],[106.34826975852687,10.785663847097121],[106.34827157365294,10.785666153822492],[106.34827374003561,10.785668134340275],[106.34827619989424,10.785669735827112],[106.34833182500668,10.785700161488226],[106.34833463918996,10.785701409812258],[106.3483376220633,10.785702171656697],[106.34834069018923,10.785702425711074],[106.34834375774555,10.785702164868937],[106.34834673892598,10.785701396426608],[106.34834955034039,10.785700141879104],[106.34835211334733,10.785698436318865],[106.34835435625392,10.785696327454145],[106.34835621632114,10.785693874274507],[106.34911691913987,10.784481995019174],[106.34911826988571,10.784479388248853],[106.34911917820757,10.78447659634678],[106.34911961986749,10.784473693813005],[106.3491195830801,10.784470758099722],[106.34911906882701,10.784467867544489],[106.34911809083073,10.784465099279855],[106.34911667518845,10.784462527175124],[106.34911485967565,10.784460219865208],[106.34911269273807,10.784458238919139],[106.34911023219901,10.784456637197152],[106.34905425573838,10.784426018868791],[106.3490298627205,10.784432309751679]]},"properties":{"OBJECTID":274,"maNhanDang":" ","phienBan":0,"ngayPhienBan":1787739118000,"giaTriDoChinhXacMatPhang":0,"nguyenNhanThayDoi":null,"maDoiTuong":"KG05","loaiTrangThaiDuongBoNuoc":1,"loaiDuongBoNuoc":"Phá","SHAPE_Length":341.74834980850636}},{"type":"Feature","id":275,"geometry":{"type":"LineString","coordinates":[[106.34891619987572,10.784370137908699],[106.34815584982915,10.785582211309793],[106.34815449996265,10.785584817711126],[106.34815359235041,10.785587609074149],[106.34815315120113,10.785590510945061],[106.34815318828151,10.785593445922494],[106.34815370260253,10.785596335722033],[106.34815468044575,10.785599103264287],[106.34815609572922,10.785601674730829],[106.34815791070322,10.785603981533136],[106.34816007695709,10.785605962142059],[106.34816253671049,10.785607563728977],[106.34823177377395,10.785645434566256],[106.34823458795452,10.785646682904979],[106.34823757082852,10.785647444761045],[106.34824063895729,10.785647698823388],[106.34824370651747,10.785647437985235],[106.3482466877015,10.785646669542894],[106.34824949911807,10.785645414991665],[106.34825206212464,10.785643709424557],[106.3482543050274,10.785641600550644],[106.34825616508657,10.785639147360524],[106.34901686819386,10.784427268332669],[106.34901821896236,10.78442466167712],[106.34901912735195,10.784421869893279],[106.3490195691257,10.784418967469357],[106.34901953249654,10.784416031845577],[106.34901901844179,10.784413141347976],[106.34901804067705,10.78441037309857],[106.34901662529028,10.78440780095764],[106.34901481004573,10.784405493553058],[106.34901264337635,10.784403512449202],[106.34901018309154,10.78440191050435],[106.34894059289152,10.784363847034891],[106.34891619987572,10.784370137908699]]},"properties":{"OBJECTID":275,"maNhanDang":" ","phienBan":0,"ngayPhienBan":1787739118000,"giaTriDoChinhXacMatPhang":0,"nguyenNhanThayDoi":null,"maDoiTuong":"KG05","loaiTrangThaiDuongBoNuoc":1,"loaiDuongBoNuoc":"Phá","SHAPE_Length":345.15070090547886}},{"type":"Feature","id":276,"geometry":{"type":"LineString","coordinates":[[106.34879455666052,10.784303600201227],[106.34803420626299,10.785515673325891],[106.3480328565531,10.785518279864744],[106.3480319491166,10.785521071337573],[106.34803150815733,10.785523973288036],[106.3480315454369,10.785526908313045],[106.34803205996096,10.785529798127325],[106.34803303800571,10.785532565651492],[106.348034453484,10.785535137067983],[106.34803626864108,10.785537443789973],[106.34803843506167,10.785539424290771],[106.3480408949613,10.785541025744919],[106.34811811793021,10.785583266052985],[106.34812093210661,10.785584514416744],[106.3481239149821,10.785585276292483],[106.34812698311612,10.785585530368099],[106.34813005068317,10.785585269536286],[106.34813303187359,10.785584501093345],[106.34813584329393,10.785583246535078],[106.34813840629981,10.785581540955492],[106.34814064919574,10.785579432065102],[106.34814250924076,10.785576978856311],[106.34890321267582,10.784365100086875],[106.34890456355447,10.784362493451022],[106.34890547203365,10.784359701661417],[106.34890591387166,10.784356799213695],[106.34890587727857,10.784353863556262],[106.34890536323081,10.784350973023695],[106.34890438544517,10.784348204746465],[106.34890297001267,10.784345632592798],[106.34890115470252,10.784343325197597],[106.34889898795409,10.784341344130995],[106.34889652758454,10.784339742255431],[106.34881895150289,10.784297309333605],[106.34879455666052,10.784303600201227]]},"properties":{"OBJECTID":276,"maNhanDang":" ","phienBan":0,"ngayPhienBan":1787739118000,"giaTriDoChinhXacMatPhang":0,"nguyenNhanThayDoi":null,"maDoiTuong":"KG05","loaiTrangThaiDuongBoNuoc":1,"loaiDuongBoNuoc":"Phá","SHAPE_Length":347.14729593270573}},{"type":"Feature","id":277,"geometry":{"type":"LineString","coordinates":[[106.34868199055229,10.784242028274329],[106.34792163982644,10.785454099335006],[106.3479202899186,10.78545670572834],[106.34791938227225,10.785459497092791],[106.34791894109782,10.785462398971925],[106.34791897816314,10.785465333961456],[106.34791949247951,10.785468223773917],[106.34792047032813,10.785470991326886],[106.34792188562605,10.785473562799069],[106.34792370062181,10.785475869599409],[106.34792586690247,10.78547785019666],[106.34792832668501,10.785479451760667],[106.34799648352585,10.785516733460746],[106.3479992977211,10.785517981679293],[106.34800228058224,10.785518743442973],[106.3480053486805,10.785518997445738],[106.34800841620316,10.785518736583292],[106.34801139735352,10.78551796815179],[106.3480142087507,10.785516713643776],[106.34801677176169,10.785515008147046],[106.34801901470071,10.785512899363265],[106.34802087483415,10.785510446273783],[106.34878157862001,10.784298567780905],[106.34878292941102,10.78429596113007],[106.34878383781947,10.784293169345874],[106.34878427960747,10.784290266917878],[106.34878424298741,10.784287331287812],[106.34878372893631,10.78428444078329],[106.34878275116998,10.784281672527898],[106.34878133577688,10.78427910038341],[106.3487795205221,10.784276792979027],[106.34877735383974,10.784274811880229],[106.34877489354056,10.784273209946106],[106.34870638356021,10.784235735611027],[106.34868199055229,10.784242028274329]]},"properties":{"OBJECTID":277,"maNhanDang":" ","phienBan":0,"ngayPhienBan":1787739118000,"giaTriDoChinhXacMatPhang":0,"nguyenNhanThayDoi":null,"maDoiTuong":"KG05","loaiTrangThaiDuongBoNuoc":1,"loaiDuongBoNuoc":"Phá","SHAPE_Length":344.88074328627505}},{"type":"Feature","id":278,"geometry":{"type":"LineString","coordinates":[[106.35240681543367,10.787947423994281],[106.35242116943303,10.787925131793029],[106.35318483319708,10.786724665276223],[106.35316011691117,10.786708273352572],[106.35315954199649,10.786707939957207],[106.3531278592411,10.78668763240278],[106.35312399414664,10.786686386634821],[106.3531199734598,10.786685816573133],[106.35311591440272,10.786685938837714],[106.35311193531622,10.78668674986397],[106.35310815220957,10.78668822600663],[106.35310467537835,10.786690324229118],[106.35310160618869,10.786692983358265],[106.35236871432036,10.787910124621847],[106.35236525817852,10.787915521536608],[106.35236276204249,10.787921424155542],[106.35236129746583,10.787927663275722],[106.35236090643176,10.787934060048169],[106.35236160014951,10.78794043110468],[106.35238620576372,10.787952642763525],[106.35240681543367,10.787947423994281]]},"properties":{"OBJECTID":278,"maNhanDang":" ","phienBan":0,"ngayPhienBan":1787739118000,"giaTriDoChinhXacMatPhang":0,"nguyenNhanThayDoi":null,"maDoiTuong":"KG05","loaiTrangThaiDuongBoNuoc":1,"loaiDuongBoNuoc":"Phá","SHAPE_Length":335.9182478286636}},{"type":"Feature","id":279,"geometry":{"type":"LineString","coordinates":[[106.35301911310539,10.786649646190913],[106.35225858886713,10.787862024013783],[106.35225724432587,10.787864617769069],[106.35225633783182,10.787867395110643],[106.3522558933436,10.787870282633442],[106.35225592260902,10.787873204020308],[106.35225642485459,10.787876082059062],[106.35225738680597,10.787878840683213],[106.35225878303883,10.787881406982395],[106.35226057665076,10.787883713129384],[106.35226272023665,10.787885698172774],[106.35226515714156,10.787887309647919],[106.35230873523636,10.787911570354261],[106.35231155448743,10.787912844768025],[106.35231454735592,10.787913629016245],[106.35231762929716,10.787913900944931],[106.35232071325032,10.787913652872447],[106.35232371209771,10.787912891806519],[106.35232654112579,10.787911639246275],[106.35232912041818,10.787909930574916],[106.3523313771132,10.787907814060192],[106.35233324746217,10.787905349490904],[106.35308437501878,10.786690226886218],[106.35308663755058,10.786682979885729],[106.3530877079053,10.786675463742636],[106.3530875583441,10.786667873242147],[106.35304362520189,10.78664341985257],[106.35301911310539,10.786649646190913]]},"properties":{"OBJECTID":279,"maNhanDang":" ","phienBan":0,"ngayPhienBan":1787739118000,"giaTriDoChinhXacMatPhang":0,"nguyenNhanThayDoi":null,"maDoiTuong":"KG05","loaiTrangThaiDuongBoNuoc":1,"loaiDuongBoNuoc":"Phá","SHAPE_Length":337.86730069054636}},{"type":"Feature","id":280,"geometry":{"type":"LineString","coordinates":[[106.35299973417611,10.7866189898808],[106.35292206760231,10.786575760817069],[106.35291924782581,10.786574486414665],[106.35291625441775,10.786573702355279],[106.35291317196804,10.786573430795441],[106.35291008758283,10.78657367940909],[106.35290708842291,10.786574441170716],[106.35290425924077,10.786575694553898],[106.35290167998554,10.786577404139615],[106.35289942354366,10.786579521617137],[106.35289755367937,10.786581987149225],[106.35213703821162,10.787794352020693],[106.35213569338148,10.787796945898942],[106.35213478665356,10.787799723418876],[106.35213434199599,10.787802611160577],[106.35213437116266,10.787805532790566],[106.35213487338261,10.787808411079576],[106.35213583538032,10.787811169943994],[106.35213723172673,10.787813736457039],[106.35213902551133,10.787816042776468],[106.35214116931789,10.787818027937902],[106.35214360647784,10.787819639466329],[106.35221436010472,10.787858173628228],[106.35222032218157,10.787858063642638],[106.35222619805,10.787857047460022],[106.35223185078367,10.787855148760665],[106.3522371486559,10.78785241179029],[106.35300630066088,10.786644280927444],[106.35299973417611,10.7866189898808]]},"properties":{"OBJECTID":280,"maNhanDang":" ","phienBan":0,"ngayPhienBan":1787739118000,"giaTriDoChinhXacMatPhang":0,"nguyenNhanThayDoi":null,"maDoiTuong":"KG05","loaiTrangThaiDuongBoNuoc":1,"loaiDuongBoNuoc":"Phá","SHAPE_Length":346.05945098023363}},{"type":"Feature","id":281,"geometry":{"type":"LineString","coordinates":[[106.35278995820492,10.786522099599793],[106.35202944789367,10.787734453366914],[106.3520281030966,10.78773704725068],[106.35202719639521,10.787739824768416],[106.3520267517562,10.787742712502528],[106.35202678093259,10.787745634122096],[106.35202728315319,10.78774851240051],[106.35202824514289,10.787751271256791],[106.35202964147361,10.787753837766621],[106.35203143523638,10.787756144089935],[106.35203357901706,10.787758129264136],[106.35203601614947,10.78775974081549],[106.3520993784536,10.787795016552813],[106.35210219786489,10.787796291201181],[106.35210519093641,10.787797075631781],[106.35210827311037,10.787797347683531],[106.35211135731174,10.787797099670646],[106.35211435640821,10.787796338599785],[106.35211718567177,10.787795085972093],[106.35211976517242,10.78779337717577],[106.35212202203624,10.787791260486323],[106.35212389250415,10.787788795702713],[106.35288475771702,10.786576630889302],[106.35288610342504,10.786574036752322],[106.35288701091089,10.786571258813126],[106.3528874561794,10.786568370524238],[106.35288742745706,10.786565448255979],[106.35288692550333,10.786562569277132],[106.35288596359055,10.786559809711846],[106.35288456715303,10.786557242526817],[106.35288277311447,10.786554935601936],[106.35288062891173,10.786552949935462],[106.35287819124046,10.78655133803114],[106.35281447212577,10.78651587327627],[106.35278995820492,10.786522099599793]]},"properties":{"OBJECTID":281,"maNhanDang":" ","phienBan":0,"ngayPhienBan":1787739118000,"giaTriDoChinhXacMatPhang":0,"nguyenNhanThayDoi":null,"maDoiTuong":"KG05","loaiTrangThaiDuongBoNuoc":1,"loaiDuongBoNuoc":"Phá","SHAPE_Length":343.81719517215248}},{"type":"Feature","id":282,"geometry":{"type":"LineString","coordinates":[[106.35277059578068,10.786491450474067],[106.3526946722382,10.786449190763097],[106.35269185245883,10.786447916392557],[106.35268885905531,10.786447132357271],[106.35268577661481,10.786446860812399],[106.35268269224053,10.786447109431219],[106.35267969309029,10.786447871188294],[106.35267686391367,10.786449124558001],[106.35267428465714,10.786450834122785],[106.35267202820498,10.786452951574006],[106.35267015831971,10.786455417077013],[106.3519096531336,10.787667761520224],[106.35190830848455,10.787670355429821],[106.35190740190288,10.787673132939087],[106.35190695734882,10.787676020640555],[106.35190698657163,10.787678942214463],[106.35190748879896,10.787681820445824],[106.35190845075732,10.78768457926517],[106.3519098470229,10.787687145758991],[106.35191164069342,10.787689452096799],[106.35191378436356,10.78769143732384],[106.35191622137773,10.787693048972063],[106.35199178997456,10.787735119690181],[106.35199460923566,10.78773639401706],[106.35199760209403,10.787737178198771],[106.35200068401227,10.78773745008503],[106.35200376793736,10.787737201996039],[106.35200676675962,10.78773644093941],[106.3520095957732,10.787735188412231],[106.35201217506872,10.787733479793854],[106.35201443179044,10.787731363346547],[106.35201630219417,10.787728898852272],[106.3527771622432,10.786516741526981],[106.35277059578068,10.786491450474067]]},"properties":{"OBJECTID":282,"maNhanDang":" ","phienBan":0,"ngayPhienBan":1787739118000,"giaTriDoChinhXacMatPhang":0,"nguyenNhanThayDoi":null,"maDoiTuong":"KG05","loaiTrangThaiDuongBoNuoc":1,"loaiDuongBoNuoc":"Phá","SHAPE_Length":346.82832040643183}},{"type":"Feature","id":283,"geometry":{"type":"LineString","coordinates":[[106.35255330432608,10.786390376034191],[106.3517928060988,10.787602709348459],[106.35179146155112,10.787605303101117],[106.35179055505066,10.787608080441254],[106.35179011055624,10.78761096796373],[106.35179013981586,10.787613889351276],[106.35179064205619,10.787616767391578],[106.351791604003,10.787619526017986],[106.35179300023202,10.78762209231996],[106.35179479384092,10.787624398470099],[106.35179693742457,10.787626383516821],[106.35179937432801,10.787627994995306],[106.35187199887935,10.787668427821377],[106.35187481812741,10.787669702234393],[106.3518778109926,10.787670486483194],[106.35188089293061,10.787670758413835],[106.35188397688098,10.787670510344652],[106.35188697572639,10.787669749283257],[106.3518898047536,10.787668496728577],[106.35189238404652,10.787666788063543],[106.35189464074372,10.787664671555577],[106.35189651109661,10.787662206993089],[106.35265736602754,10.786450062608189],[106.35265871140827,10.786447468478974],[106.35265961858109,10.786444690603313],[106.35266006356001,10.786441802429243],[106.35266003457963,10.786438880321127],[106.35265953240621,10.78643600154056],[106.35265857031739,10.78643324220354],[106.35265717375114,10.78643067526793],[106.35265537963318,10.786428368604438],[106.35265323540065,10.786426383202077],[106.35265079774781,10.786424771555604],[106.35257781824231,10.786384149729679],[106.35255330432608,10.786390376034191]]},"properties":{"OBJECTID":283,"maNhanDang":" ","phienBan":0,"ngayPhienBan":1787739118000,"giaTriDoChinhXacMatPhang":0,"nguyenNhanThayDoi":null,"maDoiTuong":"KG05","loaiTrangThaiDuongBoNuoc":1,"loaiDuongBoNuoc":"Phá","SHAPE_Length":346.13621793608746}},{"type":"Feature","id":284,"geometry":{"type":"LineString","coordinates":[[106.35253395109261,10.786359734106616],[106.35245758454815,10.786317227473569],[106.35245476494349,10.786315953257576],[106.35245177173913,10.786315169341439],[106.35244868951531,10.786314897876599],[106.35244560536772,10.786315146533953],[106.35244260644642,10.786315908287087],[106.35243977749317,10.786317161610821],[106.35243719844691,10.786318871089462],[106.35243494218483,10.786320988417552],[106.35243307246306,10.786323453764862],[106.35168975928693,10.787546774334158],[106.35168865025258,10.787549467840096],[106.35168801077211,10.787552309669815],[106.35168785912045,10.787555218610034],[106.3516881996315,10.787558111529606],[106.35168902257418,10.787560905755218],[106.35169030443059,10.787563521434011],[106.35169200856809,10.787565883815606],[106.35169408628616,10.787567925388306],[106.35175515917408,10.787603379237122],[106.3517598461433,10.787603220064936],[106.35176444366132,10.787602294946502],[106.35176882741463,10.787600628896348],[106.35177287886972,10.78759826696326],[106.35177648847818,10.787595273012188],[106.35177955863881,10.787591727997398],[106.35178200633672,10.787587727773509],[106.35254051753216,10.786385025165952],[106.35253395109261,10.786359734106616]]},"properties":{"OBJECTID":284,"maNhanDang":" ","phienBan":0,"ngayPhienBan":1787739118000,"giaTriDoChinhXacMatPhang":0,"nguyenNhanThayDoi":null,"maDoiTuong":"KG05","loaiTrangThaiDuongBoNuoc":1,"loaiDuongBoNuoc":"Phá","SHAPE_Length":344.07704463351536}},{"type":"Feature","id":285,"geometry":{"type":"LineString","coordinates":[[106.35232124790896,10.786261212772368],[106.35156076177529,10.787473523836073],[106.35155941737371,10.787476117723337],[106.35155851104003,10.787478895172887],[106.35155806672874,10.787481782776432],[106.35155809618306,10.787484704214295],[106.35155859862448,10.787487582272558],[106.35155956077342,10.787490340883828],[106.35156095720021,10.787492907137713],[106.3515627509971,10.787495213207841],[106.35156489475386,10.78749719814453],[106.35156733181078,10.787498809485692],[106.35163493609988,10.787536447620763],[106.3516377553467,10.787537722030686],[106.35164074820986,10.787538506277714],[106.35164383014548,10.787538778208047],[106.35164691409352,10.787538530140067],[106.35164991293711,10.787537769081316],[106.35165274196342,10.78753651653056],[106.35165532125673,10.78753480787047],[106.35165757795588,10.787532691368121],[106.35165944831253,10.787530226811512],[106.35242028933513,10.786318104692448],[106.35242163481215,10.786315510690537],[106.35242254211256,10.786312732928801],[106.35242298724832,10.786309844848388],[106.35242295845046,10.786306922807148],[106.35242245648038,10.786304044060831],[106.35242149460966,10.786301284720507],[106.35242009826916,10.786298717740275],[106.35241830437667,10.786296410988438],[106.35241616036085,10.786294425453123],[106.35241372290726,10.786292813629831],[106.35234576182066,10.786254986486499],[106.35232124790896,10.786261212772368]]},"properties":{"OBJECTID":285,"maNhanDang":" ","phienBan":0,"ngayPhienBan":1787739118000,"giaTriDoChinhXacMatPhang":0,"nguyenNhanThayDoi":null,"maDoiTuong":"KG05","loaiTrangThaiDuongBoNuoc":1,"loaiDuongBoNuoc":"Phá","SHAPE_Length":344.87060676416701}},{"type":"Feature","id":286,"geometry":{"type":"LineString","coordinates":[[106.35222430085869,10.786207249632133],[106.35146382174811,10.787419553228524],[106.35146247713652,10.78742214696881],[106.3514615705834,10.787424924311143],[106.35146112605027,10.787427811846301],[106.35146115528678,10.78743073325251],[106.3514616575202,10.787433611312725],[106.35146261947574,10.787436369955605],[106.35146401572752,10.787438936266183],[106.35146580937055,10.787441242413113],[106.35146795299625,10.78744322744156],[106.3514703899454,10.787444838884319],[106.35152311852578,10.787474195496758],[106.35152593778022,10.787475469847108],[106.35152893063722,10.787476254048249],[106.3515320125578,10.787476525948927],[106.35153509648723,10.787476277868789],[106.351538095314,10.787475516815331],[106.35154092433055,10.787474264285963],[106.35154350362588,10.787472555660774],[106.35154576034286,10.787470439203146],[106.35154763073622,10.787467974696476],[106.35230846478186,10.786255861886904],[106.35230981027982,10.786253267889059],[106.35231071759753,10.786250490126616],[106.35231116274599,10.786247602042051],[106.35231113395574,10.7862446799947],[106.35231063198796,10.786241801241852],[106.35230967011442,10.786239041896115],[106.35230827376651,10.786236474913039],[106.35230647986288,10.786234168162219],[106.35230433583332,10.786232182632846],[106.3523018983648,10.786230570821205],[106.3522488147721,10.786201025162214],[106.35222430085869,10.786207249632133]]},"properties":{"OBJECTID":286,"maNhanDang":" ","phienBan":0,"ngayPhienBan":1787739118000,"giaTriDoChinhXacMatPhang":0,"nguyenNhanThayDoi":null,"maDoiTuong":"KG05","loaiTrangThaiDuongBoNuoc":1,"loaiDuongBoNuoc":"Phá","SHAPE_Length":341.13403452223685}},{"type":"Feature","id":287,"geometry":{"type":"LineString","coordinates":[[106.35209796875711,10.786136932456326],[106.35133749474582,10.787349223097589],[106.35133615001811,10.787351816991425],[106.35133524337117,10.787354594502755],[106.35133479876858,10.787357482219219],[106.35133482796162,10.787360403815635],[106.35133533017869,10.787363282071334],[106.35133629214567,10.78736604091119],[106.35133768843689,10.787368607416347],[106.35133948214694,10.787370913751554],[106.35134162586633,10.787372898958102],[106.35134406293443,10.78737451056503],[106.3514261400597,10.787420205061654],[106.35142895931186,10.787421479423275],[106.35143195216915,10.787422263633411],[106.35143503409176,10.787422535540335],[106.35143811802401,10.787422287463434],[106.35144111685349,10.787421526410187],[106.35144394587169,10.78742027387821],[106.35144652516678,10.787418565248013],[106.35144878188092,10.787416448783604],[106.35145065226827,10.787413984269158],[106.35221148112316,10.786201880731706],[106.35221282670641,10.786199286749296],[106.3522137340935,10.786196508982625],[106.35221417929179,10.78619362087988],[106.35221415052962,10.786190698806688],[106.35221364856748,10.78618782002691],[106.35221268667799,10.786185060659662],[106.3522112902949,10.786182493666622],[106.35220949634061,10.786180186922813],[106.35220735224986,10.786178201421894],[106.35220491471556,10.786176589663388],[106.35212248266446,10.78613070618837],[106.35209796875711,10.786136932456326]]},"properties":{"OBJECTID":287,"maNhanDang":" ","phienBan":0,"ngayPhienBan":1787739118000,"giaTriDoChinhXacMatPhang":0,"nguyenNhanThayDoi":null,"maDoiTuong":"KG05","loaiTrangThaiDuongBoNuoc":1,"loaiDuongBoNuoc":"Phá","SHAPE_Length":348.4982958366607}},{"type":"Feature","id":288,"geometry":{"type":"LineString","coordinates":[[106.3519912395769,10.786077525713699],[106.35123077072828,10.787289807060795],[106.35122942624302,10.787292400822711],[106.3512285197917,10.787295178157317],[106.3512280753304,10.787298065664135],[106.35122810460548,10.787300987031019],[106.35122860684326,10.787303865050944],[106.35122956877042,10.787306623662486],[106.35123096496477,10.787309189959986],[106.35123275852712,10.787311496120338],[106.35123490205653,10.787313481195442],[106.35123733890296,10.78731509272296],[106.35129981123262,10.787349873110255],[106.35130263047711,10.787351147519795],[106.35130562333775,10.787351931767409],[106.35130870527094,10.787352203699337],[106.35131178921689,10.787351955633929],[106.351314788059,10.787351194578644],[106.35131761708469,10.787349942032096],[106.3513201963784,10.787348233376758],[106.35132245307916,10.787346116879458],[106.35132432343872,10.787343652327923],[106.35208514536536,10.786131561749299],[106.35208649089734,10.786128967758202],[106.35208739824319,10.786126189994782],[106.35208784341251,10.78612330190365],[106.35208781463494,10.786120379846507],[106.35208731267136,10.786117501083114],[106.35208635079378,10.786114741728543],[106.35208495443446,10.786112174740675],[106.35208316051339,10.786109867991168],[106.35208101646219,10.78610788247094],[106.35207857897001,10.786106270677532],[106.35201575165335,10.786071299457875],[106.3519912395769,10.786077525713699]]},"properties":{"OBJECTID":288,"maNhanDang":" ","phienBan":0,"ngayPhienBan":1787739118000,"giaTriDoChinhXacMatPhang":0,"nguyenNhanThayDoi":null,"maDoiTuong":"KG05","loaiTrangThaiDuongBoNuoc":1,"loaiDuongBoNuoc":"Phá","SHAPE_Length":343.57421558624117}},{"type":"Feature","id":289,"geometry":{"type":"LineString","coordinates":[[106.35187252023535,10.786011446505437],[106.35111205834029,10.787223716719348],[106.35111071397245,10.787226310611151],[106.35110980766495,10.78722908805716],[106.35110936337078,10.787231975651711],[106.35110939283229,10.78723489707801],[106.35110989527081,10.787237775125114],[106.35111085740731,10.787240533728555],[106.3511122538133,10.787243099980669],[106.3511140475829,10.78724540605748],[106.35111619130819,10.787247391011237],[106.35111862833229,10.787249002381207],[106.35119308538914,10.787290455255446],[106.35119590463408,10.787291729656362],[106.35119889749316,10.787292513897581],[106.35120197942355,10.787292785825706],[106.35120506336628,10.787292537759258],[106.35120806220559,10.787291776705667],[106.3512108912297,10.787290524163314],[106.35121347052382,10.78728881551425],[106.35121572722755,10.787286699024706],[106.35121759759313,10.787284234481673],[106.35197841435699,10.78607215319736],[106.35197975981706,10.786069559193853],[106.35198066710487,10.786066781434725],[106.35198111223316,10.786063893359625],[106.35198108343343,10.786060971324796],[106.35198058146709,10.786058092584314],[106.35197961960534,10.786055333247626],[106.35197822327834,10.786052766267325],[106.3519764294028,10.786050459510395],[106.35197428540603,10.786048473963923],[106.35197184797197,10.786046862122683],[106.35189703413829,10.78600522025558],[106.35187252023535,10.786011446505437]]},"properties":{"OBJECTID":289,"maNhanDang":" ","phienBan":0,"ngayPhienBan":1787739118000,"giaTriDoChinhXacMatPhang":0,"nguyenNhanThayDoi":null,"maDoiTuong":"KG05","loaiTrangThaiDuongBoNuoc":1,"loaiDuongBoNuoc":"Phá","SHAPE_Length":346.58023467016096}},{"type":"Feature","id":290,"geometry":{"type":"LineString","coordinates":[[106.35176161315239,10.785949713424205],[106.35100115823687,10.787161974330903],[106.35099981371597,10.787164568085773],[106.35099890723518,10.787167345421425],[106.35099846275203,10.787170232935148],[106.35099849201387,10.787173154312306],[106.35099899424732,10.787176032343288],[106.35099995617875,10.787178790964079],[106.35100135238511,10.787181357266583],[106.35100314596582,10.78718366342552],[106.35100528951797,10.787185648490986],[106.35100772638926,10.787187259999325],[106.35107439497929,10.787224377513802],[106.35107721407732,10.787225651569461],[106.35108020672105,10.787226435543401],[106.35108328838993,10.787226707294032],[106.35108637204917,10.787226459146364],[106.35108937060771,10.787225698108776],[106.351092199378,10.787224445675063],[106.35109477846777,10.787222737217409],[106.35109703503639,10.78722062098737],[106.35109890535216,10.787218156753111],[106.35185971699104,10.786006086598517],[106.35186106270197,10.786003492465333],[106.35186197019283,10.786000714529909],[106.35186241546849,10.785997826244175],[106.35186238675531,10.785994903977857],[106.35186188481254,10.785992024999162],[106.3518609229121,10.785989265431727],[106.3518595264878,10.785986698241809],[106.35185773246278,10.785984391308972],[106.3518555882732,10.785982405631279],[106.35185315061398,10.785980793712415],[106.35178612705677,10.785943488991441],[106.35176161315239,10.785949713424205]]},"properties":{"OBJECTID":290,"maNhanDang":" ","phienBan":0,"ngayPhienBan":1787739118000,"giaTriDoChinhXacMatPhang":0,"nguyenNhanThayDoi":null,"maDoiTuong":"KG05","loaiTrangThaiDuongBoNuoc":1,"loaiDuongBoNuoc":"Phá","SHAPE_Length":344.62232474535239}},{"type":"Feature","id":291,"geometry":{"type":"LineString","coordinates":[[106.35165060542074,10.785887926250458],[106.3508901574809,10.787100176041523],[106.35088881287709,10.787102769781352],[106.35088790632879,10.787105547121067],[106.3508874617971,10.787108434652415],[106.35088749103151,10.787111356054659],[106.35088799325932,10.787114234111806],[106.35088895520606,10.787116992753532],[106.3508903514464,10.787119559065797],[106.3508921450761,10.787121865218042],[106.35089428868751,10.787123850256039],[106.35089672562252,10.787125461712975],[106.35096348023406,10.787162626098937],[106.35096629930666,10.787163900328858],[106.35096929196514,10.787164684438149],[106.35097237367496,10.787164956277843],[106.3509754573861,10.787164708169195],[106.35097845599198,10.787163947120607],[106.35098128479007,10.787162694629659],[106.35098386387443,10.78716098607585],[106.35098612039285,10.787158869721235],[106.35098799060475,10.787156405347146],[106.35174879709641,10.785944346304579],[106.35175014268924,10.785941752041332],[106.35175105003572,10.78593897399449],[106.35175149514379,10.785936085621127],[106.35175146624391,10.785933163295567],[106.35175096410026,10.785930284289902],[106.3517500019905,10.785927524730752],[106.35174860535473,10.785924957586344],[106.35174681112278,10.785922650737069],[106.35174466673769,10.785920665180603],[106.35174222890127,10.785919053419001],[106.35167511931935,10.785881700018425],[106.35165060542074,10.785887926250458]]},"properties":{"OBJECTID":291,"maNhanDang":" ","phienBan":0,"ngayPhienBan":1787739118000,"giaTriDoChinhXacMatPhang":0,"nguyenNhanThayDoi":null,"maDoiTuong":"KG05","loaiTrangThaiDuongBoNuoc":1,"loaiDuongBoNuoc":"Phá","SHAPE_Length":344.64132309603872}},{"type":"Feature","id":292,"geometry":{"type":"LineString","coordinates":[[106.35153803052819,10.785825265105885],[106.35077758590192,10.787037503784866],[106.35077624124806,10.787040097689991],[106.35077533465955,10.78704287519518],[106.35077489009667,10.787045762893516],[106.35077491930885,10.787048684465775],[106.35077542152402,10.787051562697481],[106.35077638346908,10.787054321519603],[106.35077777972073,10.787056888019],[106.35077957337731,10.787059194365446],[106.3507817170341,10.787061179604313],[106.35078415403623,10.787062791267561],[106.35085248131719,10.787100829600297],[106.35085530053975,10.78710210414231],[106.35085829340893,10.787102888493795],[106.35086137537071,10.787103160495379],[106.350864459354,10.787102912462517],[106.35086745823062,10.787102151402596],[106.35087028727682,10.78710089881695],[106.35087286656686,10.78709919009342],[106.35087512323106,10.787097073506576],[106.35087699351453,10.787094608853872],[106.35163779303035,10.785882560927066],[106.35163913851963,10.785879966820348],[106.35164004578309,10.785877188942727],[106.35164049083022,10.785874300748809],[106.35164046189279,10.785871378610262],[106.35163995973595,10.785868499796344],[106.35163899763812,10.785865740430689],[106.35163760103974,10.785863173478401],[106.35163580687069,10.785860866816646],[106.35163366257362,10.785858881439809],[106.35163122484958,10.785857269846636],[106.3515625425958,10.785819038886439],[106.35153803052819,10.785825265105885]]},"properties":{"OBJECTID":292,"maNhanDang":" ","phienBan":0,"ngayPhienBan":1787739118000,"giaTriDoChinhXacMatPhang":0,"nguyenNhanThayDoi":null,"maDoiTuong":"KG05","loaiTrangThaiDuongBoNuoc":1,"loaiDuongBoNuoc":"Phá","SHAPE_Length":345.03348439190154}},{"type":"Feature","id":293,"geometry":{"type":"LineString","coordinates":[[106.35141911364377,10.785759073988274],[106.35065867597055,10.786971301533635],[106.35065733119083,10.786973895416088],[106.35065642449999,10.786976672927629],[106.3506559798637,10.786979560652901],[106.35065600903465,10.786982482263365],[106.35065651124177,10.786985360534839],[106.35065747321069,10.786988119388669],[106.35065886951459,10.78699068590266],[106.35066066324629,10.786992992238558],[106.35066280699374,10.786994977435146],[106.35066524409329,10.786996589019592],[106.35073991340624,10.787038159130613],[106.3507427324848,10.787039433307141],[106.35074572513686,10.787040217375644],[106.35074880683234,10.787040489189422],[106.35075189052606,10.787040241070862],[106.35075488911639,10.787039480028284],[106.35075771790552,10.787038227558005],[106.35076029699184,10.787036519037141],[106.35076255352678,10.787034402724361],[106.35076442377256,10.787031938396767],[106.3515252181423,10.785819899777554],[106.35152656350928,10.78581730564952],[106.35152747067389,10.785814527778935],[106.35152791565088,10.785811639612035],[106.35152788667519,10.785808717511252],[106.35152738451293,10.785805838736225],[106.35152642244115,10.785803079401077],[106.35152502589679,10.785800512461961],[106.35152323180414,10.785798205788129],[106.3515210875986,10.785796220367482],[106.35151864997242,10.785794608694061],[106.35144362570905,10.785752847778372],[106.35141911364377,10.785759073988274]]},"properties":{"OBJECTID":293,"maNhanDang":" ","phienBan":0,"ngayPhienBan":1787739118000,"giaTriDoChinhXacMatPhang":0,"nguyenNhanThayDoi":null,"maDoiTuong":"KG05","loaiTrangThaiDuongBoNuoc":1,"loaiDuongBoNuoc":"Phá","SHAPE_Length":346.62252431649586}},{"type":"Feature","id":294,"geometry":{"type":"LineString","coordinates":[[106.35139973127184,10.785728415763371],[106.35133369281446,10.785691658715026],[106.35133087306041,10.785690384233861],[106.35132787965703,10.785689600109237],[106.35132479719955,10.785689328500935],[106.3513217127999,10.785689577084755],[106.35131871362486,10.785690338835584],[106.35131588443278,10.785691592225927],[106.35131330517817,10.785693301834293],[106.35131104875214,10.785695419346219],[106.35130917892252,10.785697884919662],[106.35054874822808,10.786910101351845],[106.35054740349946,10.786912695242998],[106.35054649684974,10.786915472751353],[106.35054605224244,10.786918360465103],[106.35054608142885,10.78692128205962],[106.35054658363757,10.786924160314781],[106.35054754559481,10.786926919155956],[106.35054894187526,10.786929485664725],[106.35055073557409,10.786931792006174],[106.35055287928238,10.786933777221815],[106.35055531634016,10.786935388840785],[106.35062099982079,10.786971955063395],[106.35062381904417,10.786973229587966],[106.35062681191009,10.786974013926534],[106.35062989386607,10.78697428592049],[106.35063297784274,10.786974037885642],[106.35063597671362,10.786973276829308],[106.35063880575663,10.786972024252345],[106.3506413850475,10.786970315541726],[106.35064364171782,10.786968198970811],[106.35064551201364,10.786965734335565],[106.35140629760132,10.78575370685364],[106.35139973127184,10.785728415763371]]},"properties":{"OBJECTID":294,"maNhanDang":" ","phienBan":0,"ngayPhienBan":1787739118000,"giaTriDoChinhXacMatPhang":0,"nguyenNhanThayDoi":null,"maDoiTuong":"KG05","loaiTrangThaiDuongBoNuoc":1,"loaiDuongBoNuoc":"Phá","SHAPE_Length":344.31447135987571}},{"type":"Feature","id":295,"geometry":{"type":"LineString","coordinates":[[106.3512897983944,10.78566722668339],[106.35121493347808,10.785625555808815],[106.35121211373033,10.785624281288991],[106.35120912032437,10.785623497134086],[106.35120603785847,10.785623225505521],[106.35120295344785,10.785623474079937],[106.3511999542627,10.785624235832243],[106.35119712506462,10.785625489234141],[106.35119454581108,10.785627198862565],[106.35119228939578,10.785629316400787],[106.35119041958848,10.785631782003913],[106.35042999584753,10.786843987302841],[106.3504286510471,10.786846581180892],[106.35042774433884,10.786849358692679],[106.35042729968936,10.786852246421615],[106.35042732885184,10.786855168037798],[106.35042783105543,10.786858046315603],[106.35042879302564,10.786860805174946],[106.3504301893352,10.786863371692272],[106.35043198307615,10.786865678028105],[106.35043412683542,10.786867663220221],[106.35043656394811,10.786869274795025],[106.35051107391739,10.786910756672466],[106.35051389315912,10.786912031061764],[106.35051688601212,10.786912815295773],[106.35051996793496,10.786913087221633],[106.35052305187018,10.786912839158047],[106.35052605070351,10.786912078112255],[106.35052887972459,10.786910825582106],[106.35053145901988,10.786909116948783],[106.35053371573004,10.786907000477363],[106.35053558610805,10.786904535953449],[106.35129636654204,10.785692517773107],[106.3512897983944,10.78566722668339]]},"properties":{"OBJECTID":295,"maNhanDang":" ","phienBan":0,"ngayPhienBan":1787739118000,"giaTriDoChinhXacMatPhang":0,"nguyenNhanThayDoi":null,"maDoiTuong":"KG05","loaiTrangThaiDuongBoNuoc":1,"loaiDuongBoNuoc":"Phá","SHAPE_Length":346.52753635015625}},{"type":"Feature","id":296,"geometry":{"type":"LineString","coordinates":[[106.35108436816263,10.785572751524423],[106.35032394958644,10.786784947530737],[106.35032260480398,10.786787541411636],[106.35032169811004,10.786790318922042],[106.35032125347038,10.786793206646674],[106.35032128263776,10.786796128257057],[106.35032178484121,10.786799006529051],[106.35032274680646,10.786801765384034],[106.35032414310682,10.786804331899823],[106.35032593683519,10.786806638238152],[106.35032808057967,10.78680862343778],[106.35033051767671,10.786810235025815],[106.35039232703765,10.786844646214325],[106.35039514628616,10.786845920549712],[106.35039813913346,10.786846704742246],[106.35040122104256,10.786846976641364],[106.35040430496083,10.786846728566918],[106.35040730377889,10.786845967526098],[106.3504101327911,10.786844715015519],[106.35041271208824,10.786843006414017],[106.35041496881462,10.786840889983321],[106.350416839226,10.786838425504849],[106.35117761270629,10.785626418457865],[106.3511789582161,10.785623824465739],[106.35117986554631,10.785621046706998],[106.35118031070763,10.785618158624045],[106.35118028193025,10.785615236576199],[106.35117977997503,10.78561235782079],[106.35117881811337,10.785609598470522],[106.35117742177636,10.785607031481094],[106.3511756278824,10.785604724722287],[106.35117348386103,10.785602739183529],[106.35117104639902,10.785601127361371],[106.35110888022139,10.785566525341386],[106.35108436816263,10.785572751524423]]},"properties":{"OBJECTID":296,"maNhanDang":" ","phienBan":0,"ngayPhienBan":1787739118000,"giaTriDoChinhXacMatPhang":0,"nguyenNhanThayDoi":null,"maDoiTuong":"KG05","loaiTrangThaiDuongBoNuoc":1,"loaiDuongBoNuoc":"Phá","SHAPE_Length":343.38674294225802}},{"type":"Feature","id":297,"geometry":{"type":"LineString","coordinates":[[106.35096143094709,10.785504322249475],[106.35020101931248,10.786716507113047],[106.35019967452489,10.786719100992643],[106.35019876782647,10.786721878502858],[106.35019832318321,10.786724766228151],[106.35019835234795,10.786727687839765],[106.35019885454983,10.786730566113256],[106.35019981651456,10.786733324969694],[106.35020121281538,10.786735891486604],[106.35020300654506,10.786738197825448],[106.35020515029147,10.786740183024762],[106.35020758739083,10.786741794611475],[106.35028626064444,10.786785595618838],[106.35028907988702,10.786786869990816],[106.35029207273681,10.786787654211999],[106.35029515465394,10.78678792613027],[106.35029823858262,10.786787678064675],[106.35030123741028,10.786786917022395],[106.35030406642819,10.786785664500803],[106.3503066457243,10.786783955880225],[106.35030890244052,10.78678183942454],[106.35031077283072,10.786779374917865],[106.35107154114624,10.785567377163698],[106.3510728866613,10.785564783172841],[106.35107379399606,10.785562005414217],[106.35107423916101,10.785559117330505],[106.35107421038616,10.785556195281334],[106.35107370843232,10.785553316524364],[106.35107274657092,10.785550557172627],[106.35107135023316,10.785547990182137],[106.35106955633755,10.785545683422958],[106.3510674123139,10.785543697884766],[106.35106497484921,10.785542086064291],[106.35098594483584,10.785498097880946],[106.35096143094709,10.785504322249475]]},"properties":{"OBJECTID":297,"maNhanDang":" ","phienBan":0,"ngayPhienBan":1787739118000,"giaTriDoChinhXacMatPhang":0,"nguyenNhanThayDoi":null,"maDoiTuong":"KG05","loaiTrangThaiDuongBoNuoc":1,"loaiDuongBoNuoc":"Phá","SHAPE_Length":347.61724225866016}},{"type":"Feature","id":298,"geometry":{"type":"LineString","coordinates":[[106.35084763516565,10.785440983326797],[106.35008723049881,10.786653157068415],[106.35008588568353,10.786655750942741],[106.35008497896236,10.786658528454016],[106.35008453430245,10.786661416184916],[106.35008456345741,10.7866643378047],[106.35008506565659,10.786667216086855],[106.35008602762547,10.786669974950398],[106.35008742393656,10.786672541470912],[106.35008921768144,10.78667484780814],[106.35009136144652,10.786676832999195],[106.35009379856609,10.786678444569963],[106.35016332671668,10.786717153384647],[106.35016614611507,10.786718428026722],[106.35016913917171,10.786719212457562],[106.35017222133064,10.786719484516453],[106.35017530551875,10.786719236517543],[106.35017830460556,10.786718475466973],[106.35018113386482,10.786717222864947],[106.35018371336795,10.786715514098349],[106.35018597024222,10.786713397441018],[106.35018784072936,10.786710932689996],[106.35094860210673,10.785498947886891],[106.35094994766702,10.785496353620438],[106.35095085498918,10.785493575578421],[106.3509513000827,10.785490687215093],[106.35095127117883,10.78548776490171],[106.35095076904183,10.7854848859072],[106.35094980694872,10.785482126355101],[106.35094841033821,10.785479559210767],[106.3509466161381,10.7854772523521],[106.35094447178885,10.785475266774785],[106.35094203398926,10.785473654979494],[106.35087214904858,10.785434757159219],[106.35084763516565,10.785440983326797]]},"properties":{"OBJECTID":298,"maNhanDang":" ","phienBan":0,"ngayPhienBan":1787739118000,"giaTriDoChinhXacMatPhang":0,"nguyenNhanThayDoi":null,"maDoiTuong":"KG05","loaiTrangThaiDuongBoNuoc":1,"loaiDuongBoNuoc":"Phá","SHAPE_Length":345.31928406418308}},{"type":"Feature","id":299,"geometry":{"type":"LineString","coordinates":[[106.35073719168858,10.785379507526486],[106.34997679034511,10.786591671969086],[106.34997544589399,10.786594265733035],[106.34997453946711,10.786597043060988],[106.34997409501888,10.786599930555749],[106.34997412429482,10.786602851908714],[106.34997462652126,10.786605729916504],[106.34997558842574,10.786608488521228],[106.34997698458771,10.786611054820495],[106.34997877811048,10.786613360994023],[106.3499809215961,10.786615346095944],[106.34998335839811,10.786616957665432],[106.35004954706118,10.78665380692442],[106.35005236628405,10.786655081423799],[106.35005535914348,10.786655865744349],[106.35005844108943,10.786656137728565],[106.35006152505515,10.786655889692732],[106.35006452391679,10.786655128644005],[106.35006735295477,10.786653876082459],[106.3500699322471,10.786652167393685],[106.35007218892729,10.786650050849138],[106.3500740592428,10.786647586242438],[106.35083481548102,10.785435612557853],[106.35083616090508,10.785433018442147],[106.35083706811773,10.785430240571131],[106.35083751313141,10.78542735239437],[106.35083748417955,10.78542443027802],[106.35083698202763,10.785421551485626],[106.35083601995306,10.785418792135214],[106.35083462339399,10.785416225186646],[106.3508328292768,10.785413918512493],[106.35083068503964,10.785411933103424],[106.35082824737819,10.785410321455553],[106.35076170374056,10.785373281371328],[106.35073719168858,10.785379507526486]]},"properties":{"OBJECTID":299,"maNhanDang":" ","phienBan":0,"ngayPhienBan":1787739118000,"giaTriDoChinhXacMatPhang":0,"nguyenNhanThayDoi":null,"maDoiTuong":"KG05","loaiTrangThaiDuongBoNuoc":1,"loaiDuongBoNuoc":"Phá","SHAPE_Length":344.4776091971068}},{"type":"Feature","id":300,"geometry":{"type":"LineString","coordinates":[[106.35061929309018,10.785313883686566],[106.34985889870276,10.786526036997902],[106.34985755424941,10.786528630761078],[106.34985664782042,10.786531408088699],[106.34985620337025,10.786534295583511],[106.34985623264453,10.786537216936837],[106.3498567348696,10.786540094945213],[106.34985769677304,10.78654285355066],[106.34985909293432,10.786545419850704],[106.3498608864567,10.786547726024972],[106.3498630299422,10.78654971112752],[106.34986546674432,10.786551322697457],[106.34993910691414,10.786592321811218],[106.34994192615369,10.786593596187124],[106.34994491900126,10.786594380412268],[106.3499480009169,10.786594652334385],[106.34995108484473,10.786594404272403],[106.34995408367205,10.786593643233408],[106.34995691269,10.786592390714716],[106.3499594919864,10.786590682096634],[106.349961748703,10.786588565643047],[106.34996361909361,10.786586101138111],[106.35072436835073,10.785374136759815],[106.3507257140905,10.785371542635378],[106.35072662160769,10.785368764702747],[106.35072706690607,10.785365876414934],[106.35072703821126,10.785362954142915],[106.35072653628197,10.785360075156264],[106.35072557439003,10.785357315580022],[106.35072417796941,10.785354748381822],[106.35072238394372,10.785352441442519],[106.35072023974988,10.785350455761296],[106.35071780208382,10.785348843842762],[106.35064380696866,10.78530765753732],[106.35061929309018,10.785313883686566]]},"properties":{"OBJECTID":300,"maNhanDang":" ","phienBan":0,"ngayPhienBan":1787739118000,"giaTriDoChinhXacMatPhang":0,"nguyenNhanThayDoi":null,"maDoiTuong":"KG05","loaiTrangThaiDuongBoNuoc":1,"loaiDuongBoNuoc":"Phá","SHAPE_Length":346.34558701852222}},{"type":"Feature","id":301,"geometry":{"type":"LineString","coordinates":[[106.35053440166806,10.785246761883572],[106.35059990533391,10.785283221799114],[106.3506023428603,10.785284833571474],[106.35060448694065,10.785286819085135],[106.35060628088225,10.785289125840125],[106.35060767725058,10.785291692842371],[106.35060863912355,10.785294452216469],[106.35060914106781,10.785297331000415],[106.35060916981119,10.785300253074825],[106.35060872459367,10.785303141175655],[106.35060781718747,10.785305918937169],[106.35060647158578,10.785308512911172],[106.34984572928489,10.786520466158068],[106.34984385894238,10.786522930727541],[106.34984160224899,10.786525047238516],[106.34983902295505,10.786526755900729],[106.34983619392419,10.786528008445416],[106.34983319507498,10.786528769488882],[106.34983011112323,10.786529017532072],[106.34982702918889,10.786528745567901],[106.34982403633489,10.786527961279209],[106.34982121710772,10.786526686821713],[106.34975606841567,10.786490415925931],[106.34975363153968,10.786488804415654],[106.34975148798547,10.786486819345052],[106.34974969440623,10.786484513178662],[106.34974829820544,10.786481946867433],[106.3497473362841,10.786479188237836],[106.34974683406533,10.786476310199221],[106.34974680482257,10.786473388816876],[106.3497472493287,10.786470501301638],[106.3497481558356,10.786467723969253],[106.3497495003847,10.786465130223382],[106.35050988778814,10.785252986215852],[106.35053440166806,10.785246761883572]]},"properties":{"OBJECTID":301,"maNhanDang":" ","phienBan":0,"ngayPhienBan":1787739118000,"giaTriDoChinhXacMatPhang":0,"nguyenNhanThayDoi":null,"maDoiTuong":"KG05","loaiTrangThaiDuongBoNuoc":1,"loaiDuongBoNuoc":"Phá","SHAPE_Length":344.21122810510951}},{"type":"Feature","id":302,"geometry":{"type":"LineString","coordinates":[[106.35039308595633,10.785187973134354],[106.3496327036797,10.786400104208468],[106.34963135916213,10.786402697959549],[106.34963045268049,10.786405475289779],[106.34963000819198,10.786408362797728],[106.34963003744389,10.786411284170093],[106.34963053966312,10.786414162198588],[106.34963150157665,10.786416920820443],[106.34963289776228,10.786419487128668],[106.3496346913205,10.786421793298878],[106.3496368348498,10.786423778381822],[106.34963927169933,10.786425389914195],[106.34971182062867,10.786465781838151],[106.349714639864,10.786467056232445],[106.34971763271153,10.786467840472435],[106.34972071462998,10.786468112405098],[106.34972379856202,10.786467864348939],[106.34972679739346,10.786467103310994],[106.34972962641397,10.786465850788886],[106.34973220571005,10.786464142163574],[106.34973446242232,10.786462025699914],[106.3497363328037,10.786459561183289],[106.35049706994928,10.785247617236754],[106.35049841537086,10.785245023121687],[106.35049932258239,10.785242245252098],[106.35049976759646,10.785239357077121],[106.3504997386465,10.785236434962455],[106.35049923649802,10.785233556171198],[106.35049827442819,10.785230796820935],[106.35049687787496,10.785228229871137],[106.3504950837643,10.78522592319405],[106.35049293953399,10.785223937780096],[106.35049050187921,10.785222326125243],[106.35041759800157,10.785181747006803],[106.35039308595633,10.785187973134354]]},"properties":{"OBJECTID":302,"maNhanDang":" ","phienBan":0,"ngayPhienBan":1787739118000,"giaTriDoChinhXacMatPhang":0,"nguyenNhanThayDoi":null,"maDoiTuong":"KG05","loaiTrangThaiDuongBoNuoc":1,"loaiDuongBoNuoc":"Phá","SHAPE_Length":346.06599071420453}},{"type":"Feature","id":303,"geometry":{"type":"LineString","coordinates":[[106.35037369823094,10.785157311230792],[106.35030297124453,10.785117942968087],[106.35030015149464,10.785116668509342],[106.3502971581009,10.785115884399369],[106.35029407565598,10.785115612796945],[106.35029099126913,10.785115861377498],[106.35028799210447,10.785116623116195],[106.35028516291774,10.785117876486462],[106.35028258366118,10.785119586068317],[106.35028032722403,10.785121703549343],[106.35027845737271,10.785124169089972],[106.34951808206513,10.786336290848473],[106.34951673764445,10.786338884725822],[106.34951583128999,10.78634166216858],[106.34951538695677,10.786344549768739],[106.34951541638856,10.786347471206819],[106.34951591880747,10.786350349269],[106.34951688093452,10.786353107887896],[106.34951827734064,10.786355674153009],[106.3495200711187,10.786357980237769],[106.34952221485905,10.786359965192188],[106.34952465190244,10.786361576553778],[106.34959502210191,10.786400755812128],[106.34959784133849,10.786402030191692],[106.34960083418385,10.78640281442058],[106.34960391609795,10.78640308634639],[106.34960700002486,10.786402838287936],[106.34960999885178,10.786402077252216],[106.34961282786973,10.786400824736484],[106.34961540716641,10.786399116121007],[106.34961766388349,10.786396999669675],[106.34961953427465,10.786394535166661],[106.35038026446087,10.785182602349035],[106.35037369823094,10.785157311230792]]},"properties":{"OBJECTID":303,"maNhanDang":" ","phienBan":0,"ngayPhienBan":1787739118000,"giaTriDoChinhXacMatPhang":0,"nguyenNhanThayDoi":null,"maDoiTuong":"KG05","loaiTrangThaiDuongBoNuoc":1,"loaiDuongBoNuoc":"Phá","SHAPE_Length":345.46709001703857}},{"type":"Feature","id":304,"geometry":{"type":"LineString","coordinates":[[106.35017062122917,10.785064145422899],[106.34941025290654,10.786276256073018],[106.34940890812153,10.78627884995054],[106.34940800142316,10.786281627457582],[106.34940755677715,10.786284515179393],[106.34940758593638,10.786287436788035],[106.34940808813008,10.786290315059878],[106.34940905008432,10.786293073916767],[106.34941044637287,10.786295640436906],[106.34941224008915,10.786297946782327],[106.34941438382188,10.786299931991966],[106.34941682090815,10.786301543592984],[106.34948040781309,10.786336944231786],[106.34948322703801,10.786338218688151],[106.34948621988937,10.786339002976872],[106.34948930182107,10.786339274942289],[106.34949238577047,10.786339026901555],[106.34949538461798,10.78633826586166],[106.34949821364808,10.786337013321496],[106.34950079294246,10.786335304664526],[106.3495030496377,10.786333188159217],[106.3495049199836,10.786330723595494],[106.35026564503299,10.785118801898282],[106.35026699041931,10.785116207777712],[106.35026789760286,10.785113429910917],[106.35026834259776,10.785110541744466],[106.3502683136384,10.78510761964124],[106.35026781149043,10.785104740861405],[106.35026684943064,10.785101981519663],[106.35026545289578,10.785099414572777],[106.35026365881014,10.785097107890612],[106.35026151460917,10.785095122461653],[106.3502590769854,10.785093510780476],[106.35019513509889,10.785057919309669],[106.35017062122917,10.785064145422899]]},"properties":{"OBJECTID":304,"maNhanDang":" ","phienBan":0,"ngayPhienBan":1787739118000,"giaTriDoChinhXacMatPhang":0,"nguyenNhanThayDoi":null,"maDoiTuong":"KG05","loaiTrangThaiDuongBoNuoc":1,"loaiDuongBoNuoc":"Phá","SHAPE_Length":343.81139403897168}},{"type":"Feature","id":305,"geometry":{"type":"LineString","coordinates":[[106.35005970211266,10.785002460536766],[106.34929933894081,10.786214561883217],[106.349297993606,10.786217157237326],[106.34929708685576,10.78621993637257],[106.3492966426838,10.786222825749661],[106.34929667284344,10.786225748912178],[106.34929717653662,10.786228628509699],[106.34929814043501,10.786231388344582],[106.3492995390327,10.786233955388253],[106.3493013353211,10.786236261713626],[106.34930348176822,10.786238246292534],[106.34930592157649,10.786239856610619],[106.34935144711507,10.786265146468814],[106.34935146176348,10.786265155481427],[106.3493725841582,10.786276914856767],[106.34937540335451,10.786278188931302],[106.34937839610944,10.786278972864812],[106.34938147788506,10.786279244513119],[106.34938456162885,10.78627899620283],[106.3493875602327,10.786278234948096],[106.34939038899347,10.786276982252476],[106.34939296800567,10.786275273501518],[106.34939522441861,10.786273156963203],[106.34939709449421,10.786270692424495],[106.35015781438733,10.785058781832237],[106.3501591597815,10.785056187713399],[106.35016006697168,10.785053409846592],[106.35016051197169,10.78505052167883],[106.3501604830157,10.785047599573497],[106.35015998086931,10.785044720791287],[106.35015901880928,10.785041961447424],[106.35015762227259,10.785039394499181],[106.35015582818374,10.785037087816869],[106.35015368397863,10.785035102389349],[106.35015124635018,10.785033490711481],[106.35013390469304,10.785023837834958],[106.35013389187708,10.785023830627042],[106.35008420133545,10.784996227228039],[106.35005970211266,10.785002460536766]]},"properties":{"OBJECTID":305,"maNhanDang":" ","phienBan":0,"ngayPhienBan":1787739118000,"giaTriDoChinhXacMatPhang":0,"nguyenNhanThayDoi":null,"maDoiTuong":"KG05","loaiTrangThaiDuongBoNuoc":1,"loaiDuongBoNuoc":"Phá","SHAPE_Length":344.57857865982987}},{"type":"Feature","id":306,"geometry":{"type":"LineString","coordinates":[[106.34863735059295,10.781707625627195],[106.34938239778009,10.780484626923517],[106.34938370575155,10.780482020506609],[106.34938457502744,10.780479236883449],[106.34938498272582,10.780476349327305],[106.34938491811485,10.780473433847265],[106.34938438289528,10.780470567187452],[106.34938339115571,10.780467824806907],[106.34938196900166,10.78046527889326],[106.34938015386845,10.780462996462552],[106.34937799353584,10.780461037595165],[106.3493755448702,10.780459453854327],[106.34932047023334,10.780429504624289],[106.34931763257767,10.780428255747475],[106.3493146255438,10.780427500942666],[106.34931153447387,10.780427261631853],[106.34930844709503,10.78042754460688],[106.34930545102966,10.780428341836675],[106.34930263130863,10.78042963069519],[106.34930006795796,10.780431374603545],[106.3492978337277,10.780433524068158],[106.34929599202717,10.780436018085426],[106.34855074953742,10.781659335216416],[106.34854943744735,10.781661951766521],[106.34854856741593,10.781664746576025],[106.34854816251348,10.781667645535983],[106.34854823347666,10.781670571775731],[106.34854877842375,10.781673447701232],[106.3485497829046,10.781676197052622],[106.34855122028374,10.781678746926348],[106.34855305244673,10.78168102970834],[106.34855523081076,10.781682984866897],[106.34855769761295,10.781684560557794],[106.34861296746786,10.78171419129376],[106.34863735059295,10.781707625627195]]},"properties":{"OBJECTID":306,"maNhanDang":" ","phienBan":0,"ngayPhienBan":1787739118000,"giaTriDoChinhXacMatPhang":0,"nguyenNhanThayDoi":null,"maDoiTuong":"KG05","loaiTrangThaiDuongBoNuoc":1,"loaiDuongBoNuoc":"Phá","SHAPE_Length":341.90420327983168}},{"type":"Feature","id":307,"geometry":{"type":"LineString","coordinates":[[106.34875037115148,10.781771077272332],[106.34949541800924,10.780548078317862],[106.34949672611168,10.780545472033216],[106.34949759554239,10.780542688520704],[106.34949800341577,10.780539801049326],[106.34949793899558,10.780536885624537],[106.34949740397752,10.780534018987598],[106.34949641244459,10.780531276595555],[106.34949499049644,10.780528730635011],[106.34949317556227,10.780526448122007],[106.34949101541569,10.780524489137983],[106.34948856691715,10.780522905248295],[106.34943349042958,10.780492956043227],[106.34943065276713,10.780491707212178],[106.34942764573691,10.780490952443051],[106.3494245546774,10.780490713155929],[106.34942146731181,10.780490996141699],[106.34941847125853,10.780491793369324],[106.3494156515445,10.780493082213756],[106.34941308819224,10.780494826098034],[106.34941085394881,10.780496975531323],[106.34940901222126,10.780499469513442],[106.34866377188976,10.781722786891732],[106.34866245963522,10.781725403303529],[106.34866158942182,10.781728198004107],[106.34866118432498,10.781731096886517],[106.34866125508663,10.781734023081224],[106.34866179983037,10.781736898994456],[106.34866280411129,10.781739648365754],[106.34866424129888,10.781742198290161],[106.34866607328333,10.781744481151447],[106.34866825148598,10.781746436415085],[106.34867071814753,10.781748012233436],[106.3487259880243,10.781777642947915],[106.34875037115148,10.781771077272332]]},"properties":{"OBJECTID":307,"maNhanDang":" ","phienBan":0,"ngayPhienBan":1787739118000,"giaTriDoChinhXacMatPhang":0,"nguyenNhanThayDoi":null,"maDoiTuong":"KG05","loaiTrangThaiDuongBoNuoc":1,"loaiDuongBoNuoc":"Phá","SHAPE_Length":341.90414246997364}},{"type":"Feature","id":308,"geometry":{"type":"LineString","coordinates":[[106.34886269476665,10.781823323036637],[106.34960774127646,10.78060032564168],[106.34960904950429,10.780597719093301],[106.34960991898646,10.780594935290992],[106.34961032683304,10.780592047520971],[106.34961026230708,10.78058913180649],[106.34960972710728,10.780586264906473],[106.34960873532329,10.780583522294753],[106.34960731306475,10.780580976173159],[106.34960549777395,10.780578693570732],[106.34960333724013,10.780576734579125],[106.34960088834136,10.780575150770625],[106.34954581366276,10.780545201583205],[106.34954297599064,10.780543952820748],[106.34953996896641,10.780543198104933],[106.34953687792301,10.780542958853001],[106.34953379057774,10.780543241854412],[106.34953079454286,10.780544039078185],[106.34952797483952,10.780545327900803],[106.34952541148489,10.780547071748213],[106.34952317722156,10.780549221133725],[106.34952133545318,10.780551715062341],[106.34877609364455,10.781775032692927],[106.34877478152113,10.781777649238329],[106.34877391146337,10.781780444050877],[106.348773506543,10.781783343019175],[106.34877357749748,10.781786269269872],[106.34877412244529,10.781789145206169],[106.34877512693579,10.781791894565464],[106.34877656433241,10.781794444441667],[106.34877839651901,10.781796727218477],[106.34878057491061,10.781798682362396],[106.34878304174174,10.781800258027925],[106.34883831164181,10.781829890529327],[106.34886269476665,10.781823323036637]]},"properties":{"OBJECTID":308,"maNhanDang":" ","phienBan":0,"ngayPhienBan":1787739118000,"giaTriDoChinhXacMatPhang":0,"nguyenNhanThayDoi":null,"maDoiTuong":"KG05","loaiTrangThaiDuongBoNuoc":1,"loaiDuongBoNuoc":"Phá","SHAPE_Length":341.90441579700678}},{"type":"Feature","id":309,"geometry":{"type":"LineString","coordinates":[[106.34897694141227,10.781901923077724],[106.3497219876179,10.780678923620279],[106.34972329559729,10.78067631720357],[106.34972416487869,10.780673533578597],[106.34972457257979,10.780670646019425],[106.34972450796857,10.780667730536011],[106.34972397274581,10.780664863873362],[106.34972298100031,10.780662121491368],[106.34972155883803,10.780659575578442],[106.34971974369493,10.7806572931513],[106.34971758335146,10.78065533429085],[106.34971513467491,10.780653750560671],[106.3496600599714,10.780623801395079],[106.34965722230949,10.780622552547261],[106.34965421527593,10.780621797765768],[106.34965112421071,10.780621558471399],[106.34964803683869,10.780621841455357],[106.34964504077986,10.780622638686523],[106.34964222106281,10.78062392753937],[106.34963965771144,10.780625671436084],[106.34963742347402,10.780627820884648],[106.34963558175851,10.780630314883428],[106.34889034025051,10.781853632768387],[106.34888902813744,10.781856249315867],[106.34888815808834,10.781859044128204],[106.34888775317454,10.781861943094613],[106.34888782413326,10.78186486934243],[106.34888836908283,10.781867745275562],[106.34888937357272,10.781870494632123],[106.34889081096658,10.781873044506693],[106.34889264314866,10.781875327283567],[106.3488948215345,10.781877282429742],[106.34889728835925,10.781878858100088],[106.34895255828059,10.781908488771395],[106.34897694141227,10.781901923077724]]},"properties":{"OBJECTID":309,"maNhanDang":" ","phienBan":0,"ngayPhienBan":1787739118000,"giaTriDoChinhXacMatPhang":0,"nguyenNhanThayDoi":null,"maDoiTuong":"KG05","loaiTrangThaiDuongBoNuoc":1,"loaiDuongBoNuoc":"Phá","SHAPE_Length":341.90420768900162}},{"type":"Feature","id":310,"geometry":{"type":"LineString","coordinates":[[106.34908886362537,10.781956446047101],[106.34983390948621,10.780733446341738],[106.3498352174571,10.780730839923281],[106.34983608673136,10.780728056298431],[106.349836494427,10.780725168740757],[106.3498364298122,10.78072225325967],[106.34983589458786,10.780719386599603],[106.3498349028427,10.780716644219874],[106.34983348068251,10.780714098308357],[106.34983166554294,10.780711815881281],[106.34982950520403,10.780709857019149],[106.34982705653256,10.780708273285244],[106.34977197998009,10.780678324144329],[106.34976914231795,10.780677075292697],[106.34976613528326,10.780676320508549],[106.34976304421639,10.780676081212853],[106.34975995684262,10.780676364196879],[106.34975696078237,10.78067716142947],[106.34975414106461,10.780678450284967],[106.34975157771362,10.780680194185322],[106.34974934347794,10.780682343638212],[106.34974750176575,10.780684837641621],[106.34900226243141,10.781908155770992],[106.34900095047031,10.781910772171045],[106.34900008054402,10.781913566812243],[106.34899967572026,10.781916465589386],[106.34899974673375,10.781919391635912],[106.3490002917014,10.781922267362157],[106.34900129617236,10.781925016512803],[106.3490027335112,10.781927566188914],[106.34900456560413,10.781929848781003],[106.34900674386977,10.78193180376182],[106.34900921054727,10.781933379291353],[106.34906448049229,10.78196301174966],[106.34908886362537,10.781956446047101]]},"properties":{"OBJECTID":310,"maNhanDang":" ","phienBan":0,"ngayPhienBan":1787739118000,"giaTriDoChinhXacMatPhang":0,"nguyenNhanThayDoi":null,"maDoiTuong":"KG05","loaiTrangThaiDuongBoNuoc":1,"loaiDuongBoNuoc":"Phá","SHAPE_Length":341.90415277754619}},{"type":"Feature","id":311,"geometry":{"type":"LineString","coordinates":[[106.34920082550501,10.782014359259911],[106.34994587102845,10.780791359306395],[106.34994717904698,10.780788752895404],[106.34994804835942,10.780785969267097],[106.34994845608182,10.78078308169837],[106.34994839148118,10.780780166202279],[106.34994785625805,10.780777299527042],[106.34994686450179,10.780774557135709],[106.34994544231962,10.780772011219646],[106.34994362714943,10.780769728798163],[106.34994146677415,10.780767769954268],[106.34993901806406,10.780766186253041],[106.34988394331955,10.78073623712976],[106.34988110565837,10.780734988265106],[106.3498780986216,10.780734233471186],[106.34987500755081,10.78073399416952],[106.34987192017246,10.780734277151634],[106.34986892410825,10.780735074386323],[106.3498661043883,10.780736363247577],[106.34986354103799,10.780738107156729],[106.34986130680677,10.78074025662057],[106.34985946510349,10.780742750636005],[106.34911422427784,10.781966069017157],[106.3491129121707,10.781968685566316],[106.34911204212696,10.781971480379113],[106.34911163721776,10.781974379344998],[106.34911170818012,10.781977305591571],[106.34911225313233,10.78198018152303],[106.3491132576238,10.781982930877781],[106.34911469501824,10.781985480750695],[106.34911652720002,10.781987763526333],[106.34911870558483,10.781989718671925],[106.34912117240806,10.781991294342522],[106.34917644237024,10.782020924971398],[106.34920082550501,10.782014359259911]]},"properties":{"OBJECTID":311,"maNhanDang":" ","phienBan":0,"ngayPhienBan":1787739118000,"giaTriDoChinhXacMatPhang":0,"nguyenNhanThayDoi":null,"maDoiTuong":"KG05","loaiTrangThaiDuongBoNuoc":1,"loaiDuongBoNuoc":"Phá","SHAPE_Length":341.90422520324785}},{"type":"Feature","id":312,"geometry":{"type":"LineString","coordinates":[[106.34930664801929,10.782078669041351],[106.35005169324529,10.780855668852762],[106.35005300119326,10.780853062429834],[106.35005387044842,10.780850278805605],[106.35005427812972,10.780847391252259],[106.35005421350594,10.780844475777657],[106.35005367827813,10.78084160912463],[106.35005268653489,10.780838866750893],[106.35005126438145,10.780836320842807],[106.35004944925258,10.780834038415257],[106.35004728892713,10.780832079547631],[106.35004484027048,10.780830495802389],[106.34998976550089,10.780800544891065],[106.34998692769827,10.780799296220604],[106.34998392055587,10.780798541637068],[106.34998082941664,10.780798302555597],[106.34997774200733,10.780798585761337],[106.34997474594886,10.780799383216889],[106.34997192626959,10.780800672290406],[106.34996936299224,10.780802416397883],[106.3499671288628,10.78080456604142],[106.34996528728603,10.780807060213968],[106.34922004675791,10.782030378830285],[106.34921873483552,10.782032995237349],[106.34921786494108,10.782035789876852],[106.34921746014075,10.782038688646066],[106.34921753116819,10.782041614681161],[106.34921807614006,10.782044490395322],[106.34921908060586,10.782047239536048],[106.34922051793116,10.782049789207059],[106.3492223500038,10.782052071801221],[106.34922452824451,10.782054026793215],[106.34922699489499,10.78205560234443],[106.34928226488218,10.782085234761297],[106.34930664801929,10.782078669041351]]},"properties":{"OBJECTID":312,"maNhanDang":" ","phienBan":0,"ngayPhienBan":1787739118000,"giaTriDoChinhXacMatPhang":0,"nguyenNhanThayDoi":null,"maDoiTuong":"KG05","loaiTrangThaiDuongBoNuoc":1,"loaiDuongBoNuoc":"Phá","SHAPE_Length":341.90421338552721}},{"type":"Feature","id":313,"geometry":{"type":"LineString","coordinates":[[106.34942164764625,10.78214676003676],[106.35016669254496,10.78092375959279],[106.350168000553,10.780921153179349],[106.3501688698564,10.780918369550845],[106.35016927757158,10.780915481983635],[106.35016921296582,10.780912566490169],[106.35016867773982,10.780909699818025],[106.35016768598287,10.780906957429613],[106.35016626380204,10.780904411515682],[106.35016444863487,10.780902129094988],[106.35016228826392,10.780900170250074],[106.35015983955887,10.780898586545664],[106.35010476476985,10.780868637464383],[106.35010192694625,10.780867388350847],[106.35009891970107,10.780866633364832],[106.35009582839051,10.780866393935494],[106.35009274075679,10.780866676858679],[106.35008974443784,10.780867474104033],[106.3500869244797,10.780868763042932],[106.35008436092266,10.780870507090764],[106.35008212652953,10.780872656745323],[106.35008028472019,10.780875150991864],[106.34933504634819,10.782098469860085],[106.34933373442912,10.782101086268073],[106.34933286453769,10.78210388090781],[106.34933245973988,10.782106779676706],[106.34933253076932,10.782109705711086],[106.34933307574258,10.782112581424306],[106.34933408020918,10.782115330564032],[106.3493355175347,10.782117880234155],[106.34933734960705,10.78212016282769],[106.34933952784706,10.782122117819455],[106.3493419944966,10.78212369337094],[106.34939726450671,10.782153325765899],[106.34942164764625,10.78214676003676]]},"properties":{"OBJECTID":313,"maNhanDang":" ","phienBan":0,"ngayPhienBan":1787739118000,"giaTriDoChinhXacMatPhang":0,"nguyenNhanThayDoi":null,"maDoiTuong":"KG05","loaiTrangThaiDuongBoNuoc":1,"loaiDuongBoNuoc":"Phá","SHAPE_Length":341.90422737228869}},{"type":"Feature","id":314,"geometry":{"type":"LineString","coordinates":[[106.34952863138562,10.78220729921434],[106.35027367780238,10.780984298529381],[106.35027498572238,10.780981692101138],[106.35027585495433,10.780978908477834],[106.35027626261837,10.780976020929922],[106.35027619798394,10.780973105463357],[106.35027566275237,10.780970238818966],[106.350274671012,10.78096749645248],[106.3502732488674,10.780964950548391],[106.35027143375221,10.780962668119917],[106.35026927344384,10.780960709245072],[106.35026682480587,10.780959125485305],[106.35021174999598,10.780929176424317],[106.35020891216335,10.780927927373993],[106.35020590492357,10.780927172437126],[106.35020281362775,10.780926933040242],[106.35019972601265,10.780927215977874],[106.35019672971056,10.780928013219722],[106.35019390976215,10.780929302138565],[106.35019134620288,10.780931046152476],[106.35018911179131,10.780933195763071],[106.35018726994426,10.780935689960373],[106.3494420318831,10.782159009066071],[106.34944071966115,10.782161625597624],[106.34943984952551,10.782164420419235],[106.3494394445522,10.782167319412245],[106.34943951548111,10.782170245695372],[106.34944006043119,10.7821731216636],[106.34944106495037,10.782175871046269],[106.34944250239882,10.78217842092976],[106.34944433465539,10.782180703691177],[106.34944651312867,10.782182658791697],[106.34944898004554,10.782184234382067],[106.34950425007285,10.782213864948471],[106.34952863138562,10.78220729921434]]},"properties":{"OBJECTID":314,"maNhanDang":" ","phienBan":0,"ngayPhienBan":1787739118000,"giaTriDoChinhXacMatPhang":0,"nguyenNhanThayDoi":null,"maDoiTuong":"KG05","loaiTrangThaiDuongBoNuoc":1,"loaiDuongBoNuoc":"Phá","SHAPE_Length":341.90426697198728}},{"type":"Feature","id":315,"geometry":{"type":"LineString","coordinates":[[106.34964206226329,10.782266288905296],[106.35038710651014,10.781043287972448],[106.35038841453132,10.781040681560459],[106.35038928384476,10.781037897930275],[106.35038969156629,10.781035010359323],[106.35038962696291,10.781032094861208],[106.35038909173524,10.781029228184702],[106.35038809997285,10.781026485793372],[106.35038667778328,10.781023939879059],[106.35038486260484,10.781021657461457],[106.35038270222104,10.781019698623863],[106.35038025350272,10.781018114931523],[106.35032517866809,10.780988164083819],[106.35032234086991,10.780986915360993],[106.35031933371991,10.780986160737863],[106.35031624256551,10.780985921631773],[106.35031315513834,10.780986204828913],[106.35031015906419,10.78098700229172],[106.35030733937617,10.780988291387004],[106.35030477610125,10.780990035528305],[106.35030254198902,10.78099218521427],[106.35030070044695,10.780994679433586],[106.34955546089466,10.782217996986153],[106.34955414880768,10.782220613540042],[106.3495532787814,10.782223408353236],[106.34955287388615,10.782226307316215],[106.34955294485847,10.782229233557736],[106.34955348981637,10.782232109483218],[106.34955449430934,10.782234858832304],[106.34955593170142,10.782237408701032],[106.34955776387754,10.782239691475029],[106.34955994225429,10.782241646622415],[106.34956240906803,10.782243222298924],[106.34961767912,10.782272854651978],[106.34964206226329,10.782266288905296]]},"properties":{"OBJECTID":315,"maNhanDang":" ","phienBan":0,"ngayPhienBan":1787739118000,"giaTriDoChinhXacMatPhang":0,"nguyenNhanThayDoi":null,"maDoiTuong":"KG05","loaiTrangThaiDuongBoNuoc":1,"loaiDuongBoNuoc":"Phá","SHAPE_Length":341.90430950239517}},{"type":"Feature","id":316,"geometry":{"type":"LineString","coordinates":[[106.34974942087078,10.782323075274631],[106.3504944647969,10.781100074103733],[106.35049577284468,10.781097467695774],[106.35049664217934,10.78109468406349],[106.35049704991559,10.7810917964862],[106.35049698531975,10.781088880979583],[106.35049645009229,10.78108601429456],[106.35049545832312,10.781083271896819],[106.35049403612064,10.781080725980175],[106.35049222092444,10.781078443566065],[106.35049006051966,10.781076484739206],[106.35048761177913,10.781074901065852],[106.35043253692432,10.781044950238471],[106.35042969912256,10.781043701537424],[106.35042669197392,10.781042946931413],[106.35042360082416,10.78104270783688],[106.35042051340301,10.781042991039552],[106.35041751733442,10.781043788501872],[106.35041469764967,10.7810450775911],[106.3504121343741,10.781046821721661],[106.35040990025587,10.781048971393474],[106.35040805870142,10.781051465596814],[106.34966281946991,10.782274783387489],[106.34966150737456,10.78227739994036],[106.3496606373418,10.782280194754515],[106.34966023244233,10.782283093719771],[106.34966030341288,10.782286019964179],[106.3496608483715,10.782288895892417],[106.34966185286754,10.782291645243408],[106.34966329026471,10.782294195112522],[106.34966512244755,10.782296477884795],[106.34966730083195,10.782298433027885],[106.34966976765367,10.782300008697199],[106.34972503772576,10.782329641029854],[106.34974942087078,10.782323075274631]]},"properties":{"OBJECTID":316,"maNhanDang":" ","phienBan":0,"ngayPhienBan":1787739118000,"giaTriDoChinhXacMatPhang":0,"nguyenNhanThayDoi":null,"maDoiTuong":"KG05","loaiTrangThaiDuongBoNuoc":1,"loaiDuongBoNuoc":"Phá","SHAPE_Length":341.90431561216286}},{"type":"Feature","id":317,"geometry":{"type":"LineString","coordinates":[[106.34986859527268,10.78238811662715],[106.35061363884724,10.781165115191939],[106.35061494711606,10.781162508647038],[106.35061581662872,10.781159724838252],[106.35061622449344,10.781156837055367],[106.35061615997228,10.781153921325501],[106.3506156247639,10.781151054411545],[106.35061463295885,10.781148311791203],[106.3506132106685,10.781145765669878],[106.35061139533774,10.781143483079717],[106.35060923475906,10.781141524114835],[106.35060678581438,10.781139940349213],[106.35055171094032,10.781109991352594],[106.35054887325893,10.78110874260641],[106.35054586622886,10.781107987905848],[106.35054277518248,10.781107748667512],[106.3505396878363,10.781108031680411],[106.35053669180185,10.781108828913316],[106.35053387209943,10.781110117742658],[106.3505313087455,10.781111861594532],[106.35052907448193,10.781114010982579],[106.35052723271176,10.781116504912291],[106.34978199383548,10.782339824775555],[106.34978068172566,10.782342441326463],[106.34977981168153,10.782345236142024],[106.3497794067744,10.782348135110984],[106.34977947774136,10.782351061360206],[106.34978002270054,10.78235393729315],[106.34978102720105,10.782356686647539],[106.34978246460612,10.782359236517625],[106.34978429679953,10.782361519287468],[106.34978647519623,10.782363474423937],[106.34978894203081,10.78236505008188],[106.34984421212562,10.782394682391891],[106.34986859527268,10.78238811662715]]},"properties":{"OBJECTID":317,"maNhanDang":" ","phienBan":0,"ngayPhienBan":1787739118000,"giaTriDoChinhXacMatPhang":0,"nguyenNhanThayDoi":null,"maDoiTuong":"KG05","loaiTrangThaiDuongBoNuoc":1,"loaiDuongBoNuoc":"Phá","SHAPE_Length":341.90454652402025}},{"type":"Feature","id":318,"geometry":{"type":"LineString","coordinates":[[106.34997938338812,10.782446042663592],[106.35072442663017,10.781223040982772],[106.35072573450111,10.781220434545038],[106.35072660369228,10.781217650923146],[106.35072701132573,10.781214763384567],[106.35072694667221,10.781211847931941],[106.35072641143346,10.781208981302637],[106.35072541969743,10.781206238948952],[106.35072399756751,10.781203693052129],[106.35072218247549,10.781201410622495],[106.35072002219623,10.781199451735674],[106.35071757359023,10.781197867951349],[106.35066249686668,10.781167918979255],[106.35065965918633,10.781166670219275],[106.35065665215413,10.781165915508341],[106.35065356110363,10.781165676263635],[106.35065047375264,10.781165959274444],[106.35064747771401,10.78116675650949],[106.35064465800929,10.781168045344838],[106.35064209465607,10.781169789205922],[106.35063986039715,10.781171938605464],[106.35063801863636,10.781174432547807],[106.34989278192145,10.782397752653186],[106.34989146974917,10.782400369194278],[106.34989059965484,10.782403164014358],[106.34989019471246,10.782406062997811],[106.34989026566063,10.782408989266726],[106.34989081061791,10.782411865219606],[106.34989181513259,10.782414614589287],[106.34989325256605,10.782417164465452],[106.3498950847991,10.782419447228133],[106.34989726324289,10.782421402340931],[106.34989973012745,10.782422977956365],[106.34995499841055,10.782452608440705],[106.34997938338812,10.782446042663592]]},"properties":{"OBJECTID":318,"maNhanDang":" ","phienBan":0,"ngayPhienBan":1787739118000,"giaTriDoChinhXacMatPhang":0,"nguyenNhanThayDoi":null,"maDoiTuong":"KG05","loaiTrangThaiDuongBoNuoc":1,"loaiDuongBoNuoc":"Phá","SHAPE_Length":341.90426258692736}},{"type":"Feature","id":319,"geometry":{"type":"LineString","coordinates":[[106.3500966565083,10.78250768277832],[106.3508416993991,10.781284680837503],[106.35084300771307,10.781282074410411],[106.35084387731088,10.781279290717316],[106.3508442853007,10.781276403037984],[106.35084422094231,10.781273487389578],[106.35084368592993,10.781270620525547],[106.35084269434759,10.781267877915099],[106.35084127229834,10.78126533175651],[106.35083945721715,10.781263049076534],[106.3508372968854,10.781261089965936],[106.35083484817308,10.78125950599763],[106.35077977142753,10.781229557047745],[106.35077693374126,10.781228308327009],[106.35077392671208,10.781227553646728],[106.35077083567042,10.781227314422447],[106.35076774833072,10.78122759744263],[106.3507647523024,10.78122839467602],[106.35076193260369,10.781229683499532],[106.35075936924918,10.78123142734024],[106.3507571349791,10.781233576713195],[106.35075529319535,10.781236070625667],[106.350010055003,10.782459390994662],[106.3500087429622,10.782462007669453],[106.35000787302383,10.782464802601517],[106.35000746825816,10.782467701670807],[106.35000753939936,10.782470627995625],[106.35000808456078,10.782473503971463],[106.35000908928508,10.782476253329042],[106.35001052692751,10.782478803156932],[106.35001235936258,10.782481085835116],[106.35001453799516,10.782483040828236],[106.35001700504911,10.782484616290965],[106.35007227335768,10.782514248561206],[106.3500966565083,10.78250768277832]]},"properties":{"OBJECTID":319,"maNhanDang":" ","phienBan":0,"ngayPhienBan":1787739118000,"giaTriDoChinhXacMatPhang":0,"nguyenNhanThayDoi":null,"maDoiTuong":"KG05","loaiTrangThaiDuongBoNuoc":1,"loaiDuongBoNuoc":"Phá","SHAPE_Length":341.90453315098102}},{"type":"Feature","id":320,"geometry":{"type":"LineString","coordinates":[[106.35331943986262,10.777310181845895],[106.352988215069,10.777842690301085],[106.35299634558955,10.777874748202056],[106.35305391189756,10.777910729494566],[106.35305507375914,10.777911027393078]]},"properties":{"OBJECTID":320,"maNhanDang":" ","phienBan":0,"ngayPhienBan":1787739118000,"giaTriDoChinhXacMatPhang":0,"nguyenNhanThayDoi":null,"maDoiTuong":"KG05","loaiTrangThaiDuongBoNuoc":1,"loaiDuongBoNuoc":"Phá","SHAPE_Length":80.382227198549913}},{"type":"Feature","id":321,"geometry":{"type":"LineString","coordinates":[[106.35320509033495,10.777247495649783],[106.35287173256164,10.777783432859572],[106.35287986306449,10.777815488956296],[106.35293743117697,10.777851470268384],[106.35294090306425,10.777852171622023],[106.35294444273524,10.777852300569771],[106.3529479564516,10.777851853696806],[106.35295135116239,10.77785084283731],[106.35295453696813,10.777849294761083],[106.35295742950164,10.777847250464605],[106.35295995216224,10.777844764085367],[106.3529620381443,10.777841901468197],[106.35296363220638,10.777838738421522],[106.35325008375784,10.777373455366931]]},"properties":{"OBJECTID":321,"maNhanDang":" ","phienBan":0,"ngayPhienBan":1787739118000,"giaTriDoChinhXacMatPhang":0,"nguyenNhanThayDoi":null,"maDoiTuong":"KG05","loaiTrangThaiDuongBoNuoc":1,"loaiDuongBoNuoc":"Phá","SHAPE_Length":144.44712358083882}},{"type":"Feature","id":322,"geometry":{"type":"LineString","coordinates":[[106.35304937648903,10.777245670516498],[106.35275783295121,10.777714384406455],[106.3527659634435,10.777746442315234],[106.3528235297013,10.777782423653635],[106.35282700158689,10.777783124995906],[106.35283054125426,10.77778325393567],[106.35283405496615,10.777782807058347],[106.35283744967263,10.777781796198118],[106.35284063547532,10.777780248124522],[106.35284352800795,10.777778203833556],[106.35284605067065,10.777775717462008],[106.35284813665841,10.777772854853827],[106.35284973073024,10.777769691816431],[106.35313771908504,10.77730191417804]]},"properties":{"OBJECTID":322,"maNhanDang":" ","phienBan":0,"ngayPhienBan":1787739118000,"giaTriDoChinhXacMatPhang":0,"nguyenNhanThayDoi":null,"maDoiTuong":"KG05","loaiTrangThaiDuongBoNuoc":1,"loaiDuongBoNuoc":"Phá","SHAPE_Length":136.04110892830101}},{"type":"Feature","id":323,"geometry":{"type":"LineString","coordinates":[[106.35303775641283,10.777238270500849],[106.35274364308512,10.77771599418093],[106.35274204919605,10.777719157437623],[106.35273996333994,10.77772202028228],[106.35273744075739,10.777724506896957],[106.35273454825506,10.777726551427572],[106.35273136243629,10.777728099727945],[106.35272796767251,10.777729110793773],[106.35272445386869,10.77772955784857],[106.35272091408241,10.777729429052789],[106.35271744205934,10.777728727817381],[106.35265987582363,10.777692746457909],[106.35265679068779,10.777690698278526],[106.35265408041442,10.777688174883927],[106.35265181740967,10.777685243687674],[106.35265006213066,10.777681982997935],[106.35264886147043,10.777678479925429],[106.35264824750512,10.777674828056238],[106.35264823663708,10.777671124951612],[106.35264882915666,10.777667469541576],[106.35265000923445,10.777663959481975],[106.35265174534416,10.777660688545554],[106.35294945962595,10.777182053842388]]},"properties":{"OBJECTID":323,"maNhanDang":" ","phienBan":0,"ngayPhienBan":1787739118000,"giaTriDoChinhXacMatPhang":0,"nguyenNhanThayDoi":null,"maDoiTuong":"KG05","loaiTrangThaiDuongBoNuoc":1,"loaiDuongBoNuoc":"Phá","SHAPE_Length":139.05111705998928}},{"type":"Feature","id":324,"geometry":{"type":"LineString","coordinates":[[106.35284234847188,10.777113856512806],[106.35254304812281,10.777595041948913],[106.35255117676003,10.777627099868553],[106.35260874479982,10.777663081246182],[106.35261221682127,10.777663782470507],[106.35261575660404,10.777663911258502],[106.35261927040349,10.777663464199447],[106.35262266516311,10.77766245313288],[106.35262585097891,10.777660904835043],[106.35262874348038,10.777658860309764],[106.35263126606496,10.777656373702541],[106.35263335192663,10.777653510866607],[106.35263494582513,10.777650347618911],[106.3529306324079,10.777170067804525]]},"properties":{"OBJECTID":324,"maNhanDang":" ","phienBan":0,"ngayPhienBan":1787739118000,"giaTriDoChinhXacMatPhang":0,"nguyenNhanThayDoi":null,"maDoiTuong":"KG05","loaiTrangThaiDuongBoNuoc":1,"loaiDuongBoNuoc":"Phá","SHAPE_Length":139.27973392956125}},{"type":"Feature","id":325,"geometry":{"type":"LineString","coordinates":[[106.35273164661382,10.777043375147699],[106.35242483016658,10.777536641171078],[106.35243296061469,10.777568697282938],[106.3524905268014,10.777604678687586],[106.3524939986889,10.777605380084445],[106.35249753836746,10.777605509065262],[106.35250105209546,10.777605062214228],[106.35250444681856,10.777604051365341],[106.35250763263399,10.777602503288994],[106.35251052517154,10.777600458983033],[106.35251304782787,10.777597972586983],[106.35251513379529,10.77759510994829],[106.35251672783092,10.777591946878459],[106.35281987557147,10.777099548608282]]},"properties":{"OBJECTID":325,"maNhanDang":" ","phienBan":0,"ngayPhienBan":1787739118000,"giaTriDoChinhXacMatPhang":0,"nguyenNhanThayDoi":null,"maDoiTuong":"KG05","loaiTrangThaiDuongBoNuoc":1,"loaiDuongBoNuoc":"Phá","SHAPE_Length":142.4173516280907}},{"type":"Feature","id":326,"geometry":{"type":"LineString","coordinates":[[106.35262630072508,10.776976304424494],[106.35231651277637,10.777474349757462],[106.3523246413824,10.777506405876563],[106.35238220937744,10.777542389107445],[106.35238568139572,10.777543090309852],[106.35238922117159,10.777543219082467],[106.35239273496249,10.777542772015053],[106.35239612971394,10.777541760947132],[106.35239931552395,10.777540212654452],[106.35240220802389,10.777538168139886],[106.35240473061272,10.777535681547578],[106.35240681648563,10.777532818729052],[106.3524084104032,10.777529655499295],[106.35271450949951,10.777032463491055]]},"properties":{"OBJECTID":326,"maNhanDang":" ","phienBan":0,"ngayPhienBan":1787739118000,"giaTriDoChinhXacMatPhang":0,"nguyenNhanThayDoi":null,"maDoiTuong":"KG05","loaiTrangThaiDuongBoNuoc":1,"loaiDuongBoNuoc":"Phá","SHAPE_Length":143.65894512873038}},{"type":"Feature","id":327,"geometry":{"type":"LineString","coordinates":[[106.35251620504941,10.77690620694273],[106.35220225338277,10.777410945156367],[106.35221038197841,10.777443003087514],[106.35226794994499,10.777478984532976],[106.35227142196788,10.777479685806844],[106.35227496176054,10.77747981463221],[106.35227847557438,10.777479367597246],[106.35228187034889,10.777478356541312],[106.35228505617616,10.777476808241415],[106.35228794868213,10.777474763703033],[106.35229047126111,10.777472277074125],[106.3522925571046,10.77746941421106],[106.35229415097074,10.77746625093447],[106.35260438265922,10.776962348021698]]},"properties":{"OBJECTID":327,"maNhanDang":" ","phienBan":0,"ngayPhienBan":1787739118000,"giaTriDoChinhXacMatPhang":0,"nguyenNhanThayDoi":null,"maDoiTuong":"KG05","loaiTrangThaiDuongBoNuoc":1,"loaiDuongBoNuoc":"Phá","SHAPE_Length":145.39722519325301}},{"type":"Feature","id":328,"geometry":{"type":"LineString","coordinates":[[106.35240864730463,10.776837726433932],[106.35209053373742,10.777349152099742],[106.35209866414812,10.777381210031111],[106.35215623026168,10.777417191502378],[106.35215970228568,10.777417892800838],[106.35216324208361,10.777418021644587],[106.35216675590493,10.777417574621238],[106.35217015068706,10.777416563570075],[106.35217333652012,10.777415015268508],[106.35217622902826,10.777412970722873],[106.35217875160417,10.777410484082386],[106.35218083743814,10.777407621205029],[106.35218243128745,10.777404457913308],[106.35249679191837,10.776893847719871]]},"properties":{"OBJECTID":328,"maNhanDang":" ","phienBan":0,"ngayPhienBan":1787739118000,"giaTriDoChinhXacMatPhang":0,"nguyenNhanThayDoi":null,"maDoiTuong":"KG05","loaiTrangThaiDuongBoNuoc":1,"loaiDuongBoNuoc":"Phá","SHAPE_Length":147.13411938840591}},{"type":"Feature","id":329,"geometry":{"type":"LineString","coordinates":[[106.35230133863438,10.776769404521808],[106.35197705976128,10.777290743730029],[106.35198519015465,10.777322799857053],[106.3520427562444,10.777358781350863],[106.35204622813335,10.777359482807146],[106.35204976782346,10.777359611832917],[106.35205328156846,10.777359165011024],[106.3520566763092,10.777358154175239],[106.35205986213832,10.777356606096857],[106.35206275468126,10.777354561775683],[106.35206527733101,10.777352075354164],[106.35206736327692,10.777349212683486],[106.35206895727413,10.777346049579528],[106.35238943926167,10.77682549699502]]},"properties":{"OBJECTID":329,"maNhanDang":" ","phienBan":0,"ngayPhienBan":1787739118000,"giaTriDoChinhXacMatPhang":0,"nguyenNhanThayDoi":null,"maDoiTuong":"KG05","loaiTrangThaiDuongBoNuoc":1,"loaiDuongBoNuoc":"Phá","SHAPE_Length":149.70851242226763}},{"type":"Feature","id":330,"geometry":{"type":"LineString","coordinates":[[106.35219534289303,10.776701917211531],[106.35186536902479,10.7772324114128],[106.35187349940817,10.777264469351797],[106.35193106547433,10.7773004508678],[106.35193453735579,10.777301152234752],[106.35193807702323,10.777301281195358],[106.35194159073804,10.777300834334445],[106.35194498544888,10.777299823485933],[106.35194817125593,10.777298275419433],[106.35195106379162,10.777296231131347],[106.35195358645485,10.777293744759174],[106.35195567243969,10.777290882147824],[106.35195726650437,10.7772877191059],[106.35228340136676,10.776757982676202]]},"properties":{"OBJECTID":330,"maNhanDang":" ","phienBan":0,"ngayPhienBan":1787739118000,"giaTriDoChinhXacMatPhang":0,"nguyenNhanThayDoi":null,"maDoiTuong":"KG05","loaiTrangThaiDuongBoNuoc":1,"loaiDuongBoNuoc":"Phá","SHAPE_Length":152.08664966261978}},{"type":"Feature","id":331,"geometry":{"type":"LineString","coordinates":[[106.35208589744643,10.776632234186],[106.3517488887116,10.777174037725434],[106.35175701907733,10.777206093860153],[106.35181458694812,10.777242075395728],[106.35181805883006,10.77724277677896],[106.35182159850076,10.777242905751864],[106.35182511222031,10.7772424588989],[106.35182850693606,10.777241448053923],[106.35183169274691,10.777239899986796],[106.35183458528412,10.777237855694461],[106.3518371079456,10.777235369315218],[106.35183919392453,10.777232506695006],[106.35184078797869,10.777229343643631],[106.35217390461439,10.776688269044557]]},"properties":{"OBJECTID":331,"maNhanDang":" ","phienBan":0,"ngayPhienBan":1787739118000,"giaTriDoChinhXacMatPhang":0,"nguyenNhanThayDoi":null,"maDoiTuong":"KG05","loaiTrangThaiDuongBoNuoc":1,"loaiDuongBoNuoc":"Phá","SHAPE_Length":155.02344258431648}},{"type":"Feature","id":332,"geometry":{"type":"LineString","coordinates":[[106.35198283885052,10.776566617994915],[106.35164220051013,10.777114256285371],[106.35164575181433,10.777141799023665],[106.35170331966042,10.777177780581427],[106.35170679153823,10.777178481920499],[106.35171033119731,10.777178610861366],[106.35171384490155,10.777178163989458],[106.35171723960225,10.777177153138686],[106.35172042540205,10.777175605078062],[106.35172331793568,10.777173560802813],[106.35172584060402,10.777171074448752],[106.35172792660262,10.777168211858678],[106.35172952069075,10.777165048838743],[106.35206553401844,10.776619269227661]]},"properties":{"OBJECTID":332,"maNhanDang":" ","phienBan":0,"ngayPhienBan":1787739118000,"giaTriDoChinhXacMatPhang":0,"nguyenNhanThayDoi":null,"maDoiTuong":"KG05","loaiTrangThaiDuongBoNuoc":1,"loaiDuongBoNuoc":"Phá","SHAPE_Length":155.80600764894831}},{"type":"Feature","id":333,"geometry":{"type":"LineString","coordinates":[[106.35131826354812,10.776957384241207],[106.35137764274288,10.776985550952697],[106.35137955714323,10.77698662262485],[106.35138161588119,10.776987380917648],[106.35138376804231,10.776987807077825],[106.35138596040169,10.776987890566055],[106.35138813874032,10.776987629317601],[106.35139024918593,10.77698702979337],[106.35139223954528,10.776986106820139],[106.351394060595,10.776984883223866],[106.3513956672989,10.776983389265189],[106.35139701992173,10.77698166189105],[106.35174475852118,10.776415036688288]]},"properties":{"OBJECTID":333,"maNhanDang":" ","phienBan":0,"ngayPhienBan":1787739118000,"giaTriDoChinhXacMatPhang":0,"nguyenNhanThayDoi":null,"maDoiTuong":"KG05","loaiTrangThaiDuongBoNuoc":1,"loaiDuongBoNuoc":"Phá","SHAPE_Length":82.919425957646737}},{"type":"Feature","id":334,"geometry":{"type":"LineString","coordinates":[[106.35142864954166,10.777020923280752],[106.35148802876191,10.777049091777929],[106.35148994330463,10.777050163639142],[106.35149200221716,10.777050922084541],[106.35149415457707,10.777051348355727],[106.35149634715066,10.777051431909863],[106.35149852570969,10.777051170680432],[106.35150063637252,10.77705057112834],[106.35150262693675,10.77704964808213],[106.35150444817036,10.777048424371225],[106.35150605502935,10.777046930261294],[106.35150740777173,10.777045202705709],[106.3518521713149,10.776483423700491]]},"properties":{"OBJECTID":334,"maNhanDang":" ","phienBan":0,"ngayPhienBan":1787739118000,"giaTriDoChinhXacMatPhang":0,"nguyenNhanThayDoi":null,"maDoiTuong":"KG05","loaiTrangThaiDuongBoNuoc":1,"loaiDuongBoNuoc":"Phá","SHAPE_Length":82.292701829296902}},{"type":"Feature","id":335,"geometry":{"type":"LineString","coordinates":[[106.35153734066137,10.77708279479808],[106.35159672172816,10.777110961461382],[106.35159863601126,10.777112033232672],[106.35160069464497,10.777112791652538],[106.35160284672082,10.777113217965818],[106.35160503901956,10.777113301630099],[106.35160721732727,10.777113040576424],[106.351609327776,10.77711244126046],[106.35161131817593,10.777111518502844],[106.35161313930593,10.777110295122693],[106.35161474613081,10.777108801373288],[106.35161609891497,10.777107074193948],[106.35195762673831,10.77655056682182]]},"properties":{"OBJECTID":335,"maNhanDang":" ","phienBan":0,"ngayPhienBan":1787739118000,"giaTriDoChinhXacMatPhang":0,"nguyenNhanThayDoi":null,"maDoiTuong":"KG05","loaiTrangThaiDuongBoNuoc":1,"loaiDuongBoNuoc":"Phá","SHAPE_Length":81.610429974370547}},{"type":"Feature","id":336,"geometry":{"type":"LineString","coordinates":[[106.35120443024159,10.776891011176536],[106.35126380941362,10.776919177911221],[106.35126572369578,10.776920249678604],[106.35126778232755,10.776921008095828],[106.35126993440085,10.776921434407916],[106.35127212669684,10.776921518072552],[106.35127430500202,10.776921257020788],[106.35127641544888,10.776920657708198],[106.35127840584795,10.776919734955239],[106.35128022697846,10.776918511580762],[106.35128183380552,10.776917017837713],[106.35128318659372,10.776915290665006],[106.35163361953256,10.776344275480046]]},"properties":{"OBJECTID":336,"maNhanDang":" ","phienBan":0,"ngayPhienBan":1787739118000,"giaTriDoChinhXacMatPhang":0,"nguyenNhanThayDoi":null,"maDoiTuong":"KG05","loaiTrangThaiDuongBoNuoc":1,"loaiDuongBoNuoc":"Phá","SHAPE_Length":83.487345787255776}},{"type":"Feature","id":337,"geometry":{"type":"LineString","coordinates":[[106.35637401055644,10.788503898608393],[106.35367435534872,10.792677555234716],[106.35367293771161,10.792680218120781],[106.35367198626165,10.792683080881709],[106.35367152789682,10.792686062585727],[106.35367157557536,10.792689078938478],[106.35367212794935,10.792692044666067],[106.35367316940291,10.792694875925797],[106.35367467049356,10.792697492676453],[106.35367658878469,10.792699820941104],[106.3536788700452,10.792701794898468],[106.35368144978263,10.792703358743726],[106.3536832017617,10.79270424133912],[106.35368342144761,10.792704353018358],[106.35374880339758,10.792738383983608],[106.35375157119475,10.792739550389983],[106.35375449205159,10.79274025024734],[106.35375748790706,10.792740464851715],[106.35376047869573,10.792740188467722],[106.35376338448761,10.792739428481834],[106.35376612762427,10.792738205204971],[106.35376863479431,10.792736551329689],[106.3537708389926,10.792734511056453],[106.3537726813111,10.792732138912369],[106.35647178496193,10.788559334226477],[106.35647318386876,10.788556715790254],[106.35647413176316,10.788553902492405],[106.35647460268325,10.788550971386327],[106.35647458373101,10.788548002752062],[106.35647407542552,10.788545077897517],[106.35647309168876,10.788542276931514],[106.35647165946428,10.788539676569689],[106.35646981797926,10.788537348033339],[106.35646761767015,10.788535355098729],[106.35646511880117,10.788533752350332],[106.35639809678227,10.788497763244692],[106.35637401055644,10.788503898608393]]},"properties":{"OBJECTID":337,"maNhanDang":" ","phienBan":0,"ngayPhienBan":1787739118000,"giaTriDoChinhXacMatPhang":0,"nguyenNhanThayDoi":null,"maDoiTuong":"KG05","loaiTrangThaiDuongBoNuoc":1,"loaiDuongBoNuoc":"Phá","SHAPE_Length":1124.790071945506}},{"type":"Feature","id":338,"geometry":{"type":"LineString","coordinates":[[106.35625927035933,10.788443109587588],[106.35355961400556,10.792616763477303],[106.35355819646708,10.792619426380464],[106.35355724509688,10.792622289134963],[106.35355678678843,10.792625270816027],[106.35355683449728,10.79262828713704],[106.35355738687477,10.792631252832184],[106.35355842830623,10.792634084066741],[106.3535599293523,10.792636700806943],[106.35356184758119,10.79263902908238],[106.35356412876811,10.792641003077014],[106.35356670842813,10.79264256698966],[106.3535684622354,10.792643449582183],[106.35356868009598,10.792643563073232],[106.35361132255827,10.792667794633591],[106.35361514560222,10.792669376796796],[106.35361917027606,10.792670336435268],[106.35362329591146,10.792670649545764],[106.35362741931472,10.792670308296518],[106.35363143734803,10.792669321223128],[106.35363524950914,10.792667713015057],[106.35363876044525,10.79266552389808],[106.35364188233804,10.79266280862813],[106.35364453710027,10.792659635121694],[106.35364665832888,10.792656082757036],[106.35635704472193,10.788498543436141],[106.3563584435321,10.788495925268453],[106.35635939139821,10.788493112259072],[106.35635986236169,10.788490181445987],[106.35635984352456,10.788487213093395],[106.35635933540271,10.788484288493573],[106.35635835191175,10.788481487740556],[106.35635691998586,10.788478887536682],[106.35635507884024,10.788476559091979],[106.3563528788971,10.788474566173992],[106.35635038040479,10.788472963361421],[106.35628335841203,10.788436974229342],[106.35625927035933,10.788443109587588]]},"properties":{"OBJECTID":338,"maNhanDang":" ","phienBan":0,"ngayPhienBan":1787739118000,"giaTriDoChinhXacMatPhang":0,"nguyenNhanThayDoi":null,"maDoiTuong":"KG05","loaiTrangThaiDuongBoNuoc":1,"loaiDuongBoNuoc":"Phá","SHAPE_Length":1122.9100169217895}},{"type":"Feature","id":339,"geometry":{"type":"LineString","coordinates":[[106.34577246974237,10.784684091055972],[106.34647927164676,10.785071439575045],[106.34832514764091,10.786081122767325],[106.34917638635564,10.786554004227716],[106.35221180957654,10.788243556729594],[106.3522142435623,10.788245165450331],[106.35221638517325,10.788247146806334],[106.35221817796743,10.788249448579151],[106.35221957469592,10.788252010105769],[106.35222053854807,10.788254763877386],[106.35222104412162,10.788257637318608],[106.35222107809226,10.788260554700152],[106.35222063956468,10.788263439134695],[106.35221974009623,10.788266214603231],[106.35221840339233,10.78826880795854],[106.35146454247061,10.789476869429956],[106.35145174627642,10.789485248143777],[106.35144165960477,10.789486775776897],[106.351395321167,10.789484368706935],[106.35135821982061,10.789466129235169],[106.35132615996345,10.789442053969047],[106.35125532434903,10.789404736693873],[106.35118110332894,10.789359934637345],[106.35107274508748,10.789285604177836],[106.35031261260521,10.788883067769486],[106.34968381646,10.788533289358332],[106.34873036275012,10.788010187752365],[106.34820341434697,10.787713317561442],[106.34766370296792,10.787382815151819],[106.34756799238667,10.787339863660005],[106.34755597613416,10.787333874612182],[106.34738914642826,10.787275323629034],[106.34664840580749,10.786832149900523],[106.34577397720017,10.78635392658321],[106.34517192857821,10.786030182796665],[106.34499736570295,10.78593338212311]]},"properties":{"OBJECTID":339,"maNhanDang":" ","phienBan":0,"ngayPhienBan":1787739118000,"giaTriDoChinhXacMatPhang":0,"nguyenNhanThayDoi":null,"maDoiTuong":"KG05","loaiTrangThaiDuongBoNuoc":1,"loaiDuongBoNuoc":"Phá","SHAPE_Length":1777.8653503714515}},{"type":"Feature","id":340,"geometry":{"type":"LineString","coordinates":[[106.34841066738275,10.786151650607639],[106.34833541655698,10.786109845963225],[106.34831089533102,10.786116117154227],[106.34757018384153,10.787303080774793],[106.34757811179638,10.787329005814206],[106.34763518612749,10.787355072849627],[106.34765899323621,10.787364968334689],[106.34768025226906,10.787357933197926],[106.34841725900179,10.786176901943961],[106.34841066738275,10.786151650607639]]},"properties":{"OBJECTID":340,"maNhanDang":" ","phienBan":0,"ngayPhienBan":1787739118000,"giaTriDoChinhXacMatPhang":0,"nguyenNhanThayDoi":null,"maDoiTuong":"KG05","loaiTrangThaiDuongBoNuoc":1,"loaiDuongBoNuoc":"Phá","SHAPE_Length":338.00244532309102}},{"type":"Feature","id":341,"geometry":{"type":"LineString","coordinates":[[106.35135457238201,10.789446437877899],[106.35136406725965,10.78945356902098],[106.35139887736453,10.789471037229863],[106.35144083792386,10.789473628201293],[106.35145678297199,10.789465044467713],[106.35219649909645,10.788279647287412],[106.35218990711101,10.788254396054345],[106.35212050104822,10.78821576524521],[106.35209596510033,10.788222027727661],[106.35134785180584,10.789420879483645],[106.35135457238201,10.789446437877899]]},"properties":{"OBJECTID":341,"maNhanDang":" ","phienBan":0,"ngayPhienBan":1787739118000,"giaTriDoChinhXacMatPhang":0,"nguyenNhanThayDoi":null,"maDoiTuong":"KG05","loaiTrangThaiDuongBoNuoc":1,"loaiDuongBoNuoc":"Phá","SHAPE_Length":339.31491497312049}},{"type":"Feature","id":342,"geometry":{"type":"LineString","coordinates":[[106.35126254547083,10.78939320809871],[106.35131319882262,10.789419890825702],[106.35133736140521,10.789413428415962],[106.35208395797564,10.788217008035581],[106.35207736600111,10.788191756799437],[106.35201475244821,10.788156904531585],[106.3519902165024,10.788163167005559],[106.35124320766909,10.789360249775417],[106.35124986005428,10.789385549733561],[106.35126254547083,10.78939320809871]]},"properties":{"OBJECTID":342,"maNhanDang":" ","phienBan":0,"ngayPhienBan":1787739118000,"giaTriDoChinhXacMatPhang":0,"nguyenNhanThayDoi":null,"maDoiTuong":"KG05","loaiTrangThaiDuongBoNuoc":1,"loaiDuongBoNuoc":"Phá","SHAPE_Length":338.11904977119957}},{"type":"Feature","id":343,"geometry":{"type":"LineString","coordinates":[[106.35114502070613,10.789318700188645],[106.35118832445271,10.789348406043782],[106.35120702664416,10.789359694423243],[106.35123212114217,10.789353754587337],[106.35197820938158,10.788158147309106],[106.35197161741732,10.788132896070092],[106.35190590790802,10.788096321167988],[106.35188137196431,10.788102583633211],[106.35113834068335,10.789293291789761],[106.35114502070613,10.789318700188645]]},"properties":{"OBJECTID":343,"maNhanDang":" ","phienBan":0,"ngayPhienBan":1787739118000,"giaTriDoChinhXacMatPhang":0,"nguyenNhanThayDoi":null,"maDoiTuong":"KG05","loaiTrangThaiDuongBoNuoc":1,"loaiDuongBoNuoc":"Phá","SHAPE_Length":337.92835978130194}},{"type":"Feature","id":344,"geometry":{"type":"LineString","coordinates":[[106.35107996803914,10.789274073774918],[106.35110278280634,10.789289726382963],[106.35112877274935,10.789284363438037],[106.35186936484756,10.788097563932297],[106.35186277289385,10.788072312690289],[106.35179971998558,10.788037217124447],[106.35177518404393,10.788043479581138],[106.35103552872253,10.789228776259273],[106.35104217740069,10.789254061764812],[106.35107996803914,10.789274073774918]]},"properties":{"OBJECTID":344,"maNhanDang":" ","phienBan":0,"ngayPhienBan":1787739118000,"giaTriDoChinhXacMatPhang":0,"nguyenNhanThayDoi":null,"maDoiTuong":"KG05","loaiTrangThaiDuongBoNuoc":1,"loaiDuongBoNuoc":"Phá","SHAPE_Length":335.37948565054774}},{"type":"Feature","id":345,"geometry":{"type":"LineString","coordinates":[[106.35099877547664,10.78923107893675],[106.35102297466497,10.789224634562759],[106.35176317875636,10.788038458064122],[106.3517565849877,10.78801320863095],[106.35168280511188,10.787972141544238],[106.35165826917252,10.787978403991536],[106.35091712956971,10.789166077448767],[106.35092377640761,10.789191362961107],[106.35099877547664,10.78923107893675]]},"properties":{"OBJECTID":345,"maNhanDang":" ","phienBan":0,"ngayPhienBan":1787739118000,"giaTriDoChinhXacMatPhang":0,"nguyenNhanThayDoi":null,"maDoiTuong":"KG05","loaiTrangThaiDuongBoNuoc":1,"loaiDuongBoNuoc":"Phá","SHAPE_Length":338.36997567374681}},{"type":"Feature","id":346,"geometry":{"type":"LineString","coordinates":[[106.35088037632613,10.789168378303653],[106.35090457551254,10.789161933939022],[106.35164626206043,10.787973382473275],[106.3516396682995,10.787948131228745],[106.35157330708427,10.787911194071459],[106.35154877297585,10.787917456506401],[106.3508062439124,10.789107356494144],[106.35081289073963,10.78913264200952],[106.35088037632613,10.789168378303653]]},"properties":{"OBJECTID":346,"maNhanDang":" ","phienBan":0,"ngayPhienBan":1787739118000,"giaTriDoChinhXacMatPhang":0,"nguyenNhanThayDoi":null,"maDoiTuong":"KG05","loaiTrangThaiDuongBoNuoc":1,"loaiDuongBoNuoc":"Phá","SHAPE_Length":337.10484101437606}},{"type":"Feature","id":347,"geometry":{"type":"LineString","coordinates":[[106.35076949067798,10.789109659143714],[106.35079368985903,10.789103212979677],[106.35153676587142,10.787912436791824],[106.35153017394995,10.787887185540752],[106.35146139420104,10.787848902338158],[106.35143685826597,10.787855164767656],[106.3506929087407,10.789047340160964],[106.35069955738224,10.789072623867725],[106.35076949067798,10.789109659143714]]},"properties":{"OBJECTID":347,"maNhanDang":" ","phienBan":0,"ngayPhienBan":1787739118000,"giaTriDoChinhXacMatPhang":0,"nguyenNhanThayDoi":null,"maDoiTuong":"KG05","loaiTrangThaiDuongBoNuoc":1,"loaiDuongBoNuoc":"Phá","SHAPE_Length":338.29718666247521}},{"type":"Feature","id":348,"geometry":{"type":"LineString","coordinates":[[106.35065615550835,10.789049640988564],[106.35068035651997,10.789043196638129],[106.35142485116567,10.787850145048502],[106.35141825925507,10.787824893794353],[106.35134425244254,10.787783700489124],[106.35131971650978,10.787789962909214],[106.35057428087696,10.788984518697994],[106.35058092951063,10.789009804216194],[106.35065615550835,10.789049640988564]]},"properties":{"OBJECTID":348,"maNhanDang":" ","phienBan":0,"ngayPhienBan":1787739118000,"giaTriDoChinhXacMatPhang":0,"nguyenNhanThayDoi":null,"maDoiTuong":"KG05","loaiTrangThaiDuongBoNuoc":1,"loaiDuongBoNuoc":"Phá","SHAPE_Length":340.21515427147375}},{"type":"Feature","id":349,"geometry":{"type":"LineString","coordinates":[[106.3505375276541,10.788986821319332],[106.35056172866025,10.788980375170112],[106.35130771124263,10.787784943181688],[106.35130111751457,10.787759691927899],[106.35124020133871,10.787725785496923],[106.35121566540435,10.787732046100455],[106.35046890959937,10.788928717994947],[106.35047555822287,10.788954003516036],[106.3505375276541,10.788986821319332]]},"properties":{"OBJECTID":349,"maNhanDang":" ","phienBan":0,"ngayPhienBan":1787739118000,"giaTriDoChinhXacMatPhang":0,"nguyenNhanThayDoi":null,"maDoiTuong":"KG05","loaiTrangThaiDuongBoNuoc":1,"loaiDuongBoNuoc":"Phá","SHAPE_Length":337.51233723709686}},{"type":"Feature","id":350,"geometry":{"type":"LineString","coordinates":[[106.35043215637819,10.788931018795276],[106.3504563555574,10.788924574466117],[106.35120366014107,10.787727026368678],[106.3511970664231,10.78770177511203],[106.35111894391238,10.787658291530256],[106.35109440798396,10.78766455393224],[106.35034611318622,10.788863689490436],[106.35035276179789,10.788888975014901],[106.35043215637819,10.788931018795276]]},"properties":{"OBJECTID":350,"maNhanDang":" ","phienBan":0,"ngayPhienBan":1787739118000,"giaTriDoChinhXacMatPhang":0,"nguyenNhanThayDoi":null,"maDoiTuong":"KG05","loaiTrangThaiDuongBoNuoc":1,"loaiDuongBoNuoc":"Phá","SHAPE_Length":342.42855116168312}},{"type":"Feature","id":351,"geometry":{"type":"LineString","coordinates":[[106.35108240089636,10.787659534199038],[106.35107580901895,10.787634282935519],[106.3510149221854,10.787600392674085],[106.35099038625901,10.787606655067703],[106.35024166639735,10.788806471097393],[106.35024831316288,10.788831753011909],[106.35030915985389,10.788865600094361],[106.35033389276582,10.788859011892534],[106.35108240089636,10.787659534199038]]},"properties":{"OBJECTID":351,"maNhanDang":" ","phienBan":0,"ngayPhienBan":1787739118000,"giaTriDoChinhXacMatPhang":0,"nguyenNhanThayDoi":null,"maDoiTuong":"KG05","loaiTrangThaiDuongBoNuoc":1,"loaiDuongBoNuoc":"Phá","SHAPE_Length":338.45027453261474}},{"type":"Feature","id":352,"geometry":{"type":"LineString","coordinates":[[106.3509783810005,10.78760163351849],[106.35097178730794,10.787576384063863],[106.35090323288838,10.78753822505699],[106.35087869696056,10.787544485633445],[106.35012995855413,10.788744332187884],[106.35013660530882,10.788769614105485],[106.35020512142991,10.788807726330996],[106.35022985434344,10.788801139945765],[106.3509783810005,10.78760163351849]]},"properties":{"OBJECTID":352,"maNhanDang":" ","phienBan":0,"ngayPhienBan":1787739118000,"giaTriDoChinhXacMatPhang":0,"nguyenNhanThayDoi":null,"maDoiTuong":"KG05","loaiTrangThaiDuongBoNuoc":1,"loaiDuongBoNuoc":"Phá","SHAPE_Length":340.3823639495256}},{"type":"Feature","id":353,"geometry":{"type":"LineString","coordinates":[[106.35086668988096,10.787539465891381],[106.35086009802447,10.787514214621963],[106.35078653442888,10.787473269844956],[106.35076199850336,10.787479530412048],[106.3500132415343,10.788679405671841],[106.35001988827764,10.788704687592645],[106.35009341176418,10.788745587411483],[106.35011814650444,10.788739001031736],[106.35086668988096,10.787539465891381]]},"properties":{"OBJECTID":353,"maNhanDang":" ","phienBan":0,"ngayPhienBan":1787739118000,"giaTriDoChinhXacMatPhang":0,"nguyenNhanThayDoi":null,"maDoiTuong":"KG05","loaiTrangThaiDuongBoNuoc":1,"loaiDuongBoNuoc":"Phá","SHAPE_Length":341.64709952395395}},{"type":"Feature","id":354,"geometry":{"type":"LineString","coordinates":[[106.35074999142806,10.787474510665179],[106.35074339958288,10.787449259392593],[106.35067008867139,10.787408453326551],[106.35064555275171,10.787414715692472],[106.34989677539554,10.788614621469884],[106.34990342395639,10.788639903390347],[106.34997669657976,10.788680660877716],[106.35000142948904,10.788674074510963],[106.35074999142806,10.787474510665179]]},"properties":{"OBJECTID":354,"maNhanDang":" ","phienBan":0,"ngayPhienBan":1787739118000,"giaTriDoChinhXacMatPhang":0,"nguyenNhanThayDoi":null,"maDoiTuong":"KG05","loaiTrangThaiDuongBoNuoc":1,"loaiDuongBoNuoc":"Phá","SHAPE_Length":341.59159523998676}},{"type":"Feature","id":355,"geometry":{"type":"LineString","coordinates":[[106.35063354568075,10.787409695940834],[106.35062695384687,10.787384444665051],[106.350573238547,10.787354545542835],[106.35054870262918,10.787360807900948],[106.34979991041727,10.788560738804645],[106.34980655713991,10.788586020731319],[106.34986023044755,10.788615876661625],[106.34988496335107,10.788609288496117],[106.35063354568075,10.787409695940834]]},"properties":{"OBJECTID":355,"maNhanDang":" ","phienBan":0,"ngayPhienBan":1787739118000,"giaTriDoChinhXacMatPhang":0,"nguyenNhanThayDoi":null,"maDoiTuong":"KG05","loaiTrangThaiDuongBoNuoc":1,"loaiDuongBoNuoc":"Phá","SHAPE_Length":336.68022298951252}},{"type":"Feature","id":356,"geometry":{"type":"LineString","coordinates":[[106.35053669556181,10.787355788145346],[106.35053010373731,10.787330536866913],[106.35046478453768,10.787294179673038],[106.35044024862199,10.78730044202246],[106.34969143969612,10.788500399838165],[106.34969808640462,10.788525679959641],[106.34976336547476,10.788561993984624],[106.34978809837648,10.788555405826949],[106.35053669556181,10.787355788145346]]},"properties":{"OBJECTID":356,"maNhanDang":" ","phienBan":0,"ngayPhienBan":1787739118000,"giaTriDoChinhXacMatPhang":0,"nguyenNhanThayDoi":null,"maDoiTuong":"KG05","loaiTrangThaiDuongBoNuoc":1,"loaiDuongBoNuoc":"Phá","SHAPE_Length":339.59938871904205}},{"type":"Feature","id":357,"geometry":{"type":"LineString","coordinates":[[106.35042824338744,10.787295422258845],[106.35042164974463,10.787270170981014],[106.35034509648375,10.787227559312743],[106.35032056057038,10.78723382165254],[106.34957133199981,10.788434449043967],[106.34957797870024,10.788459730976921],[106.34965486052086,10.788501911834659],[106.34967944171034,10.788495365568124],[106.35042824338744,10.787295422258845]]},"properties":{"OBJECTID":357,"maNhanDang":" ","phienBan":0,"ngayPhienBan":1787739118000,"giaTriDoChinhXacMatPhang":0,"nguyenNhanThayDoi":null,"maDoiTuong":"KG05","loaiTrangThaiDuongBoNuoc":1,"loaiDuongBoNuoc":"Phá","SHAPE_Length":342.54609825969197}},{"type":"Feature","id":358,"geometry":{"type":"LineString","coordinates":[[106.35030855351145,10.787228801887558],[106.35030196170548,10.787203548794725],[106.35023318226067,10.787165267109042],[106.35020864634947,10.787171529439849],[106.34945900180286,10.788372820992432],[106.34946565032122,10.78839810292493],[106.34953472730993,10.78843600266373],[106.34955930849368,10.788429454598671],[106.35030855351145,10.787228801887558]]},"properties":{"OBJECTID":358,"maNhanDang":" ","phienBan":0,"ngayPhienBan":1787739118000,"giaTriDoChinhXacMatPhang":0,"nguyenNhanThayDoi":null,"maDoiTuong":"KG05","loaiTrangThaiDuongBoNuoc":1,"loaiDuongBoNuoc":"Phá","SHAPE_Length":340.7731471999374}},{"type":"Feature","id":359,"geometry":{"type":"LineString","coordinates":[[106.35019664111991,10.787166507858544],[106.35019004749957,10.787141256574364],[106.35012635966361,10.787105807470647],[106.3501018237545,10.78711206979288],[106.34935178330576,10.788313996547867],[106.34935842998492,10.788339278486825],[106.34942239894794,10.788374374595021],[106.34944698012966,10.788367826538991],[106.35019664111991,10.787166507858544]]},"properties":{"OBJECTID":359,"maNhanDang":" ","phienBan":0,"ngayPhienBan":1787739118000,"giaTriDoChinhXacMatPhang":0,"nguyenNhanThayDoi":null,"maDoiTuong":"KG05","loaiTrangThaiDuongBoNuoc":1,"loaiDuongBoNuoc":"Phá","SHAPE_Length":339.66424424547859}},{"type":"Feature","id":360,"geometry":{"type":"LineString","coordinates":[[106.35008981670008,10.787107048210734],[106.35008322491892,10.787081796920088],[106.35001306140654,10.787042743958756],[106.34998852549964,10.787049006271877],[106.34923806543048,10.7882516062324],[106.34924471209861,10.788276888174506],[106.34931517862429,10.788315548332754],[106.34933975980769,10.788309002093539],[106.35008981670008,10.787107048210734]]},"properties":{"OBJECTID":360,"maNhanDang":" ","phienBan":0,"ngayPhienBan":1787739118000,"giaTriDoChinhXacMatPhang":0,"nguyenNhanThayDoi":null,"maDoiTuong":"KG05","loaiTrangThaiDuongBoNuoc":1,"loaiDuongBoNuoc":"Phá","SHAPE_Length":341.45940436499797}},{"type":"Feature","id":361,"geometry":{"type":"LineString","coordinates":[[106.34997652028181,10.787043986489726],[106.34996992668282,10.787018735199547],[106.34989904001273,10.78697927857703],[106.34987450410445,10.786985539072816],[106.34912361893674,10.788188817672129],[106.34913026742261,10.788214099613837],[106.34920146075522,10.788253158003489],[106.34922604193659,10.788246611773429],[106.34997652028181,10.787043986489726]]},"properties":{"OBJECTID":361,"maNhanDang":" ","phienBan":0,"ngayPhienBan":1787739118000,"giaTriDoChinhXacMatPhang":0,"nguyenNhanThayDoi":null,"maDoiTuong":"KG05","loaiTrangThaiDuongBoNuoc":1,"loaiDuongBoNuoc":"Phá","SHAPE_Length":341.81685191695556}},{"type":"Feature","id":362,"geometry":{"type":"LineString","coordinates":[[106.34986249706206,10.786980519289518],[106.34985590530293,10.786955267992663],[106.34978693189395,10.786916876277449],[106.34976239782027,10.786923138568868],[106.34901109667814,10.788127083135995],[106.34901774332428,10.788152365084354],[106.34908701426772,10.788190369429316],[106.34911159727588,10.788183823204921],[106.34986249706206,10.786980519289518]]},"properties":{"OBJECTID":362,"maNhanDang":" ","phienBan":0,"ngayPhienBan":1787739118000,"giaTriDoChinhXacMatPhang":0,"nguyenNhanThayDoi":null,"maDoiTuong":"KG05","loaiTrangThaiDuongBoNuoc":1,"loaiDuongBoNuoc":"Phá","SHAPE_Length":341.51096787194928}},{"type":"Feature","id":363,"geometry":{"type":"LineString","coordinates":[[106.34975039078201,10.786918118780966],[106.34974379720492,10.786892867484603],[106.34967121340077,10.786852466601351],[106.34964667932931,10.786858728883461],[106.34889494761093,10.788063359328389],[106.34890159607463,10.788088641276381],[106.3489744920153,10.78812863487952],[106.34899907319256,10.788122088667702],[106.34975039078201,10.786918118780966]]},"properties":{"OBJECTID":363,"maNhanDang":" ","phienBan":0,"ngayPhienBan":1787739118000,"giaTriDoChinhXacMatPhang":0,"nguyenNhanThayDoi":null,"maDoiTuong":"KG05","loaiTrangThaiDuongBoNuoc":1,"loaiDuongBoNuoc":"Phá","SHAPE_Length":342.59333051379213}},{"type":"Feature","id":364,"geometry":{"type":"LineString","coordinates":[[106.34963467229178,10.786853707282638],[106.34962807872591,10.786828455983116],[106.34956323392608,10.786792363472083],[106.34953869802432,10.786798623940877],[106.34878656675551,10.788003896824046],[106.3487932152087,10.788029178775046],[106.34885834478322,10.788064911054247],[106.34888292595843,10.788058364851764],[106.34963467229178,10.786853707282638]]},"properties":{"OBJECTID":364,"maNhanDang":" ","phienBan":0,"ngayPhienBan":1787739118000,"giaTriDoChinhXacMatPhang":0,"nguyenNhanThayDoi":null,"maDoiTuong":"KG05","loaiTrangThaiDuongBoNuoc":1,"loaiDuongBoNuoc":"Phá","SHAPE_Length":340.82363565226092}},{"type":"Feature","id":365,"geometry":{"type":"LineString","coordinates":[[106.34952669099437,10.786793604143805],[106.34952009926778,10.786768352837795],[106.34946525088831,10.786737822837521],[106.34944071499206,10.786744085106635],[106.34868851234837,10.78794947363145],[106.34869515896681,10.787974757396857],[106.34873758576623,10.787998657399982],[106.34874996393373,10.788005448536765],[106.34877454510701,10.787998902342991],[106.34952669099437,10.786793604143805]]},"properties":{"OBJECTID":365,"maNhanDang":" ","phienBan":0,"ngayPhienBan":1787739118000,"giaTriDoChinhXacMatPhang":0,"nguyenNhanThayDoi":null,"maDoiTuong":"KG05","loaiTrangThaiDuongBoNuoc":1,"loaiDuongBoNuoc":"Phá","SHAPE_Length":338.41008466347159}},{"type":"Feature","id":366,"geometry":{"type":"LineString","coordinates":[[106.34942870979454,10.786739065302017],[106.34942211624865,10.786713813996849],[106.3493527712846,10.786675214955837],[106.34932823539053,10.786681477215911],[106.34857638245116,10.787886304271188],[106.34858303088387,10.787911586227963],[106.34865202178872,10.787950453726133],[106.34867689541817,10.78794382922232],[106.34942870979454,10.786739065302017]]},"properties":{"OBJECTID":366,"maNhanDang":" ","phienBan":0,"ngayPhienBan":1787739118000,"giaTriDoChinhXacMatPhang":0,"nguyenNhanThayDoi":null,"maDoiTuong":"KG05","loaiTrangThaiDuongBoNuoc":1,"loaiDuongBoNuoc":"Phá","SHAPE_Length":341.91572272058761}},{"type":"Feature","id":367,"geometry":{"type":"LineString","coordinates":[[106.34931623019719,10.786676457406648],[106.3493096366622,10.786651206098433],[106.34922504082238,10.786604118152979],[106.34920050493081,10.786610380402792],[106.34844905087697,10.787814568107077],[106.34845569746849,10.787839850070901],[106.34853989372684,10.78788728434874],[106.34856476735411,10.787880659854055],[106.34931623019719,10.786676457406648]]},"properties":{"OBJECTID":367,"maNhanDang":" ","phienBan":0,"ngayPhienBan":1787739118000,"giaTriDoChinhXacMatPhang":0,"nguyenNhanThayDoi":null,"maDoiTuong":"KG05","loaiTrangThaiDuongBoNuoc":1,"loaiDuongBoNuoc":"Phá","SHAPE_Length":345.58741128949998}},{"type":"Feature","id":368,"geometry":{"type":"LineString","coordinates":[[106.3491884997386,10.786605358780124],[106.34918190621957,10.786580109276592],[106.34916512473599,10.786570768082937],[106.3491159027047,10.786543424012862],[106.34909138146007,10.786549693458342],[106.34834029170476,10.787753296166438],[106.34834693828572,10.787778578133244],[106.34841256033125,10.787815548172714],[106.34843743212726,10.787808923691935],[106.3491884997386,10.786605358780124]]},"properties":{"OBJECTID":368,"maNhanDang":" ","phienBan":0,"ngayPhienBan":1787739118000,"giaTriDoChinhXacMatPhang":0,"nguyenNhanThayDoi":null,"maDoiTuong":"KG05","loaiTrangThaiDuongBoNuoc":1,"loaiDuongBoNuoc":"Phá","SHAPE_Length":340.75286597405409}},{"type":"Feature","id":369,"geometry":{"type":"LineString","coordinates":[[106.34907935256891,10.786544708040923],[106.34907274624086,10.786519449518249],[106.34900487899915,10.786481748014873],[106.34898035775667,10.786488017451434],[106.34822966874951,10.787690973610296],[106.34823631715211,10.78771625738478],[106.34830380116536,10.787754276218882],[106.34832867478809,10.787747651743418],[106.34907935256891,10.786544708040923]]},"properties":{"OBJECTID":369,"maNhanDang":" ","phienBan":0,"ngayPhienBan":1787739118000,"giaTriDoChinhXacMatPhang":0,"nguyenNhanThayDoi":null,"maDoiTuong":"KG05","loaiTrangThaiDuongBoNuoc":1,"loaiDuongBoNuoc":"Phá","SHAPE_Length":341.05699662429743}},{"type":"Feature","id":370,"geometry":{"type":"LineString","coordinates":[[106.3489683288696,10.786483032029453],[106.3489617225523,10.786457773503731],[106.34889527057497,10.786420859417051],[106.34887074933103,10.78642712703661],[106.34812231513473,10.787626471246714],[106.34812896905967,10.787651778520008],[106.34819299707958,10.787690986615976],[106.34821881205053,10.787684110799706],[106.3489683288696,10.786483032029453]]},"properties":{"OBJECTID":370,"maNhanDang":" ","phienBan":0,"ngayPhienBan":1787739118000,"giaTriDoChinhXacMatPhang":0,"nguyenNhanThayDoi":null,"maDoiTuong":"KG05","loaiTrangThaiDuongBoNuoc":1,"loaiDuongBoNuoc":"Phá","SHAPE_Length":340.0192271391976}},{"type":"Feature","id":371,"geometry":{"type":"LineString","coordinates":[[106.34885872045159,10.786422143418305],[106.3488521141449,10.786396884889593],[106.34878355306645,10.78635879591514],[106.34875902999947,10.786365065337465],[106.3480134649826,10.787559814559767],[106.3480201188968,10.787585121836061],[106.34808620132257,10.787625588105794],[106.34811201812333,10.787618714103221],[106.34885872045159,10.786422143418305]]},"properties":{"OBJECTID":371,"maNhanDang":" ","phienBan":0,"ngayPhienBan":1787739118000,"giaTriDoChinhXacMatPhang":0,"nguyenNhanThayDoi":null,"maDoiTuong":"KG05","loaiTrangThaiDuongBoNuoc":1,"loaiDuongBoNuoc":"Phá","SHAPE_Length":339.3653715175351}},{"type":"Feature","id":372,"geometry":{"type":"LineString","coordinates":[[106.34874700294937,10.786360079902847],[106.34874039665354,10.786334821371087],[106.34866777665012,10.786294479977647],[106.34864325358532,10.786300749390678],[106.34790065799176,10.787490735262432],[106.34790731189484,10.787516042541849],[106.34797734934922,10.787558931409224],[106.34800316614376,10.787552055607685],[106.34874700294937,10.786360079902847]]},"properties":{"OBJECTID":372,"maNhanDang":" ","phienBan":0,"ngayPhienBan":1787739118000,"giaTriDoChinhXacMatPhang":0,"nguyenNhanThayDoi":null,"maDoiTuong":"KG05","loaiTrangThaiDuongBoNuoc":1,"loaiDuongBoNuoc":"Phá","SHAPE_Length":339.16726896353941}},{"type":"Feature","id":373,"geometry":{"type":"LineString","coordinates":[[106.3486312247107,10.786295763954827],[106.34862462025492,10.786270505416347],[106.34856807681959,10.786239094317857],[106.34854355558915,10.786245365527511],[106.34780351928909,10.787431250677178],[106.34781017318258,10.787456557959294],[106.34786454419864,10.787489853902914],[106.34789036099045,10.787482978110928],[106.3486312247107,10.786295763954827]]},"properties":{"OBJECTID":373,"maNhanDang":" ","phienBan":0,"ngayPhienBan":1787739118000,"giaTriDoChinhXacMatPhang":0,"nguyenNhanThayDoi":null,"maDoiTuong":"KG05","loaiTrangThaiDuongBoNuoc":1,"loaiDuongBoNuoc":"Phá","SHAPE_Length":333.98332795944685}},{"type":"Feature","id":374,"geometry":{"type":"LineString","coordinates":[[106.34853152671819,10.786240380087586],[106.34852493508807,10.786215128754382],[106.34845381092559,10.786175616184556],[106.34842928786853,10.78618188738859],[106.3476921845493,10.787363072551962],[106.34769883843178,10.787388379837147],[106.34776740367035,10.787430367501278],[106.34779322045983,10.787423491717544],[106.34853152671819,10.786240380087586]]},"properties":{"OBJECTID":374,"maNhanDang":" ","phienBan":0,"ngayPhienBan":1787739118000,"giaTriDoChinhXacMatPhang":0,"nguyenNhanThayDoi":null,"maDoiTuong":"KG05","loaiTrangThaiDuongBoNuoc":1,"loaiDuongBoNuoc":"Phá","SHAPE_Length":336.49348765579475}},{"type":"Feature","id":375,"geometry":{"type":"LineString","coordinates":[[106.34753289031875,10.787311381850911],[106.34755457263087,10.787303835995216],[106.3482987807861,10.786111269293006],[106.34829218734973,10.786086017956983],[106.34822580255769,10.786049705715833],[106.34820128133022,10.786055975089848],[106.34745041326872,10.787259215536972],[106.34745713899159,10.787284795727244],[106.34753289031875,10.787311381850911]]},"properties":{"OBJECTID":375,"maNhanDang":" ","phienBan":0,"ngayPhienBan":1787739118000,"giaTriDoChinhXacMatPhang":0,"nguyenNhanThayDoi":null,"maDoiTuong":"KG05","loaiTrangThaiDuongBoNuoc":1,"loaiDuongBoNuoc":"Phá","SHAPE_Length":339.5553239833821}},{"type":"Feature","id":376,"geometry":{"type":"LineString","coordinates":[[106.34739345637604,10.787262050404138],[106.34741218269266,10.787269017399357],[106.34743386500529,10.7872614715521],[106.3481890811067,10.786051264812336],[106.3481824876809,10.786026013473323],[106.34811856716537,10.785991047166915],[106.34809404411467,10.785997318344046],[106.34733858892098,10.787207906858926],[106.34734524091995,10.787233203308132],[106.34739345637604,10.787262050404138]]},"properties":{"OBJECTID":376,"maNhanDang":" ","phienBan":0,"ngayPhienBan":1787739118000,"giaTriDoChinhXacMatPhang":0,"nguyenNhanThayDoi":null,"maDoiTuong":"KG05","loaiTrangThaiDuongBoNuoc":1,"loaiDuongBoNuoc":"Phá","SHAPE_Length":342.02358868141857}},{"type":"Feature","id":377,"geometry":{"type":"LineString","coordinates":[[106.3473023664726,10.787207553634142],[106.34732739863722,10.787201578075711],[106.34808184389497,10.785992608062097],[106.34807525230481,10.78596735490842],[106.34800567465609,10.78592929845362],[106.34798115160034,10.785935566005319],[106.3472283285891,10.787141939712027],[106.34723497874842,10.787167236167811],[106.3473023664726,10.787207553634142]]},"properties":{"OBJECTID":377,"maNhanDang":" ","phienBan":0,"ngayPhienBan":1787739118000,"giaTriDoChinhXacMatPhang":0,"nguyenNhanThayDoi":null,"maDoiTuong":"KG05","loaiTrangThaiDuongBoNuoc":1,"loaiDuongBoNuoc":"Phá","SHAPE_Length":342.58677066630594}},{"type":"Feature","id":378,"geometry":{"type":"LineString","coordinates":[[106.34719210614806,10.787141586473934],[106.34721713830994,10.787135610924551],[106.34796895138471,10.78593085571865],[106.34796235980902,10.785905604370104],[106.34789000669767,10.785866028941026],[106.34786548547645,10.785872298288075],[106.34711535661128,10.787074350379211],[106.34712200675951,10.787099646838126],[106.34719210614806,10.787141586473934]]},"properties":{"OBJECTID":378,"maNhanDang":" ","phienBan":0,"ngayPhienBan":1787739118000,"giaTriDoChinhXacMatPhang":0,"nguyenNhanThayDoi":null,"maDoiTuong":"KG05","loaiTrangThaiDuongBoNuoc":1,"loaiDuongBoNuoc":"Phá","SHAPE_Length":342.17055911977252}},{"type":"Feature","id":379,"geometry":{"type":"LineString","coordinates":[[106.34707913417776,10.787073997127452],[106.34710416633685,10.787068021587366],[106.34785328526499,10.785867587996618],[106.34784669187167,10.785842336648424],[106.3477803108441,10.785806026106604],[106.34775578779612,10.785812295448386],[106.34700821637728,10.787010250418797],[106.34701486651495,10.787035546880661],[106.34707913417776,10.787073997127452]]},"properties":{"OBJECTID":379,"maNhanDang":" ","phienBan":0,"ngayPhienBan":1787739118000,"giaTriDoChinhXacMatPhang":0,"nguyenNhanThayDoi":null,"maDoiTuong":"KG05","loaiTrangThaiDuongBoNuoc":1,"loaiDuongBoNuoc":"Phá","SHAPE_Length":339.58502500318059}},{"type":"Feature","id":380,"geometry":{"type":"LineString","coordinates":[[106.34697199395087,10.787009897154094],[106.3469970261073,10.787003921622802],[106.34774358941741,10.78580758514884],[106.34773699603112,10.785782331989481],[106.34767371090527,10.78574771514822],[106.34764918603045,10.785753984484975],[106.34690409914435,10.786947958208202],[106.34691075110418,10.786973256477626],[106.34697199395087,10.787009897154094]]},"properties":{"OBJECTID":380,"maNhanDang":" ","phienBan":0,"ngayPhienBan":1787739118000,"giaTriDoChinhXacMatPhang":0,"nguyenNhanThayDoi":null,"maDoiTuong":"KG05","loaiTrangThaiDuongBoNuoc":1,"loaiDuongBoNuoc":"Phá","SHAPE_Length":337.7622317437249}},{"type":"Feature","id":381,"geometry":{"type":"LineString","coordinates":[[106.34686787672484,10.78694760493091],[106.34689290887873,10.786941629408179],[106.34763698765556,10.785749274180985],[106.34763039428316,10.785724022826907],[106.34756012652754,10.785685586068842],[106.34753560348366,10.785691855392962],[106.3467931633638,10.786881587162418],[106.34679981348035,10.786906883630222],[106.34686787672484,10.78694760493091]]},"properties":{"OBJECTID":381,"maNhanDang":" ","phienBan":0,"ngayPhienBan":1787739118000,"giaTriDoChinhXacMatPhang":0,"nguyenNhanThayDoi":null,"maDoiTuong":"KG05","loaiTrangThaiDuongBoNuoc":1,"loaiDuongBoNuoc":"Phá","SHAPE_Length":338.43741189800824}},{"type":"Feature","id":382,"geometry":{"type":"LineString","coordinates":[[106.34675694095168,10.786881233871695],[106.34678197310281,10.786875258358092],[106.34752340328404,10.785687145087795],[106.34751681175143,10.785661893727079],[106.34745235679715,10.785626637186592],[106.34742783375528,10.785632906502066],[106.3466879036868,10.786818613579149],[106.34669455562181,10.786843910046336],[106.34675694095168,10.786881233871695]]},"properties":{"OBJECTID":382,"maNhanDang":" ","phienBan":0,"ngayPhienBan":1787739118000,"giaTriDoChinhXacMatPhang":0,"nguyenNhanThayDoi":null,"maDoiTuong":"KG05","loaiTrangThaiDuongBoNuoc":1,"loaiDuongBoNuoc":"Phá","SHAPE_Length":335.91071730714162}},{"type":"Feature","id":383,"geometry":{"type":"LineString","coordinates":[[106.34741563355952,10.785628196192395],[106.34740904203377,10.785602943020558],[106.34734673462853,10.785568863063373],[106.34732221341744,10.785575132366841],[106.34658321098847,10.786759351086902],[106.34658985922712,10.786784633098513],[106.34665221989887,10.78681873840898],[106.34667627043204,10.786812998052929],[106.34741563355952,10.785628196192395]]},"properties":{"OBJECTID":383,"maNhanDang":" ","phienBan":0,"ngayPhienBan":1787739118000,"giaTriDoChinhXacMatPhang":0,"nguyenNhanThayDoi":null,"maDoiTuong":"KG05","loaiTrangThaiDuongBoNuoc":1,"loaiDuongBoNuoc":"Phá","SHAPE_Length":334.72563388612986}},{"type":"Feature","id":384,"geometry":{"type":"LineString","coordinates":[[106.34731001322548,10.78557042205278],[106.3473034198847,10.785545170689776],[106.34722610548442,10.785502877910764],[106.34720158244677,10.785509147208082],[106.34646257420842,10.786693374713284],[106.34646922243537,10.786718656728212],[106.34654659379621,10.786760971271038],[106.34657064249849,10.786755230926829],[106.34731001322548,10.78557042205278]]},"properties":{"OBJECTID":384,"maNhanDang":" ","phienBan":0,"ngayPhienBan":1787739118000,"giaTriDoChinhXacMatPhang":0,"nguyenNhanThayDoi":null,"maDoiTuong":"KG05","loaiTrangThaiDuongBoNuoc":1,"loaiDuongBoNuoc":"Phá","SHAPE_Length":338.47952303285217}},{"type":"Feature","id":385,"geometry":{"type":"LineString","coordinates":[[106.34711109326815,10.785439968462484],[106.34708657206146,10.785446237747028],[106.34634755802958,10.786630474049797],[106.34635420441302,10.786655754263242],[106.3464259570227,10.786694994882769],[106.34645037216028,10.786688667987283],[106.34718938225915,10.78550443688899],[106.34718278893003,10.785479185522721],[106.34711109326815,10.785439968462484]]},"properties":{"OBJECTID":385,"maNhanDang":" ","phienBan":0,"ngayPhienBan":1787739118000,"giaTriDoChinhXacMatPhang":0,"nguyenNhanThayDoi":null,"maDoiTuong":"KG05","loaiTrangThaiDuongBoNuoc":1,"loaiDuongBoNuoc":"Phá","SHAPE_Length":337.05524743725471}},{"type":"Feature","id":386,"geometry":{"type":"LineString","coordinates":[[106.34699321407635,10.785375489559922],[106.34696869104305,10.785381758838545],[106.34622967303481,10.78656600212082],[106.34623632123922,10.786591284142148],[106.34631094084654,10.786632092397127],[106.34633535598199,10.786625765510822],[106.34707437187795,10.785441527423178],[106.34706777855995,10.785416276053748],[106.34699321407635,10.785375489559922]]},"properties":{"OBJECTID":386,"maNhanDang":" ","phienBan":0,"ngayPhienBan":1787739118000,"giaTriDoChinhXacMatPhang":0,"nguyenNhanThayDoi":null,"maDoiTuong":"KG05","loaiTrangThaiDuongBoNuoc":1,"loaiDuongBoNuoc":"Phá","SHAPE_Length":337.77441937987288}},{"type":"Feature","id":387,"geometry":{"type":"LineString","coordinates":[[106.34688143512459,10.785314345816584],[106.34685691026456,10.785320615089759],[106.34611788646841,10.786504865368531],[106.34612453466198,10.786530147392945],[106.34619305586173,10.786567622262021],[106.34621747099503,10.786561295385141],[106.34695649268902,10.785377046698077],[106.34694989938241,10.785351795325436],[106.34688143512459,10.785314345816584]]},"properties":{"OBJECTID":387,"maNhanDang":" ","phienBan":0,"ngayPhienBan":1787739118000,"giaTriDoChinhXacMatPhang":0,"nguyenNhanThayDoi":null,"maDoiTuong":"KG05","loaiTrangThaiDuongBoNuoc":1,"loaiDuongBoNuoc":"Phá","SHAPE_Length":336.25247323654941}},{"type":"Feature","id":388,"geometry":{"type":"LineString","coordinates":[[106.34677426065768,10.785255722818805],[106.34674973762847,10.785261992079871],[106.34601070806093,10.786446251173501],[106.34601735624415,10.786471533200833],[106.34608126930495,10.786506487304353],[106.34610568443263,10.786500158628199],[106.34684471191817,10.785315904752835],[106.34683812044757,10.785290651565415],[106.34677426065768,10.785255722818805]]},"properties":{"OBJECTID":388,"maNhanDang":" ","phienBan":0,"ngayPhienBan":1787739118000,"giaTriDoChinhXacMatPhang":0,"nguyenNhanThayDoi":null,"maDoiTuong":"KG05","loaiTrangThaiDuongBoNuoc":1,"loaiDuongBoNuoc":"Phá","SHAPE_Length":335.10294840124698}},{"type":"Feature","id":389,"geometry":{"type":"LineString","coordinates":[[106.34666563990397,10.78519630696335],[106.34664111687678,10.78520257621568],[106.34590208153026,10.786386842312778],[106.34590872787412,10.786412124346615],[106.34597409089973,10.786447871288093],[106.34599850785426,10.786441542616974],[106.34673753745351,10.785257279933813],[106.34673094599688,10.785232028551683],[106.34666563990397,10.78519630696335]]},"properties":{"OBJECTID":389,"maNhanDang":" ","phienBan":0,"ngayPhienBan":1787739118000,"giaTriDoChinhXacMatPhang":0,"nguyenNhanThayDoi":null,"maDoiTuong":"KG05","loaiTrangThaiDuongBoNuoc":1,"loaiDuongBoNuoc":"Phá","SHAPE_Length":335.46690624647016}},{"type":"Feature","id":390,"geometry":{"type":"LineString","coordinates":[[106.3465536670162,10.785135056784423],[106.34652914399466,10.785141327835968],[106.345790104692,10.78632560273377],[106.34579675102502,10.786350884770696],[106.34586546437492,10.786388462414175],[106.34588987950222,10.786382135563455],[106.34662891670931,10.785197865873306],[106.3466223252596,10.785172612680022],[106.3465536670162,10.785135056784423]]},"properties":{"OBJECTID":390,"maNhanDang":" ","phienBan":0,"ngayPhienBan":1787739118000,"giaTriDoChinhXacMatPhang":0,"nguyenNhanThayDoi":null,"maDoiTuong":"KG05","loaiTrangThaiDuongBoNuoc":1,"loaiDuongBoNuoc":"Phá","SHAPE_Length":336.30668544373827}},{"type":"Feature","id":391,"geometry":{"type":"LineString","coordinates":[[106.34575348437274,10.786327470550276],[106.34577771853431,10.786321189261605],[106.34651694383118,10.785136617488941],[106.3465103523923,10.785111364292593],[106.34646800809421,10.785088203342319],[106.34643925367797,10.785072444268843],[106.34641473065498,10.785078713503022],[106.34567524984041,10.786263692384582],[106.34568189799116,10.786288974421144],[106.34575348437274,10.786327470550276]]},"properties":{"OBJECTID":391,"maNhanDang":" ","phienBan":0,"ngayPhienBan":1787739118000,"giaTriDoChinhXacMatPhang":0,"nguyenNhanThayDoi":null,"maDoiTuong":"KG05","loaiTrangThaiDuongBoNuoc":1,"loaiDuongBoNuoc":"Phá","SHAPE_Length":337.0480480611522}},{"type":"Feature","id":392,"geometry":{"type":"LineString","coordinates":[[106.34563856207811,10.786265670616743],[106.34566279441241,10.786259391148894],[106.34640255054484,10.785073968756917],[106.34639595912057,10.785048717365642],[106.34632736486847,10.785011125129547],[106.34630284184759,10.785017394354737],[106.345562822914,10.78620323653228],[106.34556947105388,10.78622851857191],[106.34563856207811,10.786265670616743]]},"properties":{"OBJECTID":392,"maNhanDang":" ","phienBan":0,"ngayPhienBan":1787739118000,"giaTriDoChinhXacMatPhang":0,"nguyenNhanThayDoi":null,"maDoiTuong":"KG05","loaiTrangThaiDuongBoNuoc":1,"loaiDuongBoNuoc":"Phá","SHAPE_Length":336.6488291032166}},{"type":"Feature","id":393,"geometry":{"type":"LineString","coordinates":[[106.34552613515754,10.786205214750776],[106.34555036931867,10.786198935288306],[106.34629066357382,10.785012651408662],[106.34628407033161,10.78498740001786],[106.34621721718587,10.784950760937431],[106.34619269416707,10.784957030153793],[106.34545214623095,10.786143719339535],[106.34545879253488,10.786169003193903],[106.34552613515754,10.786205214750776]]},"properties":{"OBJECTID":393,"maNhanDang":" ","phienBan":0,"ngayPhienBan":1787739118000,"giaTriDoChinhXacMatPhang":0,"nguyenNhanThayDoi":null,"maDoiTuong":"KG05","loaiTrangThaiDuongBoNuoc":1,"loaiDuongBoNuoc":"Phá","SHAPE_Length":336.43601353181316}},{"type":"Feature","id":394,"geometry":{"type":"LineString","coordinates":[[106.34541545665499,10.786145699356281],[106.34543969081064,10.78613941809439],[106.34618051589727,10.784952287203144],[106.34617392266567,10.784927035809343],[106.34610559209992,10.784889587668795],[106.3460810690832,10.784895856876199],[106.3453399848496,10.786083405737871],[106.34534663114268,10.786108689595316],[106.34541545665499,10.786145699356281]]},"properties":{"OBJECTID":394,"maNhanDang":" ","phienBan":0,"ngayPhienBan":1787739118000,"giaTriDoChinhXacMatPhang":0,"nguyenNhanThayDoi":null,"maDoiTuong":"KG05","loaiTrangThaiDuongBoNuoc":1,"loaiDuongBoNuoc":"Phá","SHAPE_Length":337.02735266051849}},{"type":"Feature","id":395,"geometry":{"type":"LineString","coordinates":[[106.34530329527944,10.786085385740986],[106.34532752943315,10.786079104487985],[106.34606889081741,10.784891113920906],[106.34606229942186,10.784865860712348],[106.34599544450279,10.784829223392599],[106.34597092148813,10.784835492591155],[106.34522930642589,10.786023890272032],[106.34523595453707,10.786049174128998],[106.34530329527944,10.786085385740986]]},"properties":{"OBJECTID":395,"maNhanDang":" ","phienBan":0,"ngayPhienBan":1787739118000,"giaTriDoChinhXacMatPhang":0,"nguyenNhanThayDoi":null,"maDoiTuong":"KG05","loaiTrangThaiDuongBoNuoc":1,"loaiDuongBoNuoc":"Phá","SHAPE_Length":336.88021701834549}},{"type":"Feature","id":396,"geometry":{"type":"LineString","coordinates":[[106.34519261869031,10.786025870258173],[106.34521685101326,10.786019589017465],[106.34595874322277,10.784830747823115],[106.34595215184142,10.784805496419748],[106.34588103304219,10.784766522052474],[106.34585651002969,10.784772791241851],[106.34511479072465,10.785961353414629],[106.3451214388212,10.785986635466562],[106.3451785603089,10.786018310101101],[106.34519261869031,10.786025870258173]]},"properties":{"OBJECTID":396,"maNhanDang":" ","phienBan":0,"ngayPhienBan":1787739118000,"giaTriDoChinhXacMatPhang":0,"nguyenNhanThayDoi":null,"maDoiTuong":"KG05","loaiTrangThaiDuongBoNuoc":1,"loaiDuongBoNuoc":"Phá","SHAPE_Length":338.07402648440586}},{"type":"Feature","id":397,"geometry":{"type":"LineString","coordinates":[[106.345768575077,10.784704890976094],[106.34574405206661,10.784711160156446],[106.34500267153945,10.785899180778172],[106.34500931962512,10.785924462833171],[106.34507823337917,10.785962676761697],[106.34510279837694,10.785956309905453],[106.34584432993964,10.784768046472578],[106.34583773856937,10.784742795066084],[106.345768575077,10.784704890976094]]},"properties":{"OBJECTID":397,"maNhanDang":" ","phienBan":0,"ngayPhienBan":1787739118000,"giaTriDoChinhXacMatPhang":0,"nguyenNhanThayDoi":null,"maDoiTuong":"KG05","loaiTrangThaiDuongBoNuoc":1,"loaiDuongBoNuoc":"Phá","SHAPE_Length":337.45015966113368}},{"type":"Feature","id":398,"geometry":{"type":"LineString","coordinates":[[106.34301331772102,10.789131173241318],[106.3430418899969,10.789146258510728],[106.3430660838211,10.789139776788701],[106.34381325631918,10.787933842590975],[106.34380624042224,10.787908427409816],[106.34378039067279,10.787894854058601]]},"properties":{"OBJECTID":398,"maNhanDang":" ","phienBan":0,"ngayPhienBan":1787739118000,"giaTriDoChinhXacMatPhang":0,"nguyenNhanThayDoi":null,"maDoiTuong":"KG05","loaiTrangThaiDuongBoNuoc":1,"loaiDuongBoNuoc":"Phá","SHAPE_Length":168.82177090741092}},{"type":"Feature","id":399,"geometry":{"type":"LineString","coordinates":[[106.34392390318507,10.787991950011406],[106.34391688727735,10.787966534833416],[106.34385688727426,10.787935026433731],[106.34383271376397,10.787941549761765],[106.34308549211674,10.789147569082221],[106.34309247137274,10.789172964459411],[106.34315238951093,10.789204601535038],[106.3431765851693,10.789198121608962],[106.34392390318507,10.787991950011406]]},"properties":{"OBJECTID":399,"maNhanDang":" ","phienBan":0,"ngayPhienBan":1787739118000,"giaTriDoChinhXacMatPhang":0,"nguyenNhanThayDoi":null,"maDoiTuong":"KG05","loaiTrangThaiDuongBoNuoc":1,"loaiDuongBoNuoc":"Phá","SHAPE_Length":339.05306776206578}},{"type":"Feature","id":400,"geometry":{"type":"LineString","coordinates":[[106.34404012097184,10.788052981398499],[106.34403310322755,10.788027568035535],[106.34396753597693,10.787993133834586],[106.34394336246494,10.787999657171358],[106.34319599164238,10.789205913898664],[106.34320297090913,10.789231309272706],[106.34326845267532,10.78926588301848],[106.34329264833552,10.789259403083223],[106.34404012097184,10.788052981398499]]},"properties":{"OBJECTID":400,"maNhanDang":" ","phienBan":0,"ngayPhienBan":1787739118000,"giaTriDoChinhXacMatPhang":0,"nguyenNhanThayDoi":null,"maDoiTuong":"KG05","loaiTrangThaiDuongBoNuoc":1,"loaiDuongBoNuoc":"Phá","SHAPE_Length":340.49545303731759}},{"type":"Feature","id":401,"geometry":{"type":"LineString","coordinates":[[106.34415934668347,10.78811559456037],[106.34415233075283,10.788090179389124],[106.34408375194327,10.788054165208305],[106.34405957843299,10.788060690362437],[106.34331205481521,10.789267195365259],[106.34331903409327,10.78929259073599],[106.34338752195525,10.789328751711844],[106.34341171761734,10.789322271767183],[106.34415934668347,10.78811559456037]]},"properties":{"OBJECTID":401,"maNhanDang":" ","phienBan":0,"ngayPhienBan":1787739118000,"giaTriDoChinhXacMatPhang":0,"nguyenNhanThayDoi":null,"maDoiTuong":"KG05","loaiTrangThaiDuongBoNuoc":1,"loaiDuongBoNuoc":"Phá","SHAPE_Length":341.30633639116917}},{"type":"Feature","id":402,"geometry":{"type":"LineString","coordinates":[[106.34427804519352,10.788177930223762],[106.34427102925135,10.78815251505592],[106.34420297949231,10.788116778349355],[106.34417880597664,10.788123301704719],[106.34343112410382,10.789330064041341],[106.34343810339347,10.78935545940868],[106.34350606219988,10.789391341100924],[106.34353025786388,10.7893848611469],[106.34427804519352,10.788177930223762]]},"properties":{"OBJECTID":402,"maNhanDang":" ","phienBan":0,"ngayPhienBan":1787739118000,"giaTriDoChinhXacMatPhang":0,"nguyenNhanThayDoi":null,"maDoiTuong":"KG05","loaiTrangThaiDuongBoNuoc":1,"loaiDuongBoNuoc":"Phá","SHAPE_Length":341.24147368700056}},{"type":"Feature","id":403,"geometry":{"type":"LineString","coordinates":[[106.34439440408687,10.788239037143043],[106.34438738813334,10.788213621978516],[106.34432167801093,10.788179113995502],[106.34429750266462,10.788185637363762],[106.34354966435708,10.789392653413207],[106.34355664548713,10.789418048773662],[106.34362226830054,10.789452698113688],[106.34364646396635,10.789446218150463],[106.34439440408687,10.788239037143043]]},"properties":{"OBJECTID":403,"maNhanDang":" ","phienBan":0,"ngayPhienBan":1787739118000,"giaTriDoChinhXacMatPhang":0,"nguyenNhanThayDoi":null,"maDoiTuong":"KG05","loaiTrangThaiDuongBoNuoc":1,"loaiDuongBoNuoc":"Phá","SHAPE_Length":340.7276191134481}},{"type":"Feature","id":404,"geometry":{"type":"LineString","coordinates":[[106.34378757720194,10.787883271444441],[106.35022148840808,10.791261982969173],[106.35023077500638,10.79127473260175],[106.35022850492918,10.791287397966514],[106.34945843767719,10.792530332231639],[106.34944832243085,10.792538723758502],[106.34943420170438,10.792536823581601],[106.34776725228987,10.791653388409925],[106.3473668864865,10.791450367348121],[106.34606578325803,10.790776271969762],[106.34413928029737,10.78975642477193],[106.34299894819389,10.789154333006408]]},"properties":{"OBJECTID":404,"maNhanDang":" ","phienBan":0,"ngayPhienBan":1787739118000,"giaTriDoChinhXacMatPhang":0,"nguyenNhanThayDoi":null,"maDoiTuong":"KG05","loaiTrangThaiDuongBoNuoc":1,"loaiDuongBoNuoc":"Phá","SHAPE_Length":1761.1073109071208}},{"type":"Feature","id":405,"geometry":{"type":"LineString","coordinates":[[106.3502030402842,10.791289380314856],[106.35019602376876,10.791263967125037],[106.3500914765027,10.791209065220595],[106.35006730289929,10.7912155908492],[106.34931904401424,10.792423324012308],[106.34932600007275,10.792448704792212],[106.34943031248558,10.792503987111363],[106.34945454662704,10.792497495765375],[106.3502030402842,10.791289380314856]]},"properties":{"OBJECTID":405,"maNhanDang":" ","phienBan":0,"ngayPhienBan":1787739118000,"giaTriDoChinhXacMatPhang":0,"nguyenNhanThayDoi":null,"maDoiTuong":"KG05","loaiTrangThaiDuongBoNuoc":1,"loaiDuongBoNuoc":"Phá","SHAPE_Length":350.55646648420498}},{"type":"Feature","id":406,"geometry":{"type":"LineString","coordinates":[[106.34919779876552,10.792359067837243],[106.34920475481219,10.79238444862059],[106.34927546320594,10.792421922086051],[106.3492996991738,10.79241543074879],[106.35004784326958,10.791207882287086],[106.35004082676926,10.791182469092796],[106.34996995633068,10.791145252866693],[106.34994578272558,10.79115177667752],[106.34919779876552,10.792359067837243]]},"properties":{"OBJECTID":406,"maNhanDang":" ","phienBan":0,"ngayPhienBan":1787739118000,"giaTriDoChinhXacMatPhang":0,"nguyenNhanThayDoi":null,"maDoiTuong":"KG05","loaiTrangThaiDuongBoNuoc":1,"loaiDuongBoNuoc":"Phá","SHAPE_Length":342.08614519104117}},{"type":"Feature","id":407,"geometry":{"type":"LineString","coordinates":[[106.34983086980401,10.791091434035003],[106.34908314437195,10.792298304936352],[106.34909010040748,10.792323685722993],[106.34915421979497,10.792357665889845],[106.349178453932,10.792351174565736],[106.3499263231063,10.791144069915523],[106.34991930661783,10.791118656717751],[106.34985504340732,10.791084910233247],[106.34983086980401,10.791091434035003]]},"properties":{"OBJECTID":407,"maNhanDang":" ","phienBan":0,"ngayPhienBan":1787739118000,"giaTriDoChinhXacMatPhang":0,"nguyenNhanThayDoi":null,"maDoiTuong":"KG05","loaiTrangThaiDuongBoNuoc":1,"loaiDuongBoNuoc":"Phá","SHAPE_Length":340.33821973935198}},{"type":"Feature","id":408,"geometry":{"type":"LineString","coordinates":[[106.34450830253023,10.788298850458045],[106.34450128656918,10.788273437104991],[106.34443803691265,10.78824022089788],[106.34441386339336,10.788246744271802],[106.34366587046264,10.789454008600917],[106.34367285160751,10.789479405766237],[106.3437360157623,10.789512756088563],[106.34376021142995,10.789506276116336],[106.34450830253023,10.788298850458045]]},"properties":{"OBJECTID":408,"maNhanDang":" ","phienBan":0,"ngayPhienBan":1787739118000,"giaTriDoChinhXacMatPhang":0,"nguyenNhanThayDoi":null,"maDoiTuong":"KG05","loaiTrangThaiDuongBoNuoc":1,"loaiDuongBoNuoc":"Phá","SHAPE_Length":340.1818472206229}},{"type":"Feature","id":409,"geometry":{"type":"LineString","coordinates":[[106.34461352155331,10.788354105670335],[106.3446065037532,10.788328692323795],[106.34455193536422,10.788300034196336],[106.34452776184315,10.788306557579281],[106.34377961793628,10.789514068367442],[106.34378659908512,10.789539461913151],[106.34384109471615,10.789568237837788],[106.34386529038193,10.789561756049061],[106.34461352155331,10.788354105670335]]},"properties":{"OBJECTID":409,"maNhanDang":" ","phienBan":0,"ngayPhienBan":1787739118000,"giaTriDoChinhXacMatPhang":0,"nguyenNhanThayDoi":null,"maDoiTuong":"KG05","loaiTrangThaiDuongBoNuoc":1,"loaiDuongBoNuoc":"Phá","SHAPE_Length":338.09312579223956}},{"type":"Feature","id":410,"geometry":{"type":"LineString","coordinates":[[106.34473051767056,10.788415547555621],[106.3447234998555,10.788390132404237],[106.34465715439491,10.78835528939336],[106.34463297904692,10.78836181459628],[106.34388469689421,10.789569548293223],[106.343891676228,10.789594943647627],[106.34395793621057,10.789629928013662],[106.34398213005292,10.789623448027406],[106.34473051767056,10.788415547555621]]},"properties":{"OBJECTID":410,"maNhanDang":" ","phienBan":0,"ngayPhienBan":1787739118000,"giaTriDoChinhXacMatPhang":0,"nguyenNhanThayDoi":null,"maDoiTuong":"KG05","loaiTrangThaiDuongBoNuoc":1,"loaiDuongBoNuoc":"Phá","SHAPE_Length":341.07157179614683}},{"type":"Feature","id":411,"geometry":{"type":"LineString","coordinates":[[106.34484977294719,10.788478174844181],[106.34484275512055,10.788452759696213],[106.34477414869174,10.788416731265151],[106.34474997516722,10.788423254665624],[106.3440015384007,10.789631240260334],[106.34400851774586,10.789656635611401],[106.34407703322769,10.789692810837915],[106.34410122890077,10.789686330838748],[106.34484977294719,10.788478174844181]]},"properties":{"OBJECTID":411,"maNhanDang":" ","phienBan":0,"ngayPhienBan":1787739118000,"giaTriDoChinhXacMatPhang":0,"nguyenNhanThayDoi":null,"maDoiTuong":"KG05","loaiTrangThaiDuongBoNuoc":1,"loaiDuongBoNuoc":"Phá","SHAPE_Length":341.69663156651279}},{"type":"Feature","id":412,"geometry":{"type":"LineString","coordinates":[[106.34419977176923,10.789757682868677],[106.34422399486263,10.789751195574365],[106.34497272267767,10.788542742407698],[106.34496570483905,10.788517327263254],[106.34489340397697,10.788479358536392],[106.34486923045058,10.788485881946285],[106.34412063542651,10.789694123067294],[106.34412761478325,10.789719518414968],[106.34415221446118,10.789732508271697],[106.34419977176923,10.789757682868677]]},"properties":{"OBJECTID":412,"maNhanDang":" ","phienBan":0,"ngayPhienBan":1787739118000,"giaTriDoChinhXacMatPhang":0,"nguyenNhanThayDoi":null,"maDoiTuong":"KG05","loaiTrangThaiDuongBoNuoc":1,"loaiDuongBoNuoc":"Phá","SHAPE_Length":342.68380273538878}},{"type":"Feature","id":413,"geometry":{"type":"LineString","coordinates":[[106.34425032052964,10.789784442925043],[106.34430352022149,10.789812606465539],[106.344327743313,10.789806117354837],[106.3450766750021,10.788597332664176],[106.34506965898218,10.788571917519207],[106.3450163537163,10.788543926082053],[106.34499218018803,10.788550449501644],[106.34424334852602,10.78975907288145],[106.34425032052964,10.789784442925043]]},"properties":{"OBJECTID":413,"maNhanDang":" ","phienBan":0,"ngayPhienBan":1787739118000,"giaTriDoChinhXacMatPhang":0,"nguyenNhanThayDoi":null,"maDoiTuong":"KG05","loaiTrangThaiDuongBoNuoc":1,"loaiDuongBoNuoc":"Phá","SHAPE_Length":338.0712806364636}},{"type":"Feature","id":414,"geometry":{"type":"LineString","coordinates":[[106.34435406899604,10.789839364695707],[106.34442682109847,10.789877878740036],[106.34445104419196,10.789871389619577],[106.34520021981088,10.788662211805351],[106.3451932037825,10.788636798472105],[106.34512030787705,10.788598516319929],[106.34509613434714,10.788605039747726],[106.34434709515705,10.789813996466751],[106.34435406899604,10.789839364695707]]},"properties":{"OBJECTID":414,"maNhanDang":" ","phienBan":0,"ngayPhienBan":1787739118000,"giaTriDoChinhXacMatPhang":0,"nguyenNhanThayDoi":null,"maDoiTuong":"KG05","loaiTrangThaiDuongBoNuoc":1,"loaiDuongBoNuoc":"Phá","SHAPE_Length":343.01668384909505}},{"type":"Feature","id":415,"geometry":{"type":"LineString","coordinates":[[106.34447736989758,10.789904638756987],[106.34454188365805,10.789938790958844],[106.34456610675694,10.78993230363745],[106.34531550991645,10.788722756256016],[106.34530849387681,10.788697342926064],[106.34524385269475,10.788663395443146],[106.3452196773341,10.788669918884246],[106.34447039787189,10.789879268719844],[106.34447736989758,10.789904638756987]]},"properties":{"OBJECTID":415,"maNhanDang":" ","phienBan":0,"ngayPhienBan":1787739118000,"giaTriDoChinhXacMatPhang":0,"nguyenNhanThayDoi":null,"maDoiTuong":"KG05","loaiTrangThaiDuongBoNuoc":1,"loaiDuongBoNuoc":"Phá","SHAPE_Length":341.07147812148969}},{"type":"Feature","id":416,"geometry":{"type":"LineString","coordinates":[[106.3445924324768,10.789965550955813],[106.34465544504782,10.789998908603016],[106.34467966814498,10.789992419464452],[106.34542929520934,10.788782511566986],[106.3454222791551,10.7887570964321],[106.34535914280862,10.78872393987707],[106.34533496927857,10.78873046513193],[106.34458546043992,10.789940180921946],[106.3445924324768,10.789965550955813]]},"properties":{"OBJECTID":416,"maNhanDang":" ","phienBan":0,"ngayPhienBan":1787739118000,"giaTriDoChinhXacMatPhang":0,"nguyenNhanThayDoi":null,"maDoiTuong":"KG05","loaiTrangThaiDuongBoNuoc":1,"loaiDuongBoNuoc":"Phá","SHAPE_Length":340.79339596637567}},{"type":"Feature","id":417,"geometry":{"type":"LineString","coordinates":[[106.34470599388594,10.79002566858026],[106.34477295357649,10.79006111431428],[106.34479717667908,10.790054626974593],[106.34554703491983,10.788844342264342],[106.34554001885412,10.788818927132837],[106.34547292810973,10.78878369517151],[106.34544875457435,10.788790218627145],[106.34469902183801,10.79000029854965],[106.34470599388594,10.79002566858026]]},"properties":{"OBJECTID":417,"maNhanDang":" ","phienBan":0,"ngayPhienBan":1787739118000,"giaTriDoChinhXacMatPhang":0,"nguyenNhanThayDoi":null,"maDoiTuong":"KG05","loaiTrangThaiDuongBoNuoc":1,"loaiDuongBoNuoc":"Phá","SHAPE_Length":341.86831786276537}},{"type":"Feature","id":418,"geometry":{"type":"LineString","coordinates":[[106.34482350243464,10.790087874271126],[106.3448906342439,10.790123411865213],[106.3449148573484,10.790116924516216],[106.34566494676832,10.788906264800806],[106.34565793069113,10.788880849672678],[106.34559066782867,10.788845525851777],[106.34556649429149,10.788852049316718],[106.34481653037528,10.790062504243839],[106.34482350243464,10.790087874271126]]},"properties":{"OBJECTID":418,"maNhanDang":" ","phienBan":0,"ngayPhienBan":1787739118000,"giaTriDoChinhXacMatPhang":0,"nguyenNhanThayDoi":null,"maDoiTuong":"KG05","loaiTrangThaiDuongBoNuoc":1,"loaiDuongBoNuoc":"Phá","SHAPE_Length":342.00823624964272}},{"type":"Feature","id":419,"geometry":{"type":"LineString","coordinates":[[106.34494118312213,10.790150171801612],[106.34500475048517,10.790183823042467],[106.34502897358794,10.790177333876246],[106.34577929056104,10.78896631001968],[106.34577227264387,10.788940894898344],[106.34570857968568,10.788907448371093],[106.34568440614666,10.788913971845352],[106.34493421105134,10.790124801777688],[106.34494118312213,10.790150171801612]]},"properties":{"OBJECTID":419,"maNhanDang":" ","phienBan":0,"ngayPhienBan":1787739118000,"giaTriDoChinhXacMatPhang":0,"nguyenNhanThayDoi":null,"maDoiTuong":"KG05","loaiTrangThaiDuongBoNuoc":1,"loaiDuongBoNuoc":"Phá","SHAPE_Length":341.2199299598866}},{"type":"Feature","id":420,"geometry":{"type":"LineString","coordinates":[[106.34579874811699,10.788974017060182],[106.34504832730097,10.79018521293837],[106.34505529938288,10.790210582959039],[106.34511367658315,10.790241484851476],[106.34513789969124,10.790234997484836],[106.34588842963392,10.789023625800436],[106.34588141353497,10.788998210678711],[106.3458229216578,10.788967493576891]]},"properties":{"OBJECTID":420,"maNhanDang":" ","phienBan":0,"ngayPhienBan":1787739118000,"giaTriDoChinhXacMatPhang":0,"nguyenNhanThayDoi":null,"maDoiTuong":"KG05","loaiTrangThaiDuongBoNuoc":1,"loaiDuongBoNuoc":"Phá","SHAPE_Length":337.28403262340527}},{"type":"Feature","id":421,"geometry":{"type":"LineString","coordinates":[[106.34516422549943,10.790268244749154],[106.34523631689588,10.790306407264344],[106.34526054000592,10.790299919887971],[106.34601131205352,10.789088156892054],[106.34600429594261,10.789062741773861],[106.34593206256737,10.789024809338274],[106.34590788902487,10.789031332830172],[106.34515725340695,10.790242874731597],[106.34516422549943,10.790268244749154]]},"properties":{"OBJECTID":421,"maNhanDang":" ","phienBan":0,"ngayPhienBan":1787739118000,"giaTriDoChinhXacMatPhang":0,"nguyenNhanThayDoi":null,"maDoiTuong":"KG05","loaiTrangThaiDuongBoNuoc":1,"loaiDuongBoNuoc":"Phá","SHAPE_Length":343.52274490808361}},{"type":"Feature","id":422,"geometry":{"type":"LineString","coordinates":[[106.34528686583307,10.790333167140709],[106.34534873066994,10.790365917484475],[106.34537295378176,10.790359430099205],[106.34612394790751,10.789147306592417],[106.34611693178921,10.789121893285632],[106.34605494499584,10.789089340412049],[106.34603077145142,10.789095863913657],[106.34527989190336,10.790307798938359],[106.34528686583307,10.790333167140709]]},"properties":{"OBJECTID":422,"maNhanDang":" ","phienBan":0,"ngayPhienBan":1787739118000,"giaTriDoChinhXacMatPhang":0,"nguyenNhanThayDoi":null,"maDoiTuong":"KG05","loaiTrangThaiDuongBoNuoc":1,"loaiDuongBoNuoc":"Phá","SHAPE_Length":341.08285975773225}},{"type":"Feature","id":423,"geometry":{"type":"LineString","coordinates":[[106.34539927962629,10.79039267734132],[106.34546898194483,10.790429575043238],[106.34549320505862,10.790423087648449],[106.34624443765598,10.789210581883118],[106.34623742152239,10.789185166771595],[106.34616758085795,10.789148490096039],[106.34614340731181,10.789155013606541],[106.34539230751093,10.790367307330474],[106.34539927962629,10.79039267734132]]},"properties":{"OBJECTID":423,"maNhanDang":" ","phienBan":0,"ngayPhienBan":1787739118000,"giaTriDoChinhXacMatPhang":0,"nguyenNhanThayDoi":null,"maDoiTuong":"KG05","loaiTrangThaiDuongBoNuoc":1,"loaiDuongBoNuoc":"Phá","SHAPE_Length":343.1239031791664}},{"type":"Feature","id":424,"geometry":{"type":"LineString","coordinates":[[106.34551953092172,10.79045633487921],[106.34558230752378,10.790489568014854],[106.34560653063581,10.790483078802904],[106.3463579871335,10.789270210712655],[106.34635097098885,10.789244795604377],[106.34628807061512,10.789211765369233],[106.34626389706708,10.789218288889268],[106.34551255879823,10.79043096667996],[106.34551953092172,10.79045633487921]]},"properties":{"OBJECTID":424,"maNhanDang":" ","phienBan":0,"ngayPhienBan":1787739118000,"giaTriDoChinhXacMatPhang":0,"nguyenNhanThayDoi":null,"maDoiTuong":"KG05","loaiTrangThaiDuongBoNuoc":1,"loaiDuongBoNuoc":"Phá","SHAPE_Length":341.50204021563042}},{"type":"Feature","id":425,"geometry":{"type":"LineString","coordinates":[[106.34563285834528,10.79051632601943],[106.34569871979417,10.790551191416226],[106.34572294108277,10.790544704006788],[106.346474628769,10.789331464529493],[106.346467612613,10.789306049424569],[106.34640162010081,10.789271394182263],[106.34637744655102,10.789277917711264],[106.34562588438192,10.790490957826931],[106.34563285834528,10.79051632601943]]},"properties":{"OBJECTID":425,"maNhanDang":" ","phienBan":0,"ngayPhienBan":1787739118000,"giaTriDoChinhXacMatPhang":0,"nguyenNhanThayDoi":null,"maDoiTuong":"KG05","loaiTrangThaiDuongBoNuoc":1,"loaiDuongBoNuoc":"Phá","SHAPE_Length":342.36261509719134}},{"type":"Feature","id":426,"geometry":{"type":"LineString","coordinates":[[106.34574926881021,10.790577951212308],[106.34580832902434,10.790609216905969],[106.34583255214356,10.79060272948432],[106.34658445461785,10.789389138556883],[106.3465774384547,10.789363725263286],[106.34651826174469,10.789332647982175],[106.34649408636429,10.789339171523894],[106.34574229483555,10.790552583023121],[106.34574926881021,10.790577951212308]]},"properties":{"OBJECTID":426,"maNhanDang":" ","phienBan":0,"ngayPhienBan":1787739118000,"giaTriDoChinhXacMatPhang":0,"nguyenNhanThayDoi":null,"maDoiTuong":"KG05","loaiTrangThaiDuongBoNuoc":1,"loaiDuongBoNuoc":"Phá","SHAPE_Length":340.76878849730394}},{"type":"Feature","id":427,"geometry":{"type":"LineString","coordinates":[[106.34585887805909,10.790635976682992],[106.34592936222032,10.790673288654045],[106.3459535853415,10.790666801222802],[106.34670572627709,10.789452824418051],[106.34669871009858,10.789427409319751],[106.34662808760147,10.789390321993611],[106.34660391405171,10.789396847348678],[106.34585190590261,10.790610608493431],[106.34585887805909,10.790635976682992]]},"properties":{"OBJECTID":427,"maNhanDang":" ","phienBan":0,"ngayPhienBan":1787739118000,"giaTriDoChinhXacMatPhang":0,"nguyenNhanThayDoi":null,"maDoiTuong":"KG05","loaiTrangThaiDuongBoNuoc":1,"loaiDuongBoNuoc":"Phá","SHAPE_Length":343.69846275585559}},{"type":"Feature","id":428,"geometry":{"type":"LineString","coordinates":[[106.34597991127572,10.79070004841004],[106.34603262612551,10.790727953997122],[106.34605684924476,10.790721464749527],[106.34680919406007,10.789507160036168],[106.34680217787148,10.789481744940836],[106.34674935926945,10.789454007837161],[106.34672518571426,10.789460531393612],[106.3459729391039,10.790674678415732],[106.34597991127572,10.79070004841004]]},"properties":{"OBJECTID":428,"maNhanDang":" ","phienBan":0,"ngayPhienBan":1787739118000,"giaTriDoChinhXacMatPhang":0,"nguyenNhanThayDoi":null,"maDoiTuong":"KG05","loaiTrangThaiDuongBoNuoc":1,"loaiDuongBoNuoc":"Phá","SHAPE_Length":339.38236442108587}},{"type":"Feature","id":429,"geometry":{"type":"LineString","coordinates":[[106.34693233315896,10.789571824051253],[106.34692531513312,10.789546410771143],[106.34685282705632,10.789508341632066],[106.34682865350311,10.789514867004886],[106.34607629599188,10.790729193484669],[106.3460833271171,10.79075477672936],[106.34615605605522,10.790792456809701],[106.34618005069227,10.790786029471077],[106.34693233315896,10.789571824051253]]},"properties":{"OBJECTID":429,"maNhanDang":" ","phienBan":0,"ngayPhienBan":1787739118000,"giaTriDoChinhXacMatPhang":0,"nguyenNhanThayDoi":null,"maDoiTuong":"KG05","loaiTrangThaiDuongBoNuoc":1,"loaiDuongBoNuoc":"Phá","SHAPE_Length":344.26712556074642}},{"type":"Feature","id":430,"geometry":{"type":"LineString","coordinates":[[106.34706423056865,10.789641089244432],[106.3470572143588,10.789615675964585],[106.34697596616763,10.789573007437438],[106.34695179078368,10.789579532823506],[106.34619984017468,10.790793202422394],[106.34620687131199,10.790818785663514],[106.34628839139205,10.790861019887291],[106.34631238420224,10.79085459254182],[106.34706423056865,10.789641089244432]]},"properties":{"OBJECTID":430,"maNhanDang":" ","phienBan":0,"ngayPhienBan":1787739118000,"giaTriDoChinhXacMatPhang":0,"nguyenNhanThayDoi":null,"maDoiTuong":"KG05","loaiTrangThaiDuongBoNuoc":1,"loaiDuongBoNuoc":"Phá","SHAPE_Length":346.26077846941229}},{"type":"Feature","id":431,"geometry":{"type":"LineString","coordinates":[[106.34717445939897,10.789698975639135],[106.34716744317484,10.789673560554272],[106.34710786358684,10.78964227261145],[106.34708369002968,10.789648798004405],[106.34633217552074,10.790861765480704],[106.34633920666744,10.790887346909846],[106.34639898332748,10.790918318175992],[106.34642297796819,10.790911890818334],[106.34717445939897,10.789698975639135]]},"properties":{"OBJECTID":431,"maNhanDang":" ","phienBan":0,"ngayPhienBan":1787739118000,"giaTriDoChinhXacMatPhang":0,"nguyenNhanThayDoi":null,"maDoiTuong":"KG05","loaiTrangThaiDuongBoNuoc":1,"loaiDuongBoNuoc":"Phá","SHAPE_Length":340.72566503209458}},{"type":"Feature","id":432,"geometry":{"type":"LineString","coordinates":[[106.34728251517889,10.789755719791325],[106.34727549894421,10.789730304709552],[106.34721809242511,10.789700158990151],[106.34719391886266,10.789706682583622],[106.34644276929274,10.790919063749797],[106.34644980045023,10.790944645175752],[106.3465073967442,10.790974486884801],[106.3465313895577,10.790968059522159],[106.34728251517889,10.789755719791325]]},"properties":{"OBJECTID":432,"maNhanDang":" ","phienBan":0,"ngayPhienBan":1787739118000,"giaTriDoChinhXacMatPhang":0,"nguyenNhanThayDoi":null,"maDoiTuong":"KG05","loaiTrangThaiDuongBoNuoc":1,"loaiDuongBoNuoc":"Phá","SHAPE_Length":340.03632963934348}},{"type":"Feature","id":433,"geometry":{"type":"LineString","coordinates":[[106.34739961852014,10.789817214645224],[106.34739260227767,10.789791801374994],[106.3473261482128,10.789756903126635],[106.34730197464867,10.789763426728637],[106.3465511808882,10.790975232446335],[106.34655821205627,10.79100081386917],[106.34662488691376,10.791035357438609],[106.34664888155787,10.791028930063234],[106.34739961852014,10.789817214645224]]},"properties":{"OBJECTID":433,"maNhanDang":" ","phienBan":0,"ngayPhienBan":1787739118000,"giaTriDoChinhXacMatPhang":0,"nguyenNhanThayDoi":null,"maDoiTuong":"KG05","loaiTrangThaiDuongBoNuoc":1,"loaiDuongBoNuoc":"Phá","SHAPE_Length":342.12181507658278}},{"type":"Feature","id":434,"geometry":{"type":"LineString","coordinates":[[106.34750457127573,10.789872330098031],[106.34749755501944,10.789846915022625],[106.34744325156251,10.789818397963524],[106.34741907800016,10.789824923382959],[106.34666867106594,10.791036102983036],[106.34667570407794,10.791061686207161],[106.34673018635192,10.79108991192701],[106.34675418100117,10.791083486351573],[106.34750457127573,10.789872330098031]]},"properties":{"OBJECTID":434,"maNhanDang":" ","phienBan":0,"ngayPhienBan":1787739118000,"giaTriDoChinhXacMatPhang":0,"nguyenNhanThayDoi":null,"maDoiTuong":"KG05","loaiTrangThaiDuongBoNuoc":1,"loaiDuongBoNuoc":"Phá","SHAPE_Length":338.95856328568146}},{"type":"Feature","id":435,"geometry":{"type":"LineString","coordinates":[[106.34762500299354,10.789935572383124],[106.34761798672912,10.78991015911935],[106.34754820432566,10.789873513401092],[106.34752402892926,10.789880037024167],[106.34677397051145,10.79109065745609],[106.3467810017049,10.791116240680724],[106.34685101585164,10.791152515432552],[106.34687501232797,10.791146088035939],[106.34762500299354,10.789935572383124]]},"properties":{"OBJECTID":435,"maNhanDang":" ","phienBan":0,"ngayPhienBan":1787739118000,"giaTriDoChinhXacMatPhang":0,"nguyenNhanThayDoi":null,"maDoiTuong":"KG05","loaiTrangThaiDuongBoNuoc":1,"loaiDuongBoNuoc":"Phá","SHAPE_Length":342.63723613601348}},{"type":"Feature","id":436,"geometry":{"type":"LineString","coordinates":[[106.34773398529231,10.789992802791128],[106.34772696718845,10.789967389534009],[106.3476686360557,10.789936757476861],[106.34764446248627,10.789943281105913],[106.34689480184844,10.791153260940511],[106.34690183305011,10.791178842353483],[106.34696035760329,10.791209163162081],[106.34698435225597,10.791202737568593],[106.34773398529231,10.789992802791128]]},"properties":{"OBJECTID":436,"maNhanDang":" ","phienBan":0,"ngayPhienBan":1787739118000,"giaTriDoChinhXacMatPhang":0,"nguyenNhanThayDoi":null,"maDoiTuong":"KG05","loaiTrangThaiDuongBoNuoc":1,"loaiDuongBoNuoc":"Phá","SHAPE_Length":339.64169200716037}},{"type":"Feature","id":437,"geometry":{"type":"LineString","coordinates":[[106.34785403448251,10.79005584681922],[106.34784701819217,10.790030431753831],[106.34777761652991,10.789993986064381],[106.34775344296237,10.790000511510245],[106.34700414360773,10.791209908654118],[106.34701117482366,10.791235491872126],[106.34708080456994,10.791271566600999],[106.34710479922092,10.791265139189905],[106.34785403448251,10.79005584681922]]},"properties":{"OBJECTID":437,"maNhanDang":" ","phienBan":0,"ngayPhienBan":1787739118000,"giaTriDoChinhXacMatPhang":0,"nguyenNhanThayDoi":null,"maDoiTuong":"KG05","loaiTrangThaiDuongBoNuoc":1,"loaiDuongBoNuoc":"Phá","SHAPE_Length":342.22514758182501}},{"type":"Feature","id":438,"geometry":{"type":"LineString","coordinates":[[106.34796589479586,10.790114588654951],[106.34795887849468,10.79008917359277],[106.34789766755758,10.790057030071495],[106.34787349398461,10.790063553718637],[106.34712459058282,10.791272312075495],[106.34713162181053,10.791297895290036],[106.34719303529209,10.79132971308595],[106.3472170299447,10.791323285666039],[106.34796589479586,10.790114588654951]]},"properties":{"OBJECTID":438,"maNhanDang":" ","phienBan":0,"ngayPhienBan":1787739118000,"giaTriDoChinhXacMatPhang":0,"nguyenNhanThayDoi":null,"maDoiTuong":"KG05","loaiTrangThaiDuongBoNuoc":1,"loaiDuongBoNuoc":"Phá","SHAPE_Length":340.0362081415858}},{"type":"Feature","id":439,"geometry":{"type":"LineString","coordinates":[[106.34808545160344,10.790177371351156],[106.34807843529418,10.790151958100592],[106.34800952787903,10.79011577189098],[106.3479853543043,10.790122295546974],[106.34723682131278,10.791330458544083],[106.3472438525479,10.791356039947214],[106.34731298805232,10.791391858811185],[106.34733698270674,10.791385431381881],[106.34808545160344,10.790177371351156]]},"properties":{"OBJECTID":439,"maNhanDang":" ","phienBan":0,"ngayPhienBan":1787739118000,"giaTriDoChinhXacMatPhang":0,"nguyenNhanThayDoi":null,"maDoiTuong":"KG05","loaiTrangThaiDuongBoNuoc":1,"loaiDuongBoNuoc":"Phá","SHAPE_Length":341.78228596154878}},{"type":"Feature","id":440,"geometry":{"type":"LineString","coordinates":[[106.34820151356692,10.79023832001316],[106.34819449724635,10.79021290676592],[106.3481290846952,10.790178554569817],[106.34810491112221,10.790185080043416],[106.34735677225254,10.791392604255387],[106.3473638053318,10.791418187459739],[106.34738292359938,10.791428091998718],[106.34742981662431,10.7914518714264],[106.3474535864503,10.79144550409239],[106.34820151356692,10.79023832001316]]},"properties":{"OBJECTID":440,"maNhanDang":" ","phienBan":0,"ngayPhienBan":1787739118000,"giaTriDoChinhXacMatPhang":0,"nguyenNhanThayDoi":null,"maDoiTuong":"KG05","loaiTrangThaiDuongBoNuoc":1,"loaiDuongBoNuoc":"Phá","SHAPE_Length":340.71607033112832}},{"type":"Feature","id":441,"geometry":{"type":"LineString","coordinates":[[106.34843410080454,10.790360458600569],[106.34842708446133,10.790335045359987],[106.34836547249431,10.790302691153762],[106.34834129891408,10.790309214837855],[106.34759515879637,10.791513517135629],[106.34760224717508,10.791539308168577],[106.34766438436728,10.791570817074945],[106.34768815419653,10.791564449722721],[106.34843410080454,10.790360458600569]]},"properties":{"OBJECTID":441,"maNhanDang":" ","phienBan":0,"ngayPhienBan":1787739118000,"giaTriDoChinhXacMatPhang":0,"nguyenNhanThayDoi":null,"maDoiTuong":"KG05","loaiTrangThaiDuongBoNuoc":1,"loaiDuongBoNuoc":"Phá","SHAPE_Length":338.94982756641048}},{"type":"Feature","id":442,"geometry":{"type":"LineString","coordinates":[[106.34778567670676,10.79163237778068],[106.34780991265066,10.791625886561459],[106.34855468851624,10.790423785185238],[106.34854767215774,10.790398370139926],[106.34847773392501,10.790361643576752],[106.34845356034303,10.790368167269706],[106.347708375826,10.791570927391971],[106.34771546421939,10.791596720229824],[106.3477832893785,10.79163111123289],[106.34778567670676,10.79163237778068]]},"properties":{"OBJECTID":442,"maNhanDang":" ","phienBan":0,"ngayPhienBan":1787739118000,"giaTriDoChinhXacMatPhang":0,"nguyenNhanThayDoi":null,"maDoiTuong":"KG05","loaiTrangThaiDuongBoNuoc":1,"loaiDuongBoNuoc":"Phá","SHAPE_Length":340.58407944167271}},{"type":"Feature","id":443,"geometry":{"type":"LineString","coordinates":[[106.34783621331924,10.79165916074564],[106.34789840829751,10.791692123277651],[106.3479226442396,10.791685630241307],[106.34866767500172,10.79048311766098],[106.34866065863223,10.790457702618918],[106.3485983216418,10.790424968335708],[106.34857414805796,10.790431492038193],[106.34782924281782,10.791633801649786],[106.34783621331924,10.79165916074564]]},"properties":{"OBJECTID":443,"maNhanDang":" ","phienBan":0,"ngayPhienBan":1787739118000,"giaTriDoChinhXacMatPhang":0,"nguyenNhanThayDoi":null,"maDoiTuong":"KG05","loaiTrangThaiDuongBoNuoc":1,"loaiDuongBoNuoc":"Phá","SHAPE_Length":338.67310203247484}},{"type":"Feature","id":444,"geometry":{"type":"LineString","coordinates":[[106.34747380806749,10.791451981777721],[106.34748089826667,10.791477774618826],[106.34755116734517,10.791513406802043],[106.34757510853785,10.791506762474173],[106.34832183938552,10.790301507969447],[106.34831482304969,10.790276092917471],[106.34824514666704,10.790239503214959],[106.34822097308866,10.790246026889543],[106.34747380806749,10.791451981777721]]},"properties":{"OBJECTID":444,"maNhanDang":" ","phienBan":0,"ngayPhienBan":1787739118000,"giaTriDoChinhXacMatPhang":0,"nguyenNhanThayDoi":null,"maDoiTuong":"KG05","loaiTrangThaiDuongBoNuoc":1,"loaiDuongBoNuoc":"Phá","SHAPE_Length":341.35290380024355}},{"type":"Feature","id":445,"geometry":{"type":"LineString","coordinates":[[106.34794894492565,10.791718904414827],[106.34801319954724,10.791752958707283],[106.34803743549477,10.791746467470031],[106.34878272478339,10.790543532824678],[106.34877570840625,10.790518119594092],[106.34871130813544,10.790484300795038],[106.34868713454983,10.790490824506463],[106.34794197441683,10.791693547130388],[106.34794894492565,10.791718904414827]]},"properties":{"OBJECTID":445,"maNhanDang":" ","phienBan":0,"ngayPhienBan":1787739118000,"giaTriDoChinhXacMatPhang":0,"nguyenNhanThayDoi":null,"maDoiTuong":"KG05","loaiTrangThaiDuongBoNuoc":1,"loaiDuongBoNuoc":"Phá","SHAPE_Length":339.29185408628649}},{"type":"Feature","id":446,"geometry":{"type":"LineString","coordinates":[[106.3480637343697,10.791779741636244],[106.34812139822793,10.79181030074882],[106.34814563417721,10.791803809502994],[106.34889116743432,10.790600479958208],[106.34888415287544,10.7905750667272],[106.34882635792539,10.79054471594201],[106.34880218434159,10.790551241470714],[106.34805676384973,10.791754384355078],[106.3480637343697,10.791779741636244]]},"properties":{"OBJECTID":446,"maNhanDang":" ","phienBan":0,"ngayPhienBan":1787739118000,"giaTriDoChinhXacMatPhang":0,"nguyenNhanThayDoi":null,"maDoiTuong":"KG05","loaiTrangThaiDuongBoNuoc":1,"loaiDuongBoNuoc":"Phá","SHAPE_Length":337.76176603918765}},{"type":"Feature","id":447,"geometry":{"type":"LineString","coordinates":[[106.34817193306888,10.791837083659003],[106.34824084888898,10.791873607923051],[106.34826508483661,10.791867114859562],[106.34901088938295,10.790663350556937],[106.34900387298002,10.790637935524721],[106.3489348005841,10.790601663059796],[106.34891062699865,10.790608188597036],[106.34816496253836,10.791811726380923],[106.34817193306888,10.791837083659003]]},"properties":{"OBJECTID":447,"maNhanDang":" ","phienBan":0,"ngayPhienBan":1787739118000,"giaTriDoChinhXacMatPhang":0,"nguyenNhanThayDoi":null,"maDoiTuong":"KG05","loaiTrangThaiDuongBoNuoc":1,"loaiDuongBoNuoc":"Phá","SHAPE_Length":340.66238664285942}},{"type":"Feature","id":448,"geometry":{"type":"LineString","coordinates":[[106.34829138374673,10.791900389004285],[106.3483540969284,10.791933625282427],[106.34837833105257,10.791927134021705],[106.34912439231113,10.79072295308505],[106.34911737590069,10.790697539864269],[106.34905452254138,10.790664533641129],[106.34903034895048,10.790671057379644],[106.34828441503345,10.791875031726075],[106.34829138374673,10.791900389004285]]},"properties":{"OBJECTID":448,"maNhanDang":" ","phienBan":0,"ngayPhienBan":1787739118000,"giaTriDoChinhXacMatPhang":0,"nguyenNhanThayDoi":null,"maDoiTuong":"KG05","loaiTrangThaiDuongBoNuoc":1,"loaiDuongBoNuoc":"Phá","SHAPE_Length":339.23260365287501}},{"type":"Feature","id":449,"geometry":{"type":"LineString","coordinates":[[106.34840463180547,10.791960406343986],[106.34845973448044,10.791989610581679],[106.34848397043517,10.791983119309057],[106.34923027020038,10.790778552529712],[106.34922325195085,10.790753139315514],[106.34916802548129,10.790724137960924],[106.34914385188863,10.790730661708409],[106.34839766125233,10.79193504907254],[106.34840463180547,10.791960406343986]]},"properties":{"OBJECTID":449,"maNhanDang":" ","phienBan":0,"ngayPhienBan":1787739118000,"giaTriDoChinhXacMatPhang":0,"nguyenNhanThayDoi":null,"maDoiTuong":"KG05","loaiTrangThaiDuongBoNuoc":1,"loaiDuongBoNuoc":"Phá","SHAPE_Length":337.44789755005905}},{"type":"Feature","id":450,"geometry":{"type":"LineString","coordinates":[[106.34851026937916,10.792016393433096],[106.34857548527739,10.792050955652609],[106.34859972123395,10.792044464370816],[106.34934628135052,10.790839475519878],[106.34933926674377,10.790814060493741],[106.34927390154579,10.790779735585572],[106.34924972795505,10.790786261149599],[106.34850329881216,10.791991034356464],[106.34851026937916,10.792016393433096]]},"properties":{"OBJECTID":450,"maNhanDang":" ","phienBan":0,"ngayPhienBan":1787739118000,"giaTriDoChinhXacMatPhang":0,"nguyenNhanThayDoi":null,"maDoiTuong":"KG05","loaiTrangThaiDuongBoNuoc":1,"loaiDuongBoNuoc":"Phá","SHAPE_Length":340.06307070524787}},{"type":"Feature","id":451,"geometry":{"type":"LineString","coordinates":[[106.34862602019584,10.792077738483901],[106.34869913775107,10.792116487628785],[106.34872337370963,10.792109996337189],[106.34947021421054,10.790904554618775],[106.34946319776287,10.790879139599729],[106.34938991453313,10.790840658555334],[106.34936574093703,10.790847182320336],[106.34861905144645,10.792052379407052],[106.34862602019584,10.792077738483901]]},"properties":{"OBJECTID":451,"maNhanDang":" ","phienBan":0,"ngayPhienBan":1787739118000,"giaTriDoChinhXacMatPhang":0,"nguyenNhanThayDoi":null,"maDoiTuong":"KG05","loaiTrangThaiDuongBoNuoc":1,"loaiDuongBoNuoc":"Phá","SHAPE_Length":342.13733949142625}},{"type":"Feature","id":452,"geometry":{"type":"LineString","coordinates":[[106.34874967268705,10.792143268630438],[106.3488212066532,10.792181179999396],[106.34884544078487,10.792174688701675],[106.34959255803113,10.790968801358909],[106.34958554157156,10.790943386343383],[106.3495138455732,10.790905737639767],[106.34948967197519,10.790912261414553],[106.34874270210035,10.792117911368825],[106.34874967268705,10.792143268630438]]},"properties":{"OBJECTID":452,"maNhanDang":" ","phienBan":0,"ngayPhienBan":1787739118000,"giaTriDoChinhXacMatPhang":0,"nguyenNhanThayDoi":null,"maDoiTuong":"KG05","loaiTrangThaiDuongBoNuoc":1,"loaiDuongBoNuoc":"Phá","SHAPE_Length":341.86066946350735}},{"type":"Feature","id":453,"geometry":{"type":"LineString","coordinates":[[106.34887174161359,10.792207962788012],[106.34893268455478,10.792240260299481],[106.34895691868824,10.792233768992922],[106.3497042890109,10.79102747406721],[106.34969727071163,10.79100205905843],[106.34963619123145,10.790969984358579],[106.34961201763154,10.790976508143036],[106.34886477101145,10.792182603721701],[106.34887174161359,10.792207962788012]]},"properties":{"OBJECTID":453,"maNhanDang":" ","phienBan":0,"ngayPhienBan":1787739118000,"giaTriDoChinhXacMatPhang":0,"nguyenNhanThayDoi":null,"maDoiTuong":"KG05","loaiTrangThaiDuongBoNuoc":1,"loaiDuongBoNuoc":"Phá","SHAPE_Length":339.34292648527685}},{"type":"Feature","id":454,"geometry":{"type":"LineString","coordinates":[[106.3489832195342,10.792267043068737],[106.3490395654098,10.7922969029723],[106.34906380137384,10.792290411653736],[106.34981141019124,10.791083727265381],[106.34980439371034,10.791058312256132],[106.34974792039044,10.79102865705419],[106.3497237467888,10.791035180847498],[106.34897624892123,10.792241684005612],[106.3489832195342,10.792267043068737]]},"properties":{"OBJECTID":454,"maNhanDang":" ","phienBan":0,"ngayPhienBan":1787739118000,"giaTriDoChinhXacMatPhang":0,"nguyenNhanThayDoi":null,"maDoiTuong":"KG05","loaiTrangThaiDuongBoNuoc":1,"loaiDuongBoNuoc":"Phá","SHAPE_Length":338.30534569930205}},{"type":"Feature","id":455,"geometry":{"type":"LineString","coordinates":[[106.34346596096361,10.79139191202335],[106.34347317563132,10.791416999539564],[106.3435362391382,10.791450116814929],[106.34356061163452,10.791443265831969],[106.34428219995709,10.790221534349605],[106.34427498525721,10.79019644685239],[106.34421192194647,10.790163329715323],[106.34418754956926,10.790170180743853],[106.34346596096361,10.79139191202335]]},"properties":{"OBJECTID":455,"maNhanDang":" ","phienBan":0,"ngayPhienBan":1787739118000,"giaTriDoChinhXacMatPhang":0,"nguyenNhanThayDoi":null,"maDoiTuong":"KG05","loaiTrangThaiDuongBoNuoc":1,"loaiDuongBoNuoc":"Phá","SHAPE_Length":339.90248897118636}},{"type":"Feature","id":456,"geometry":{"type":"LineString","coordinates":[[106.34345111324076,10.791385763706247],[106.34417270189489,10.790164032458501],[106.34416548903445,10.790138944954574],[106.34411095147296,10.790110304790009],[106.34408657909721,10.790117155810529],[106.34336499018585,10.791338886873657],[106.3433722048438,10.791363974392812],[106.34342674257491,10.791392614676976],[106.34345111324076,10.791385763706247]]},"properties":{"OBJECTID":456,"maNhanDang":" ","phienBan":0,"ngayPhienBan":1787739118000,"giaTriDoChinhXacMatPhang":0,"nguyenNhanThayDoi":null,"maDoiTuong":"KG05","loaiTrangThaiDuongBoNuoc":1,"loaiDuongBoNuoc":"Phá","SHAPE_Length":337.79083035930972}},{"type":"Feature","id":457,"geometry":{"type":"LineString","coordinates":[[106.34325190361307,10.791279498373882],[106.34325911826009,10.791304585896356],[106.34332577180307,10.791339589514148],[106.34335014246743,10.791332738551453],[106.34407173142731,10.790111007520062],[106.34406451857662,10.790085920013182],[106.34399786524091,10.790050916541562],[106.34397349286684,10.790057767553055],[106.34325190361307,10.791279498373882]]},"properties":{"OBJECTID":457,"maNhanDang":" ","phienBan":0,"ngayPhienBan":1787739118000,"giaTriDoChinhXacMatPhang":0,"nguyenNhanThayDoi":null,"maDoiTuong":"KG05","loaiTrangThaiDuongBoNuoc":1,"loaiDuongBoNuoc":"Phá","SHAPE_Length":340.79144224104152}},{"type":"Feature","id":458,"geometry":{"type":"LineString","coordinates":[[106.34323705589964,10.791273350045945],[106.34395864520192,10.79005161925687],[106.34395143236216,10.790026531746687],[106.343900799791,10.789999941773717],[106.34387642741839,10.790006792777492],[106.34315483787071,10.791228523390334],[106.34316205250836,10.791253610915634],[106.34321268523694,10.791280200999651],[106.34323705589964,10.791273350045945]]},"properties":{"OBJECTID":458,"maNhanDang":" ","phienBan":0,"ngayPhienBan":1787739118000,"giaTriDoChinhXacMatPhang":0,"nguyenNhanThayDoi":null,"maDoiTuong":"KG05","loaiTrangThaiDuongBoNuoc":1,"loaiDuongBoNuoc":"Phá","SHAPE_Length":336.82379506014195}},{"type":"Feature","id":459,"geometry":{"type":"LineString","coordinates":[[106.34313999016153,10.79122237505749],[106.34386157975774,10.790000644476381],[106.34385436510205,10.78997555877506],[106.34380725670522,10.789950819039166],[106.34378288616281,10.789957670032003],[106.34306129633188,10.791179400444383],[106.34306850913165,10.79120448797592],[106.34311561767498,10.791229227815148],[106.34313999016153,10.79122237505749]]},"properties":{"OBJECTID":459,"maNhanDang":" ","phienBan":0,"ngayPhienBan":1787739118000,"giaTriDoChinhXacMatPhang":0,"nguyenNhanThayDoi":null,"maDoiTuong":"KG05","loaiTrangThaiDuongBoNuoc":1,"loaiDuongBoNuoc":"Phá","SHAPE_Length":335.95092749235147}},{"type":"Feature","id":460,"geometry":{"type":"LineString","coordinates":[[106.34304644862684,10.791173252106807],[106.34376803850628,10.789951521726154],[106.34376082385606,10.789926434213916],[106.34369288907467,10.7898907568664],[106.34366851670511,10.789897607853636],[106.34294692652792,10.791119338020968],[106.34295413931666,10.791144425555849],[106.34302207613813,10.79118010304885],[106.34304644862684,10.791173252106807]]},"properties":{"OBJECTID":460,"maNhanDang":" ","phienBan":0,"ngayPhienBan":1787739118000,"giaTriDoChinhXacMatPhang":0,"nguyenNhanThayDoi":null,"maDoiTuong":"KG05","loaiTrangThaiDuongBoNuoc":1,"loaiDuongBoNuoc":"Phá","SHAPE_Length":341.10927004259509}},{"type":"Feature","id":461,"geometry":{"type":"LineString","coordinates":[[106.34589280127888,10.792687654036081],[106.34581538050153,10.792646999435675],[106.34580816743652,10.792621911984417],[106.34652974894827,10.791400175686638],[106.34655411953112,10.791393324475248],[106.34661602447473,10.791425833978209],[106.34662323940063,10.791450921406966],[106.34589280127888,10.792687654036081]]},"properties":{"OBJECTID":461,"maNhanDang":" ","phienBan":0,"ngayPhienBan":1787739118000,"giaTriDoChinhXacMatPhang":0,"nguyenNhanThayDoi":null,"maDoiTuong":"KG05","loaiTrangThaiDuongBoNuoc":1,"loaiDuongBoNuoc":"Phá","SHAPE_Length":340.68630380335424}},{"type":"Feature","id":462,"geometry":{"type":"LineString","coordinates":[[106.34821375700211,10.793885167905952],[106.34822097212832,10.793910255283294],[106.34829006536359,10.793946538674239],[106.34831443792984,10.793939687312937],[106.34903601185097,10.792717945646228],[106.34902879669204,10.792692858288072],[106.34895970367185,10.792656575048596],[106.34893533122481,10.792663426454979],[106.34821375700211,10.793885167905952]]},"properties":{"OBJECTID":462,"maNhanDang":" ","phienBan":0,"ngayPhienBan":1787739118000,"giaTriDoChinhXacMatPhang":0,"nguyenNhanThayDoi":null,"maDoiTuong":"KG05","loaiTrangThaiDuongBoNuoc":1,"loaiDuongBoNuoc":"Phá","SHAPE_Length":341.3956420164879}},{"type":"Feature","id":463,"geometry":{"type":"LineString","coordinates":[[106.34810241148946,10.793826698290157],[106.34810962477606,10.79385178567429],[106.34817453650541,10.793885871181446],[106.34819890907357,10.793879021637531],[106.34892048334125,10.792657278410079],[106.34891326819348,10.792632191048554],[106.34884835666261,10.79259810387553],[106.34882398604961,10.792604957077689],[106.34810241148946,10.793826698290157]]},"properties":{"OBJECTID":463,"maNhanDang":" ","phienBan":0,"ngayPhienBan":1787739118000,"giaTriDoChinhXacMatPhang":0,"nguyenNhanThayDoi":null,"maDoiTuong":"KG05","loaiTrangThaiDuongBoNuoc":1,"loaiDuongBoNuoc":"Phá","SHAPE_Length":340.35989707306044}},{"type":"Feature","id":464,"geometry":{"type":"LineString","coordinates":[[106.34798364591336,10.793764330044661],[106.34799085918849,10.793789417432274],[106.34806319099931,10.793827401551153],[106.34808756356222,10.793820550207915],[106.34880913817095,10.792598809027172],[106.34880192303396,10.792573721662382],[106.34872959144823,10.79253573770206],[106.34870522083342,10.792542589086578],[106.34798364591336,10.793764330044661]]},"properties":{"OBJECTID":464,"maNhanDang":" ","phienBan":0,"ngayPhienBan":1787739118000,"giaTriDoChinhXacMatPhang":0,"nguyenNhanThayDoi":null,"maDoiTuong":"KG05","loaiTrangThaiDuongBoNuoc":1,"loaiDuongBoNuoc":"Phá","SHAPE_Length":342.19744229703747}},{"type":"Feature","id":465,"geometry":{"type":"LineString","coordinates":[[106.34786935478128,10.793704312795711],[106.34787656804536,10.79372940018667],[106.34794442543019,10.793765033290185],[106.34796879799137,10.793758181956399],[106.34869037296001,10.792536441030034],[106.3486831578345,10.792511353661775],[106.34861530066087,10.792475720707026],[106.34859093004773,10.792482572082459],[106.34786935478128,10.793704312795711]]},"properties":{"OBJECTID":465,"maNhanDang":" ","phienBan":0,"ngayPhienBan":1787739118000,"giaTriDoChinhXacMatPhang":0,"nguyenNhanThayDoi":null,"maDoiTuong":"KG05","loaiTrangThaiDuongBoNuoc":1,"loaiDuongBoNuoc":"Phá","SHAPE_Length":341.08920690650257}},{"type":"Feature","id":466,"geometry":{"type":"LineString","coordinates":[[106.34774771865924,10.793640438352156],[106.34775493374043,10.793665525743135],[106.34783013430481,10.793705016026344],[106.34785450686434,10.793698164701661],[106.34857608217933,10.79247642402013],[106.34856886706487,10.792451336648522],[106.34849366673451,10.79241184653017],[106.3484692942943,10.792418697899453],[106.34774771865924,10.793640438352156]]},"properties":{"OBJECTID":466,"maNhanDang":" ","phienBan":0,"ngayPhienBan":1787739118000,"giaTriDoChinhXacMatPhang":0,"nguyenNhanThayDoi":null,"maDoiTuong":"KG05","loaiTrangThaiDuongBoNuoc":1,"loaiDuongBoNuoc":"Phá","SHAPE_Length":342.90811262744512}},{"type":"Feature","id":467,"geometry":{"type":"LineString","coordinates":[[106.34763653625657,10.793582053228416],[106.34764375132704,10.793607140622662],[106.34770850001878,10.793641141563409],[106.34773287074766,10.793634290251942],[106.34845444826014,10.792412549827429],[106.34844723315739,10.792387462452259],[106.34838248466713,10.792353461653439],[106.34835811222857,10.792360313013877],[106.34763653625657,10.793582053228416]]},"properties":{"OBJECTID":467,"maNhanDang":" ","phienBan":0,"ngayPhienBan":1787739118000,"giaTriDoChinhXacMatPhang":0,"nguyenNhanThayDoi":null,"maDoiTuong":"KG05","loaiTrangThaiDuongBoNuoc":1,"loaiDuongBoNuoc":"Phá","SHAPE_Length":340.31952710641139}},{"type":"Feature","id":468,"geometry":{"type":"LineString","coordinates":[[106.3475283819778,10.793525257040157],[106.34753559520897,10.793550344441091],[106.34759731762266,10.793582756425188],[106.34762168834988,10.793575905122566],[106.34834326619929,10.792354164936201],[106.34833605110728,10.792329077557769],[106.34827432888568,10.792296665708996],[106.34824995827755,10.792303517057277],[106.3475283819778,10.793525257040157]]},"properties":{"OBJECTID":468,"maNhanDang":" ","phienBan":0,"ngayPhienBan":1787739118000,"giaTriDoChinhXacMatPhang":0,"nguyenNhanThayDoi":null,"maDoiTuong":"KG05","loaiTrangThaiDuongBoNuoc":1,"loaiDuongBoNuoc":"Phá","SHAPE_Length":339.56984500078067}},{"type":"Feature","id":469,"geometry":{"type":"LineString","coordinates":[[106.34740843762015,10.793462270626833],[106.34741565266857,10.793487358027752],[106.34748916152137,10.793525960226368],[106.34751353407587,10.793519108928836],[106.34823511042418,10.792297368977673],[106.34822789534263,10.792272281596087],[106.34815438671858,10.79223367955862],[106.34813001428336,10.792240530900891],[106.34740843762015,10.793462270626833]]},"properties":{"OBJECTID":469,"maNhanDang":" ","phienBan":0,"ngayPhienBan":1787739118000,"giaTriDoChinhXacMatPhang":0,"nguyenNhanThayDoi":null,"maDoiTuong":"KG05","loaiTrangThaiDuongBoNuoc":1,"loaiDuongBoNuoc":"Phá","SHAPE_Length":342.48919497743429}},{"type":"Feature","id":470,"geometry":{"type":"LineString","coordinates":[[106.34729568089057,10.793403060260674],[106.34730289592454,10.793428145856705],[106.34736921717435,10.793462975605616],[106.34739358972709,10.793456124317615],[106.34811516643528,10.792234382815209],[106.34810795136889,10.792209297238291],[106.34804163032545,10.792174467634799],[106.34801725789188,10.792181318968089],[106.34729568089057,10.793403060260674]]},"properties":{"OBJECTID":470,"maNhanDang":" ","phienBan":0,"ngayPhienBan":1787739118000,"giaTriDoChinhXacMatPhang":0,"nguyenNhanThayDoi":null,"maDoiTuong":"KG05","loaiTrangThaiDuongBoNuoc":1,"loaiDuongBoNuoc":"Phá","SHAPE_Length":340.70934332364493}},{"type":"Feature","id":471,"geometry":{"type":"LineString","coordinates":[[106.34717829419984,10.793341415918757],[106.3471855073936,10.79336650152174],[106.34725646044782,10.793403763416581],[106.34728083299889,10.793396912137563],[106.34800241005236,10.792175172684884],[106.34799519682213,10.792150085292937],[106.34792424216342,10.79211282536539],[106.34789987156044,10.792119676685822],[106.34717829419984,10.793341415918757]]},"properties":{"OBJECTID":471,"maNhanDang":" ","phienBan":0,"ngayPhienBan":1787739118000,"giaTriDoChinhXacMatPhang":0,"nguyenNhanThayDoi":null,"maDoiTuong":"KG05","loaiTrangThaiDuongBoNuoc":1,"loaiDuongBoNuoc":"Phá","SHAPE_Length":341.85603078724307}},{"type":"Feature","id":472,"geometry":{"type":"LineString","coordinates":[[106.34706450317485,10.793281661385292],[106.34707171818648,10.793306746988085],[106.347139073764,10.793342119059377],[106.34716344631335,10.793335267789702],[106.34788502372251,10.792113528588477],[106.34787780867475,10.792088441196642],[106.34781045330683,10.792053069273027],[106.34778608087669,10.792059920587919],[106.34706450317485,10.793281661385292]]},"properties":{"OBJECTID":472,"maNhanDang":" ","phienBan":0,"ngayPhienBan":1787739118000,"giaTriDoChinhXacMatPhang":0,"nguyenNhanThayDoi":null,"maDoiTuong":"KG05","loaiTrangThaiDuongBoNuoc":1,"loaiDuongBoNuoc":"Phá","SHAPE_Length":340.96543384045401}},{"type":"Feature","id":473,"geometry":{"type":"LineString","coordinates":[[106.34694929334817,10.793221159144705],[106.34695650835225,10.793246246559058],[106.34702528457456,10.793282364507546],[106.34704965529336,10.79327551325046],[106.34777123304376,10.792053772484818],[106.34776401983942,10.792028686894302],[106.34769524383114,10.791992569096596],[106.34767087140266,10.791999420402339],[106.34694929334817,10.793221159144705]]},"properties":{"OBJECTID":473,"maNhanDang":" ","phienBan":0,"ngayPhienBan":1787739118000,"giaTriDoChinhXacMatPhang":0,"nguyenNhanThayDoi":null,"maDoiTuong":"KG05","loaiTrangThaiDuongBoNuoc":1,"loaiDuongBoNuoc":"Phá","SHAPE_Length":341.31699880219287}},{"type":"Feature","id":474,"geometry":{"type":"LineString","coordinates":[[106.34683457421323,10.793160916291898],[106.34684178920624,10.793186003709607],[106.34691007475466,10.793221862251972],[106.34693444547534,10.793215012812224],[106.34765602357839,10.79199327410158],[106.3476488103816,10.791968186699515],[106.3475805250421,10.791932326498666],[106.34755615261533,10.791939177795271],[106.34683457421323,10.793160916291898]]},"properties":{"OBJECTID":474,"maNhanDang":" ","phienBan":0,"ngayPhienBan":1787739118000,"giaTriDoChinhXacMatPhang":0,"nguyenNhanThayDoi":null,"maDoiTuong":"KG05","loaiTrangThaiDuongBoNuoc":1,"loaiDuongBoNuoc":"Phá","SHAPE_Length":341.19536440781081}},{"type":"Feature","id":475,"geometry":{"type":"LineString","coordinates":[[106.34672018099759,10.793100844543718],[106.3467273941507,10.7931259319683],[106.34679535562645,10.793161619384207],[106.34681972634544,10.793154769953604],[106.34754130479254,10.791933029680511],[106.34753409160682,10.791907942275078],[106.34746613034255,10.79187225500818],[106.34744175974629,10.791879106292159],[106.34672018099759,10.793100844543718]]},"properties":{"OBJECTID":475,"maNhanDang":" ","phienBan":0,"ngayPhienBan":1787739118000,"giaTriDoChinhXacMatPhang":0,"nguyenNhanThayDoi":null,"maDoiTuong":"KG05","loaiTrangThaiDuongBoNuoc":1,"loaiDuongBoNuoc":"Phá","SHAPE_Length":341.11484297350728}},{"type":"Feature","id":476,"geometry":{"type":"LineString","coordinates":[[106.34660552236703,10.793040634031591],[106.34661273733792,10.793065721455996],[106.34668096058869,10.793101547624659],[106.34670533313128,10.793094696391455],[106.34742691192855,10.791872958171615],[106.34741969692502,10.791847870766354],[106.34735147388655,10.791812044747271],[106.34732710146312,10.791818896025653],[106.34660552236703,10.793040634031591]]},"properties":{"OBJECTID":476,"maNhanDang":" ","phienBan":0,"ngayPhienBan":1787739118000,"giaTriDoChinhXacMatPhang":0,"nguyenNhanThayDoi":null,"maDoiTuong":"KG05","loaiTrangThaiDuongBoNuoc":1,"loaiDuongBoNuoc":"Phá","SHAPE_Length":341.18018314214578}},{"type":"Feature","id":477,"geometry":{"type":"LineString","coordinates":[[106.34648977630634,10.792979850565359],[106.3464969894372,10.793004937996681],[106.34656630379372,10.793041337094078],[106.34659067450578,10.793034485873513],[106.34731225547928,10.791812747895774],[106.34730504048684,10.791787660487159],[106.34723572817487,10.791751261538213],[106.34721135575313,10.791758112807377],[106.34648977630634,10.792979850565359]]},"properties":{"OBJECTID":477,"maNhanDang":" ","phienBan":0,"ngayPhienBan":1787739118000,"giaTriDoChinhXacMatPhang":0,"nguyenNhanThayDoi":null,"maDoiTuong":"KG05","loaiTrangThaiDuongBoNuoc":1,"loaiDuongBoNuoc":"Phá","SHAPE_Length":341.45007285215866}},{"type":"Feature","id":478,"geometry":{"type":"LineString","coordinates":[[106.34637744099497,10.792920859631336],[106.34638465594382,10.79294594706243],[106.34645055591099,10.792980553616292],[106.34647492845021,10.792973702401419],[106.34719650794554,10.791751964675168],[106.34718929296427,10.79172687726316],[106.34712339320218,10.79169227085379],[106.34709902078211,10.791699122114004],[106.34637744099497,10.792920859631336]]},"properties":{"OBJECTID":478,"maNhanDang":" ","phienBan":0,"ngayPhienBan":1787739118000,"giaTriDoChinhXacMatPhang":0,"nguyenNhanThayDoi":null,"maDoiTuong":"KG05","loaiTrangThaiDuongBoNuoc":1,"loaiDuongBoNuoc":"Phá","SHAPE_Length":340.60486549532561}},{"type":"Feature","id":479,"geometry":{"type":"LineString","coordinates":[[106.34625979286777,10.792859078000969],[106.34626700780524,10.792884165435511],[106.34633822243508,10.79292156266413],[106.34636259314377,10.7929147114617],[106.34708417297946,10.791692973976108],[106.34707695983786,10.791667886557308],[106.34700574542967,10.791630489484822],[106.34698137301132,10.791637340735685],[106.34625979286777,10.792859078000969]]},"properties":{"OBJECTID":479,"maNhanDang":" ","phienBan":0,"ngayPhienBan":1787739118000,"giaTriDoChinhXacMatPhang":0,"nguyenNhanThayDoi":null,"maDoiTuong":"KG05","loaiTrangThaiDuongBoNuoc":1,"loaiDuongBoNuoc":"Phá","SHAPE_Length":341.92078342504863}},{"type":"Feature","id":480,"geometry":{"type":"LineString","coordinates":[[106.34614418608004,10.792798368265132],[106.34615139917751,10.792823455706563],[106.34622057431477,10.792859781018441],[106.34624494685059,10.79285292982185],[106.34696652704272,10.791631192588284],[106.34695931208365,10.791606105169571],[106.34689013716162,10.791569780009363],[106.34686576657384,10.791576631247505],[106.34614418608004,10.792798368265132]]},"properties":{"OBJECTID":480,"maNhanDang":" ","phienBan":0,"ngayPhienBan":1787739118000,"giaTriDoChinhXacMatPhang":0,"nguyenNhanThayDoi":null,"maDoiTuong":"KG05","loaiTrangThaiDuongBoNuoc":1,"loaiDuongBoNuoc":"Phá","SHAPE_Length":341.41560689605683}},{"type":"Feature","id":481,"geometry":{"type":"LineString","coordinates":[[106.34603124492072,10.792739060123045],[106.34603845983258,10.792764145756067],[106.34610496570497,10.792799071271054],[106.34612933823912,10.79279222008369],[106.34685091878147,10.791570483097777],[106.34684370383358,10.791545395675673],[106.34677719816811,10.791510470306516],[106.34675282575313,10.791517321539192],[106.34603124492072,10.792739060123045]]},"properties":{"OBJECTID":481,"maNhanDang":" ","phienBan":0,"ngayPhienBan":1787739118000,"giaTriDoChinhXacMatPhang":0,"nguyenNhanThayDoi":null,"maDoiTuong":"KG05","loaiTrangThaiDuongBoNuoc":1,"loaiDuongBoNuoc":"Phá","SHAPE_Length":340.7549867406135}},{"type":"Feature","id":482,"geometry":{"type":"LineString","coordinates":[[106.34591650599585,10.79267880428992],[106.34592372090017,10.792703891734476],[106.34599202638118,10.792739763110745],[106.3460163970848,10.79273291193587],[106.34673797796573,10.79151117338375],[106.3467307648576,10.791486085954826],[106.34666245959269,10.791450216536505],[106.3466380871794,10.791457067760035],[106.34591650599585,10.79267880428992]]},"properties":{"OBJECTID":482,"maNhanDang":" ","phienBan":0,"ngayPhienBan":1787739118000,"giaTriDoChinhXacMatPhang":0,"nguyenNhanThayDoi":null,"maDoiTuong":"KG05","loaiTrangThaiDuongBoNuoc":1,"loaiDuongBoNuoc":"Phá","SHAPE_Length":341.20060301632475}},{"type":"Feature","id":483,"geometry":{"type":"LineString","coordinates":[[106.34571229451549,10.792571564806163],[106.34571950757125,10.792596652260228],[106.34576894708121,10.792622614946582],[106.34579331961041,10.792615763785948],[106.34651490117071,10.791394027519891],[106.34650768625528,10.791368940087974],[106.34645824872797,10.791342977506524],[106.34643387631769,10.791349828713802],[106.34571229451549,10.792571564806163]]},"properties":{"OBJECTID":483,"maNhanDang":" ","phienBan":0,"ngayPhienBan":1787739118000,"giaTriDoChinhXacMatPhang":0,"nguyenNhanThayDoi":null,"maDoiTuong":"KG05","loaiTrangThaiDuongBoNuoc":1,"loaiDuongBoNuoc":"Phá","SHAPE_Length":336.52818754992961}},{"type":"Feature","id":484,"geometry":{"type":"LineString","coordinates":[[106.34560339215602,10.792514375158159],[106.34561060520127,10.792539462615402],[106.34567307416583,10.792572267755851],[106.34569744669361,10.792565416602844],[106.34641902854435,10.79134368054221],[106.34641181363816,10.791318593107476],[106.34634934486795,10.791285788104014],[106.34632497428811,10.791292639299106],[106.34560339215602,10.792514375158159]]},"properties":{"OBJECTID":484,"maNhanDang":" ","phienBan":0,"ngayPhienBan":1787739118000,"giaTriDoChinhXacMatPhang":0,"nguyenNhanThayDoi":null,"maDoiTuong":"KG05","loaiTrangThaiDuongBoNuoc":1,"loaiDuongBoNuoc":"Phá","SHAPE_Length":339.75497161371788}},{"type":"Feature","id":485,"geometry":{"type":"LineString","coordinates":[[106.34549635537715,10.792458167344599],[106.34550357024091,10.792483254801443],[106.34556417181278,10.792515078093672],[106.34558854434252,10.792508228757496],[106.34631012651957,10.791286491121994],[106.34630291162391,10.791261403684079],[106.34624230841173,10.791229580528269],[106.34621793782992,10.791236429906659],[106.34549635537715,10.792458167344599]]},"properties":{"OBJECTID":485,"maNhanDang":" ","phienBan":0,"ngayPhienBan":1787739118000,"giaTriDoChinhXacMatPhang":0,"nguyenNhanThayDoi":null,"maDoiTuong":"KG05","loaiTrangThaiDuongBoNuoc":1,"loaiDuongBoNuoc":"Phá","SHAPE_Length":339.29285047253904}},{"type":"Feature","id":486,"geometry":{"type":"LineString","coordinates":[[106.34538626860103,10.792400356068214],[106.34539348162174,10.792425441723605],[106.34545713504018,10.792458870266143],[106.34548150756478,10.792452019130328],[106.34620309006965,10.791230283532315],[106.34619587701317,10.79120519608774],[106.34613222196391,10.791171767688315],[106.34610785138726,10.79117861886613],[106.34538626860103,10.792400356068214]]},"properties":{"OBJECTID":486,"maNhanDang":" ","phienBan":0,"ngayPhienBan":1787739118000,"giaTriDoChinhXacMatPhang":0,"nguyenNhanThayDoi":null,"maDoiTuong":"KG05","loaiTrangThaiDuongBoNuoc":1,"loaiDuongBoNuoc":"Phá","SHAPE_Length":340.04855619824366}},{"type":"Feature","id":487,"geometry":{"type":"LineString","coordinates":[[106.34528907401412,10.792349315139463],[106.34529628885787,10.792374402602379],[106.34534704827053,10.792401058975425],[106.3453714207935,10.79239420784838],[106.34609300362828,10.791172470678026],[106.34608578875714,10.791147385041942],[106.3460350295024,10.791120728780191],[106.34601065709835,10.791127579953809],[106.34528907401412,10.792349315139463]]},"properties":{"OBJECTID":487,"maNhanDang":" ","phienBan":0,"ngayPhienBan":1787739118000,"giaTriDoChinhXacMatPhang":0,"nguyenNhanThayDoi":null,"maDoiTuong":"KG05","loaiTrangThaiDuongBoNuoc":1,"loaiDuongBoNuoc":"Phá","SHAPE_Length":336.85533955608321}},{"type":"Feature","id":488,"geometry":{"type":"LineString","coordinates":[[106.34518015167016,10.79229211452274],[106.34518736650338,10.792317201988844],[106.34524985551819,10.792350018030501],[106.34527422621089,10.792343166914709],[106.34599580934365,10.791121431760788],[106.34598859630718,10.791096344310141],[106.34592610748675,10.791063528405497],[106.3459017350843,10.791070379570435],[106.34518015167016,10.79229211452274]]},"properties":{"OBJECTID":488,"maNhanDang":" ","phienBan":0,"ngayPhienBan":1787739118000,"giaTriDoChinhXacMatPhang":0,"nguyenNhanThayDoi":null,"maDoiTuong":"KG05","loaiTrangThaiDuongBoNuoc":1,"loaiDuongBoNuoc":"Phá","SHAPE_Length":339.75998339235377}},{"type":"Feature","id":489,"geometry":{"type":"LineString","coordinates":[[106.34508556779954,10.792242444539847],[106.34509278262365,10.792267532008713],[106.34514093318064,10.79229281739959],[106.34516530570413,10.792285968097136],[106.34588688916327,10.791064231368365],[106.345879674312,10.79103914572625],[106.34583152390125,10.791013858632782],[106.34580715150018,10.791020709790208],[106.34508556779954,10.792242444539847]]},"properties":{"OBJECTID":489,"maNhanDang":" ","phienBan":0,"ngayPhienBan":1787739118000,"giaTriDoChinhXacMatPhang":0,"nguyenNhanThayDoi":null,"maDoiTuong":"KG05","loaiTrangThaiDuongBoNuoc":1,"loaiDuongBoNuoc":"Phá","SHAPE_Length":336.20919110139801}},{"type":"Feature","id":490,"geometry":{"type":"LineString","coordinates":[[106.34497736684754,10.792185623988898],[106.34498458166118,10.792210711460934],[106.34504634931558,10.792243147404379],[106.34507072000528,10.79223629630479],[106.34579230375446,10.791014561586866],[106.34578509073762,10.79098947413026],[106.34572332327538,10.790957038322279],[106.3456989508759,10.790963889471065],[106.34497736684754,10.792185623988898]]},"properties":{"OBJECTID":490,"maNhanDang":" ","phienBan":0,"ngayPhienBan":1787739118000,"giaTriDoChinhXacMatPhang":0,"nguyenNhanThayDoi":null,"maDoiTuong":"KG05","loaiTrangThaiDuongBoNuoc":1,"loaiDuongBoNuoc":"Phá","SHAPE_Length":339.58120685204568}},{"type":"Feature","id":491,"geometry":{"type":"LineString","coordinates":[[106.34487526598824,10.792132006639102],[106.3448824789596,10.792157092309454],[106.34493814836993,10.792186326839355],[106.34496251905806,10.792179475748357],[106.34568410313494,10.790957741262257],[106.34567689012859,10.790932653802507],[106.34562122089142,10.790903419394668],[106.34559685032229,10.790910270531821],[106.34487526598824,10.792132006639102]]},"properties":{"OBJECTID":491,"maNhanDang":" ","phienBan":0,"ngayPhienBan":1787739118000,"giaTriDoChinhXacMatPhang":0,"nguyenNhanThayDoi":null,"maDoiTuong":"KG05","loaiTrangThaiDuongBoNuoc":1,"loaiDuongBoNuoc":"Phá","SHAPE_Length":338.07079890965406}},{"type":"Feature","id":492,"geometry":{"type":"LineString","coordinates":[[106.34475664815542,10.792069714547891],[106.34476386294776,10.792094802026373],[106.34483604568425,10.792132707671579],[106.34486041820324,10.792125858393382],[106.3455820025894,10.790904124126017],[106.34557478776405,10.7908790366668],[106.34550260524854,10.790841129371701],[106.34547823285232,10.790847980502953],[106.34475664815542,10.792069714547891]]},"properties":{"OBJECTID":492,"maNhanDang":" ","phienBan":0,"ngayPhienBan":1787739118000,"giaTriDoChinhXacMatPhang":0,"nguyenNhanThayDoi":null,"maDoiTuong":"KG05","loaiTrangThaiDuongBoNuoc":1,"loaiDuongBoNuoc":"Phá","SHAPE_Length":342.16085828986263}},{"type":"Feature","id":493,"geometry":{"type":"LineString","coordinates":[[106.34465037326706,10.792013904570341],[106.34465758804912,10.792038992051921],[106.34471742786195,10.792070417373123],[106.34474180037567,10.792063566296161],[106.34546338512109,10.790841832282966],[106.34545617213602,10.790816744816757],[106.34539633068049,10.790785319630301],[106.34537195828584,10.790792170753077],[106.34465037326706,10.792013904570341]]},"properties":{"OBJECTID":493,"maNhanDang":" ","phienBan":0,"ngayPhienBan":1787739118000,"giaTriDoChinhXacMatPhang":0,"nguyenNhanThayDoi":null,"maDoiTuong":"KG05","loaiTrangThaiDuongBoNuoc":1,"loaiDuongBoNuoc":"Phá","SHAPE_Length":339.10432878908625}},{"type":"Feature","id":494,"geometry":{"type":"LineString","coordinates":[[106.34463552732082,10.792007756309713],[106.34535711238813,10.790786022524179],[106.34534989758447,10.79076093505839],[106.34530827385281,10.790739076315331],[106.34528390145945,10.790745927431118],[106.34456231617399,10.791967661059696],[106.34456953094755,10.791992748543853],[106.34461115480869,10.792014607378198],[106.34463552732082,10.792007756309713]]},"properties":{"OBJECTID":494,"maNhanDang":" ","phienBan":0,"ngayPhienBan":1787739118000,"giaTriDoChinhXacMatPhang":0,"nguyenNhanThayDoi":null,"maDoiTuong":"KG05","loaiTrangThaiDuongBoNuoc":1,"loaiDuongBoNuoc":"Phá","SHAPE_Length":334.59291238766031}},{"type":"Feature","id":495,"geometry":{"type":"LineString","coordinates":[[106.34454746840278,10.791961512798126],[106.34526905373679,10.79073977920128],[106.34526184077048,10.790714691729384],[106.34521076128104,10.790687869586382],[106.34518638888552,10.790694718886192],[106.34446480330473,10.791916452305847],[106.34447201806887,10.791941539792887],[106.3445230977208,10.791968363856089],[106.34454746840278,10.791961512798126]]},"properties":{"OBJECTID":495,"maNhanDang":" ","phienBan":0,"ngayPhienBan":1787739118000,"giaTriDoChinhXacMatPhang":0,"nguyenNhanThayDoi":null,"maDoiTuong":"KG05","loaiTrangThaiDuongBoNuoc":1,"loaiDuongBoNuoc":"Phá","SHAPE_Length":336.93423481080424}},{"type":"Feature","id":496,"geometry":{"type":"LineString","coordinates":[[106.34444995554139,10.791910305847544],[106.34517154117071,10.790688572459606],[106.34516432821384,10.790663484984881],[106.34510882017737,10.790634335154376],[106.34508444961581,10.790641186250753],[106.34436286189742,10.791862919455516],[106.34437007665171,10.791888006945509],[106.34442558486083,10.791917156897741],[106.34444995554139,10.791910305847544]]},"properties":{"OBJECTID":496,"maNhanDang":" ","phienBan":0,"ngayPhienBan":1787739118000,"giaTriDoChinhXacMatPhang":0,"nguyenNhanThayDoi":null,"maDoiTuong":"KG05","loaiTrangThaiDuongBoNuoc":1,"loaiDuongBoNuoc":"Phá","SHAPE_Length":338.0310685017327}},{"type":"Feature","id":497,"geometry":{"type":"LineString","coordinates":[[106.34427032871719,10.791814324761177],[106.34427754346255,10.791839412253877],[106.34432364345597,10.791863622225936],[106.34434801596387,10.791856771180331],[106.34506960190191,10.790635038010819],[106.34506238712603,10.790609950536624],[106.34501628727958,10.790585742473843],[106.34499191488698,10.790592591758189],[106.34427032871719,10.791814324761177]]},"properties":{"OBJECTID":497,"maNhanDang":" ","phienBan":0,"ngayPhienBan":1787739118000,"giaTriDoChinhXacMatPhang":0,"nguyenNhanThayDoi":null,"maDoiTuong":"KG05","loaiTrangThaiDuongBoNuoc":1,"loaiDuongBoNuoc":"Phá","SHAPE_Length":335.70135220469643}},{"type":"Feature","id":498,"geometry":{"type":"LineString","coordinates":[[106.3442554809624,10.791808178293007],[106.34497706900956,10.790586445318235],[106.34496985424262,10.790561357841337],[106.34492449585559,10.790537537100283],[106.34490012346788,10.790544388185515],[106.34417853702011,10.791766120991808],[106.34418575175661,10.791791208487208],[106.34423111028116,10.791815027519551],[106.3442554809624,10.791808178293007]]},"properties":{"OBJECTID":498,"maNhanDang":" ","phienBan":0,"ngayPhienBan":1787739118000,"giaTriDoChinhXacMatPhang":0,"nguyenNhanThayDoi":null,"maDoiTuong":"KG05","loaiTrangThaiDuongBoNuoc":1,"loaiDuongBoNuoc":"Phá","SHAPE_Length":335.51766091387606}},{"type":"Feature","id":499,"geometry":{"type":"LineString","coordinates":[[106.34407203349332,10.791710190093617],[106.34407924639069,10.791735277595617],[106.3441393185895,10.791766823738255],[106.34416368926583,10.791759972710816],[106.34488527576212,10.790538239936254],[106.34487806283289,10.790513152453151],[106.34481799082094,10.790481606442258],[106.34479362026363,10.790488457515501],[106.34407203349332,10.791710190093617]]},"properties":{"OBJECTID":499,"maNhanDang":" ","phienBan":0,"ngayPhienBan":1787739118000,"giaTriDoChinhXacMatPhang":0,"nguyenNhanThayDoi":null,"maDoiTuong":"KG05","loaiTrangThaiDuongBoNuoc":1,"loaiDuongBoNuoc":"Phá","SHAPE_Length":339.16114829001492}},{"type":"Feature","id":500,"geometry":{"type":"LineString","coordinates":[[106.34405718574374,10.791704041807211],[106.34477877256258,10.790482309260831],[106.34477155781477,10.790457221778137],[106.34474646755687,10.790444046674429],[106.34472209516822,10.790450895937324],[106.34400050818488,10.791672630170359],[106.34400772290418,10.791697717670937],[106.34403281324012,10.791710892829673],[106.34405718574374,10.791704041807211]]},"properties":{"OBJECTID":500,"maNhanDang":" ","phienBan":0,"ngayPhienBan":1787739118000,"giaTriDoChinhXacMatPhang":0,"nguyenNhanThayDoi":null,"maDoiTuong":"KG05","loaiTrangThaiDuongBoNuoc":1,"loaiDuongBoNuoc":"Phá","SHAPE_Length":330.49832453266356}},{"type":"Feature","id":501,"geometry":{"type":"LineString","coordinates":[[106.34390472554959,10.791622329237834],[106.34391194025964,10.791647416741219],[106.34396128976474,10.791673332893589],[106.34398566226729,10.791666481876829],[106.34470724930273,10.79044474948371],[106.34470003456181,10.790419661998918],[106.34465068521024,10.790393745954757],[106.34462631282656,10.7904005970182],[106.34390472554959,10.791622329237834]]},"properties":{"OBJECTID":501,"maNhanDang":" ","phienBan":0,"ngayPhienBan":1787739118000,"giaTriDoChinhXacMatPhang":0,"nguyenNhanThayDoi":null,"maDoiTuong":"KG05","loaiTrangThaiDuongBoNuoc":1,"loaiDuongBoNuoc":"Phá","SHAPE_Length":336.50623009258652}},{"type":"Feature","id":502,"geometry":{"type":"LineString","coordinates":[[106.34379326264292,10.79156379491563],[106.34380047734221,10.791588882422284],[106.34386550713506,10.791623031948596],[106.34388987780736,10.791616180942968],[106.34461146513287,10.79039444875507],[106.34460425223006,10.790369361263956],[106.34453922263947,10.790335211880265],[106.34451485025743,10.790342062934846],[106.34379326264292,10.79156379491563]]},"properties":{"OBJECTID":502,"maNhanDang":" ","phienBan":0,"ngayPhienBan":1787739118000,"giaTriDoChinhXacMatPhang":0,"nguyenNhanThayDoi":null,"maDoiTuong":"KG05","loaiTrangThaiDuongBoNuoc":1,"loaiDuongBoNuoc":"Phá","SHAPE_Length":340.38915982115446}},{"type":"Feature","id":503,"geometry":{"type":"LineString","coordinates":[[106.3436838996341,10.791506361328835],[106.34369111249399,10.791531448842186],[106.34375404423494,10.791564497611907],[106.34377841673447,10.791557646611613],[106.34450000439749,10.790335914662551],[106.34449278967662,10.790310827171712],[106.34442985813135,10.790277778540005],[106.34440548757976,10.790284629582358],[106.3436838996341,10.791506361328835]]},"properties":{"OBJECTID":503,"maNhanDang":" ","phienBan":0,"ngayPhienBan":1787739118000,"giaTriDoChinhXacMatPhang":0,"nguyenNhanThayDoi":null,"maDoiTuong":"KG05","loaiTrangThaiDuongBoNuoc":1,"loaiDuongBoNuoc":"Phá","SHAPE_Length":339.86967750038139}},{"type":"Feature","id":504,"geometry":{"type":"LineString","coordinates":[[106.34366905190161,10.791500213022788],[106.34439063989582,10.79027848130805],[106.34438342518548,10.790253393813996],[106.34432141818625,10.790220831595658],[106.34429704580742,10.790227682632919],[106.34357545753336,10.791449414147026],[106.34358267221164,10.791474501660028],[106.34364467940371,10.791507064014358],[106.34366905190161,10.791500213022788]]},"properties":{"OBJECTID":504,"maNhanDang":" ","phienBan":0,"ngayPhienBan":1787739118000,"giaTriDoChinhXacMatPhang":0,"nguyenNhanThayDoi":null,"maDoiTuong":"KG05","loaiTrangThaiDuongBoNuoc":1,"loaiDuongBoNuoc":"Phá","SHAPE_Length":339.64086542820962}},{"type":"Feature","id":505,"geometry":{"type":"LineString","coordinates":[[106.34284946178532,10.791068153949778],[106.3428566763935,10.791093241484013],[106.3429077081697,10.791120040607018],[106.34293207883145,10.791113191485783],[106.34365366905361,10.789891459542005],[106.34364645624329,10.78986637202291],[106.34359542279691,10.789839573015335],[106.3435710522576,10.7898464239913],[106.34284946178532,10.791068153949778]]},"properties":{"OBJECTID":505,"maNhanDang":" ","phienBan":0,"ngayPhienBan":1787739118000,"giaTriDoChinhXacMatPhang":0,"nguyenNhanThayDoi":null,"maDoiTuong":"KG05","loaiTrangThaiDuongBoNuoc":1,"loaiDuongBoNuoc":"Phá","SHAPE_Length":336.92267366930992}},{"type":"Feature","id":506,"geometry":{"type":"LineString","coordinates":[[106.34283461408961,10.791062005601468],[106.34355620461044,10.789840275674736],[106.34354898998066,10.789815188156302],[106.34349106018853,10.789784766077208],[106.34346668965077,10.789791617044878],[106.34274509886249,10.791013346779733],[106.34275231163174,10.791038434320511],[106.34281024160401,10.791068856526651],[106.34283461408961,10.791062005601468]]},"properties":{"OBJECTID":506,"maNhanDang":" ","phienBan":0,"ngayPhienBan":1787739118000,"giaTriDoChinhXacMatPhang":0,"nguyenNhanThayDoi":null,"maDoiTuong":"KG05","loaiTrangThaiDuongBoNuoc":1,"loaiDuongBoNuoc":"Phá","SHAPE_Length":338.6309951039795}},{"type":"Feature","id":507,"geometry":{"type":"LineString","coordinates":[[106.34264404228404,10.79096027634006],[106.34265125504351,10.79098536388379],[106.34270587868733,10.791014049343008],[106.34273025117494,10.791007200234326],[106.34345184200815,10.789785468723025],[106.34344462738848,10.789760381201548],[106.34339000391452,10.789731695862121],[106.34336563337826,10.78973854682175],[106.34264404228404,10.79096027634006]]},"properties":{"OBJECTID":507,"maNhanDang":" ","phienBan":0,"ngayPhienBan":1787739118000,"giaTriDoChinhXacMatPhang":0,"nguyenNhanThayDoi":null,"maDoiTuong":"KG05","loaiTrangThaiDuongBoNuoc":1,"loaiDuongBoNuoc":"Phá","SHAPE_Length":337.8122426719724}},{"type":"Feature","id":508,"geometry":{"type":"LineString","coordinates":[[106.34253975632585,10.790905510537634],[106.34254697090412,10.790930598080923],[106.34260482211482,10.790960978890176],[106.34262919460093,10.79095412978954],[106.34335078574011,10.789732398494781],[106.34334357113019,10.78970731097035],[106.34328572009939,10.789676930287964],[106.34326134773582,10.789683781242823],[106.34253975632585,10.790905510537634]]},"properties":{"OBJECTID":508,"maNhanDang":" ","phienBan":0,"ngayPhienBan":1787739118000,"giaTriDoChinhXacMatPhang":0,"nguyenNhanThayDoi":null,"maDoiTuong":"KG05","loaiTrangThaiDuongBoNuoc":1,"loaiDuongBoNuoc":"Phá","SHAPE_Length":338.61185421587379}},{"type":"Feature","id":509,"geometry":{"type":"LineString","coordinates":[[106.34244485840397,10.790855673946139],[106.34245207297306,10.790880761492184],[106.34250053799163,10.790906213070683],[106.34252491047619,10.790899363978337],[106.34324650193467,10.789677634715254],[106.34323928733124,10.78965254537958],[106.34319082246338,10.789627093907372],[106.34316645010121,10.789633944854661],[106.34244485840397,10.790855673946139]]},"properties":{"OBJECTID":509,"maNhanDang":" ","phienBan":0,"ngayPhienBan":1787739118000,"giaTriDoChinhXacMatPhang":0,"nguyenNhanThayDoi":null,"maDoiTuong":"KG05","loaiTrangThaiDuongBoNuoc":1,"loaiDuongBoNuoc":"Phá","SHAPE_Length":336.28733293736957}},{"type":"Feature","id":510,"geometry":{"type":"LineString","coordinates":[[106.34235566141565,10.790808831631143],[106.34236287414731,10.790833919183303],[106.34240564007528,10.790856376466833],[106.34243001072963,10.790849527385534],[106.34315160247185,10.78962779651761],[106.34314438970998,10.78960270898385],[106.34310162391499,10.789580251794121],[106.34307725338296,10.789587102730822],[106.34235566141565,10.790808831631143]]},"properties":{"OBJECTID":510,"maNhanDang":" ","phienBan":0,"ngayPhienBan":1787739118000,"giaTriDoChinhXacMatPhang":0,"nguyenNhanThayDoi":null,"maDoiTuong":"KG05","loaiTrangThaiDuongBoNuoc":1,"loaiDuongBoNuoc":"Phá","SHAPE_Length":334.87526632422941}},{"type":"Feature","id":511,"geometry":{"type":"LineString","coordinates":[[106.34222823510227,10.790741913736619],[106.34223544965045,10.790767001288994],[106.34231644126342,10.790809534143742],[106.34234081374173,10.790802683257839],[106.34306240575754,10.789580954389249],[106.34305519117545,10.789555866856396],[106.34297419981431,10.789513334179299],[106.34294982745178,10.789520183301176],[106.34222823510227,10.790741913736619]]},"properties":{"OBJECTID":511,"maNhanDang":" ","phienBan":0,"ngayPhienBan":1787739118000,"giaTriDoChinhXacMatPhang":0,"nguyenNhanThayDoi":null,"maDoiTuong":"KG05","loaiTrangThaiDuongBoNuoc":1,"loaiDuongBoNuoc":"Phá","SHAPE_Length":344.34267788973892}},{"type":"Feature","id":512,"geometry":{"type":"LineString","coordinates":[[106.34221338743393,10.790735765356862],[106.34293498166433,10.78951403675784],[106.34292776709455,10.78948894922125],[106.34286893853637,10.789458054993457],[106.34284456617894,10.789464905915132],[106.34212297350722,10.790686634316847],[106.34213018804525,10.790711721872299],[106.34218901678634,10.790742616229114],[106.34221338743393,10.790735765356862]]},"properties":{"OBJECTID":512,"maNhanDang":" ","phienBan":0,"ngayPhienBan":1787739118000,"giaTriDoChinhXacMatPhang":0,"nguyenNhanThayDoi":null,"maDoiTuong":"KG05","loaiTrangThaiDuongBoNuoc":1,"loaiDuongBoNuoc":"Phá","SHAPE_Length":338.85376238213115}},{"type":"Feature","id":513,"geometry":{"type":"LineString","coordinates":[[106.342056627421,10.790673091299491],[106.34208375336866,10.790687336799124],[106.34210812584355,10.790680485931762],[106.34282971856376,10.789458757561789],[106.34282349467027,10.789437114543666]]},"properties":{"OBJECTID":513,"maNhanDang":" ","phienBan":0,"ngayPhienBan":1787739118000,"giaTriDoChinhXacMatPhang":0,"nguyenNhanThayDoi":null,"maDoiTuong":"KG05","loaiTrangThaiDuongBoNuoc":1,"loaiDuongBoNuoc":"Phá","SHAPE_Length":165.10514943573855}},{"type":"Feature","id":514,"geometry":{"type":"LineString","coordinates":[[106.34985965884132,10.792563868727431],[106.34949282323466,10.79312884414454],[106.34890364499672,10.794026917260624],[106.3483869232718,10.794839014349895],[106.34785605436704,10.795652069239047],[106.34784839446566,10.79568601115753],[106.34785153007154,10.795710520570054],[106.34785653487886,10.795729524040352],[106.34787133605639,10.795750830295578],[106.34788269311078,10.795759012113672],[106.3478945958138,10.795758269447214],[106.34789941098295,10.795754434005094],[106.34790269922293,10.795750691923901],[106.35014845036082,10.792257901467636],[106.35015100487765,10.792251249598896],[106.35015026386029,10.79224002216322],[106.35013621011733,10.792230397291249],[106.35010880064915,10.792225590030046],[106.35009682366868,10.792227535366205],[106.35006519099286,10.792244662429102],[106.35005837113735,10.792251091120173],[106.34999549374736,10.79235277920063],[106.34985965884132,10.792563868727431]]},"properties":{"OBJECTID":514,"maNhanDang":" ","phienBan":0,"ngayPhienBan":1787739118000,"giaTriDoChinhXacMatPhang":0,"nguyenNhanThayDoi":null,"maDoiTuong":"KG05","loaiTrangThaiDuongBoNuoc":1,"loaiDuongBoNuoc":"Phá","SHAPE_Length":933.3821535272175}},{"type":"Feature","id":515,"geometry":{"type":"LineString","coordinates":[[106.35251855874802,10.7934734412667],[106.35246770109858,10.793446507843898],[106.35244363288511,10.793452747764443],[106.35019889290837,10.796944011165015],[106.35020583336504,10.796969724646175],[106.3502419251657,10.796988439908707],[106.35026793705599,10.797000240314922],[106.35027622553349,10.797002066776237],[106.35030433183218,10.796976269004965],[106.35030760893297,10.796972452785109],[106.35246669854421,10.793603332413293],[106.35254060870071,10.793522684193571],[106.35254798853742,10.793509101154559],[106.35254908467847,10.793495658734575],[106.35254042507368,10.793485593124895],[106.35251888464107,10.793473619642983]]},"properties":{"OBJECTID":515,"maNhanDang":" ","phienBan":0,"ngayPhienBan":1787739118000,"giaTriDoChinhXacMatPhang":0,"nguyenNhanThayDoi":null,"maDoiTuong":"KG05","loaiTrangThaiDuongBoNuoc":1,"loaiDuongBoNuoc":"Phá","SHAPE_Length":943.37155983164257}},{"type":"Feature","id":516,"geometry":{"type":"LineString","coordinates":[[106.35242725335451,10.793425087208508],[106.3523707001177,10.793395136138255],[106.35234663007697,10.793401376054732],[106.35010137330772,10.796893440832552],[106.35010831375482,10.796919154316484],[106.35016516830383,10.796948636864858],[106.35018909771007,10.796942325047819],[106.35243405110222,10.79345072678181],[106.35242725335451,10.793425087208508]]},"properties":{"OBJECTID":516,"maNhanDang":" ","phienBan":0,"ngayPhienBan":1787739118000,"giaTriDoChinhXacMatPhang":0,"nguyenNhanThayDoi":null,"maDoiTuong":"KG05","loaiTrangThaiDuongBoNuoc":1,"loaiDuongBoNuoc":"Phá","SHAPE_Length":940.65246247648543}},{"type":"Feature","id":517,"geometry":{"type":"LineString","coordinates":[[106.352330250558,10.793373715492931],[106.35225591118308,10.793334345801455],[106.3522318429695,10.793340583897146],[106.34998597445505,10.796833600195978],[106.34999291306194,10.796859313686756],[106.35006764870671,10.796898066521553],[106.35009157628255,10.796891754715686],[106.35233704829621,10.793399355068964],[106.352330250558,10.793373715492931]]},"properties":{"OBJECTID":517,"maNhanDang":" ","phienBan":0,"ngayPhienBan":1787739118000,"giaTriDoChinhXacMatPhang":0,"nguyenNhanThayDoi":null,"maDoiTuong":"KG05","loaiTrangThaiDuongBoNuoc":1,"loaiDuongBoNuoc":"Phá","SHAPE_Length":945.29636105191662}},{"type":"Feature","id":518,"geometry":{"type":"LineString","coordinates":[[106.35221546163545,10.793312923331978],[106.35214663114311,10.793276470351877],[106.35212256110611,10.79328271025069],[106.34987611005707,10.796776629229472],[106.34988305048205,10.796802342719822],[106.34995224802933,10.796838225875705],[106.34997617742869,10.796831912267137],[106.35222226119127,10.793338562907667],[106.35221546163545,10.793312923331978]]},"properties":{"OBJECTID":518,"maNhanDang":" ","phienBan":0,"ngayPhienBan":1787739118000,"giaTriDoChinhXacMatPhang":0,"nguyenNhanThayDoi":null,"maDoiTuong":"KG05","loaiTrangThaiDuongBoNuoc":1,"loaiDuongBoNuoc":"Phá","SHAPE_Length":944.17281312008322}},{"type":"Feature","id":519,"geometry":{"type":"LineString","coordinates":[[106.34986631303659,10.796774943105191],[106.35211297933026,10.793280689257692],[106.352106181614,10.793255049675386],[106.35205088436476,10.793225765129668],[106.35202681432577,10.793232003212751],[106.34977985379109,10.79672671452113],[106.34978679420664,10.796752428014221],[106.34984238546419,10.796781254893427],[106.34986631303659,10.796774943105191]]},"properties":{"OBJECTID":519,"maNhanDang":" ","phienBan":0,"ngayPhienBan":1787739118000,"giaTriDoChinhXacMatPhang":0,"nguyenNhanThayDoi":null,"maDoiTuong":"KG05","loaiTrangThaiDuongBoNuoc":1,"loaiDuongBoNuoc":"Phá","SHAPE_Length":941.035763555622}},{"type":"Feature","id":520,"geometry":{"type":"LineString","coordinates":[[106.34977005676903,10.796725026585477],[106.35201723255202,10.793229982216678],[106.35201043484513,10.793204342631673],[106.35194549666602,10.793169952409849],[106.35192142845764,10.793176190481089],[106.34967390547679,10.796671773716753],[106.34968084405305,10.79669748721642],[106.34974612737282,10.796731340177924],[106.34977005676903,10.796725026585477]]},"properties":{"OBJECTID":520,"maNhanDang":" ","phienBan":0,"ngayPhienBan":1787739118000,"giaTriDoChinhXacMatPhang":0,"nguyenNhanThayDoi":null,"maDoiTuong":"KG05","loaiTrangThaiDuongBoNuoc":1,"loaiDuongBoNuoc":"Phá","SHAPE_Length":943.64672787647032}},{"type":"Feature","id":521,"geometry":{"type":"LineString","coordinates":[[106.34966410845695,10.796670085777635],[106.35191184668618,10.793174169481585],[106.35190504716077,10.793148529897199],[106.35184050445467,10.793114348632855],[106.35181643441916,10.793120586699372],[106.349568352642,10.796617036432988],[106.34957529120791,10.796642749935655],[106.34964017906233,10.796676399361779],[106.34966410845695,10.796670085777635]]},"properties":{"OBJECTID":521,"maNhanDang":" ","phienBan":0,"ngayPhienBan":1787739118000,"giaTriDoChinhXacMatPhang":0,"nguyenNhanThayDoi":null,"maDoiTuong":"KG05","loaiTrangThaiDuongBoNuoc":1,"loaiDuongBoNuoc":"Phá","SHAPE_Length":943.77726244709584}},{"type":"Feature","id":522,"geometry":{"type":"LineString","coordinates":[[106.34955855562792,10.796615350298572],[106.35180685265003,10.793118565696478],[106.35180005496376,10.793092926105603],[106.35174281530328,10.793062612802085],[106.35171874709827,10.793068850857358],[106.34947014488071,10.796566111009643],[106.34947708343341,10.796591822706926],[106.34953462623497,10.796621663874463],[106.34955855562792,10.796615350298572]]},"properties":{"OBJECTID":522,"maNhanDang":" ","phienBan":0,"ngayPhienBan":1787739118000,"giaTriDoChinhXacMatPhang":0,"nguyenNhanThayDoi":null,"maDoiTuong":"KG05","loaiTrangThaiDuongBoNuoc":1,"loaiDuongBoNuoc":"Phá","SHAPE_Length":942.18387293760566}},{"type":"Feature","id":523,"geometry":{"type":"LineString","coordinates":[[106.34937346171847,10.796537886255736],[106.34943640374941,10.796570689647572],[106.34946038615318,10.79656436331927],[106.35170916533488,10.793066831659509],[106.35170236582931,10.793041192069435],[106.35163964663008,10.793007974596884],[106.35161557843037,10.793014214452228],[106.34936652317238,10.796512172747324],[106.34937346171847,10.796537886255736]]},"properties":{"OBJECTID":523,"maNhanDang":" ","phienBan":0,"ngayPhienBan":1787739118000,"giaTriDoChinhXacMatPhang":0,"nguyenNhanThayDoi":null,"maDoiTuong":"KG05","loaiTrangThaiDuongBoNuoc":1,"loaiDuongBoNuoc":"Phá","SHAPE_Length":943.73491305571315}},{"type":"Feature","id":524,"geometry":{"type":"LineString","coordinates":[[106.34935683555813,10.796510316424257],[106.35160599666564,10.793012193442848],[106.35159919716658,10.792986552041697],[106.35153443117323,10.792952253611224],[106.35151036297168,10.792958491650115],[106.34926070516468,10.796457388853092],[106.34926764370039,10.796483102364515],[106.34933303960452,10.796516593561984],[106.34935683555813,10.796510316424257]]},"properties":{"OBJECTID":524,"maNhanDang":" ","phienBan":0,"ngayPhienBan":1787739118000,"giaTriDoChinhXacMatPhang":0,"nguyenNhanThayDoi":null,"maDoiTuong":"KG05","loaiTrangThaiDuongBoNuoc":1,"loaiDuongBoNuoc":"Phá","SHAPE_Length":944.44141121756343}},{"type":"Feature","id":525,"geometry":{"type":"LineString","coordinates":[[106.34914843321157,10.796402677092228],[106.35139890515282,10.792902518755472],[106.3513921075065,10.792876879153138],[106.35132385390526,10.792840732249953],[106.35129978387833,10.792846970275809],[106.34904894829988,10.796347692801898],[106.34905588681841,10.79637340812755],[106.3491245056502,10.796408988824309],[106.34914843321157,10.796402677092228]]},"properties":{"OBJECTID":525,"maNhanDang":" ","phienBan":0,"ngayPhienBan":1787739118000,"giaTriDoChinhXacMatPhang":0,"nguyenNhanThayDoi":null,"maDoiTuong":"KG05","loaiTrangThaiDuongBoNuoc":1,"loaiDuongBoNuoc":"Phá","SHAPE_Length":945.81498735895684}},{"type":"Feature","id":526,"geometry":{"type":"LineString","coordinates":[[106.34903915129659,10.796346006650365],[106.35129020212055,10.792844949256228],[106.35128340448486,10.792819309650863],[106.35121552805124,10.792783362698623],[106.35119145985499,10.792789600712394],[106.34894004539312,10.796291220489923],[106.34894698572624,10.796316934006967],[106.3490152219116,10.796352320185624],[106.34903915129659,10.796346006650365]]},"properties":{"OBJECTID":526,"maNhanDang":" ","phienBan":0,"ngayPhienBan":1787739118000,"giaTriDoChinhXacMatPhang":0,"nguyenNhanThayDoi":null,"maDoiTuong":"KG05","loaiTrangThaiDuongBoNuoc":1,"loaiDuongBoNuoc":"Phá","SHAPE_Length":945.95667347230767}},{"type":"Feature","id":527,"geometry":{"type":"LineString","coordinates":[[106.34893024839211,10.796289534334822],[106.35118187810318,10.792787581497494],[106.35117507864925,10.792761941892639],[106.35109493230708,10.792719494796035],[106.35107086411642,10.792725734608492],[106.34881880685425,10.796228351128374],[106.34882574534659,10.796254064652377],[106.34890632083408,10.796295846049839],[106.34893024839211,10.796289534334822]]},"properties":{"OBJECTID":527,"maNhanDang":" ","phienBan":0,"ngayPhienBan":1787739118000,"giaTriDoChinhXacMatPhang":0,"nguyenNhanThayDoi":null,"maDoiTuong":"KG05","loaiTrangThaiDuongBoNuoc":1,"loaiDuongBoNuoc":"Phá","SHAPE_Length":949.25065059362203}},{"type":"Feature","id":528,"geometry":{"type":"LineString","coordinates":[[106.34880900985218,10.796226663161081],[106.35106128236006,10.792723711773331],[106.35105448291795,10.792698072165095],[106.35101399692138,10.792676631517711],[106.35098992873206,10.792682871323803],[106.34873744050259,10.796186157161223],[106.34874437898337,10.796211868879368],[106.34878508229956,10.796232976674792],[106.34880900985218,10.796226663161081]]},"properties":{"OBJECTID":528,"maNhanDang":" ","phienBan":0,"ngayPhienBan":1787739118000,"giaTriDoChinhXacMatPhang":0,"nguyenNhanThayDoi":null,"maDoiTuong":"KG05","loaiTrangThaiDuongBoNuoc":1,"loaiDuongBoNuoc":"Phá","SHAPE_Length":939.62537774535622}},{"type":"Feature","id":529,"geometry":{"type":"LineString","coordinates":[[106.3487276435058,10.796184470999446],[106.35098034697749,10.792680848486032],[106.3509735475433,10.792655208875521],[106.35090017699511,10.792616352291093],[106.35087610697528,10.792622590283585],[106.34862301247141,10.796126818591958],[106.34862995277344,10.796152532118011],[106.34870371412198,10.796190782702146],[106.3487276435058,10.796184470999446]]},"properties":{"OBJECTID":529,"maNhanDang":" ","phienBan":0,"ngayPhienBan":1787739118000,"giaTriDoChinhXacMatPhang":0,"nguyenNhanThayDoi":null,"maDoiTuong":"KG05","loaiTrangThaiDuongBoNuoc":1,"loaiDuongBoNuoc":"Phá","SHAPE_Length":947.99923769700092}},{"type":"Feature","id":530,"geometry":{"type":"LineString","coordinates":[[106.348613215477,10.796125132426413],[106.35086652522678,10.792620569250316],[106.35085972763258,10.792594929633065],[106.35079580029837,10.792561074225052],[106.35077173028024,10.792567312209311],[106.34851808063165,10.796072403392794],[106.34852501909448,10.796098116925375],[106.34858928609493,10.796131444120158],[106.348613215477,10.796125132426413]]},"properties":{"OBJECTID":530,"maNhanDang":" ","phienBan":0,"ngayPhienBan":1787739118000,"giaTriDoChinhXacMatPhang":0,"nguyenNhanThayDoi":null,"maDoiTuong":"KG05","loaiTrangThaiDuongBoNuoc":1,"loaiDuongBoNuoc":"Phá","SHAPE_Length":945.89172438600133}},{"type":"Feature","id":531,"geometry":{"type":"LineString","coordinates":[[106.34850828363942,10.796070717223797],[106.35076214853763,10.792565292980864],[106.35075535095008,10.792539651552501],[106.35069827077027,10.79250942271918],[106.35067420258621,10.792515662500406],[106.34842003065505,10.796021558679332],[106.34842697093713,10.796047272211158],[106.34848435425896,10.796077028909336],[106.34850828363942,10.796070717223797]]},"properties":{"OBJECTID":531,"maNhanDang":" ","phienBan":0,"ngayPhienBan":1787739118000,"giaTriDoChinhXacMatPhang":0,"nguyenNhanThayDoi":null,"maDoiTuong":"KG05","loaiTrangThaiDuongBoNuoc":1,"loaiDuongBoNuoc":"Phá","SHAPE_Length":944.41103486140412}},{"type":"Feature","id":532,"geometry":{"type":"LineString","coordinates":[[106.34841023549372,10.796019872503562],[106.35066462083856,10.792513639652439],[106.35065782143529,10.792488000033071],[106.35059300438245,10.792453672561431],[106.35056893437128,10.792459912337922],[106.34831420364723,10.795966680433233],[106.34832114208649,10.795992392163436],[106.34838630611478,10.796026184181429],[106.34841023549372,10.796019872503562]]},"properties":{"OBJECTID":532,"maNhanDang":" ","phienBan":0,"ngayPhienBan":1787739118000,"giaTriDoChinhXacMatPhang":0,"nguyenNhanThayDoi":null,"maDoiTuong":"KG05","loaiTrangThaiDuongBoNuoc":1,"loaiDuongBoNuoc":"Phá","SHAPE_Length":946.55177601398668}},{"type":"Feature","id":533,"geometry":{"type":"LineString","coordinates":[[106.34830440665569,10.795964992449338],[106.35055935262956,10.792457891294731],[106.35055255506545,10.792432251668867],[106.35049068376485,10.792399484351353],[106.35046661375181,10.792405722311583],[106.34821133701119,10.79591333700354],[106.34821827544394,10.795939050544868],[106.34828047728193,10.795971305927111],[106.34830440665569,10.795964992449338]]},"properties":{"OBJECTID":533,"maNhanDang":" ","phienBan":0,"ngayPhienBan":1787739118000,"giaTriDoChinhXacMatPhang":0,"nguyenNhanThayDoi":null,"maDoiTuong":"KG05","loaiTrangThaiDuongBoNuoc":1,"loaiDuongBoNuoc":"Phá","SHAPE_Length":946.04568216794758}},{"type":"Feature","id":534,"geometry":{"type":"LineString","coordinates":[[106.34820154002536,10.79591165082444],[106.3504570320123,10.792403701265089],[106.35045023445822,10.792378061636381],[106.35040992612934,10.792356714586285],[106.35038585611763,10.79236295254017],[106.34813014840577,10.795871234741117],[106.34813708683055,10.795896948284739],[106.3481776106496,10.79591796248598],[106.34820154002536,10.79591165082444]]},"properties":{"OBJECTID":534,"maNhanDang":" ","phienBan":0,"ngayPhienBan":1787739118000,"giaTriDoChinhXacMatPhang":0,"nguyenNhanThayDoi":null,"maDoiTuong":"KG05","loaiTrangThaiDuongBoNuoc":1,"loaiDuongBoNuoc":"Phá","SHAPE_Length":940.89245776599932}},{"type":"Feature","id":535,"geometry":{"type":"LineString","coordinates":[[106.35028721982063,10.792291727557542],[106.35026259508811,10.792297673650774],[106.34800623179426,10.795806976104002],[106.34801317020329,10.795832687842967],[106.34809642204711,10.795875860214535],[106.34812035142161,10.795869548559347],[106.35037627437993,10.792360931491082],[106.35036947500488,10.792335291863642],[106.35028721982063,10.792291727557542]]},"properties":{"OBJECTID":535,"maNhanDang":" ","phienBan":0,"ngayPhienBan":1787739118000,"giaTriDoChinhXacMatPhang":0,"nguyenNhanThayDoi":null,"maDoiTuong":"KG05","loaiTrangThaiDuongBoNuoc":1,"loaiDuongBoNuoc":"Phá","SHAPE_Length":951.64486708688344}},{"type":"Feature","id":536,"geometry":{"type":"LineString","coordinates":[[106.3479964348091,10.795805288109969],[106.35025301518193,10.792295652594138],[106.35024621581897,10.792270012963222],[106.35019140407154,10.792240983886121],[106.35016631137769,10.792247042987194],[106.34790960814036,10.795756869820487],[106.34791654837235,10.795782583366854],[106.34797250544007,10.795811601563653],[106.3479964348091,10.795805288109969]]},"properties":{"OBJECTID":536,"maNhanDang":" ","phienBan":0,"ngayPhienBan":1787739118000,"giaTriDoChinhXacMatPhang":0,"nguyenNhanThayDoi":null,"maDoiTuong":"KG05","loaiTrangThaiDuongBoNuoc":1,"loaiDuongBoNuoc":"Phá","SHAPE_Length":945.12521551941222}},{"type":"Feature","id":537,"geometry":{"type":"LineString","coordinates":[[106.35143255693812,10.792898299928943],[106.351408486913,10.792904539771547],[106.34915823021713,10.796404363240157],[106.34915492183747,10.796425624944677],[106.34922560792664,10.79646427553954],[106.34925085163029,10.796455787803071],[106.35150078120928,10.792956470637321],[106.35149398172412,10.792930831041399],[106.35143255693812,10.792898299928943]]},"properties":{"OBJECTID":537,"maNhanDang":" ","phienBan":0,"ngayPhienBan":1787739118000,"giaTriDoChinhXacMatPhang":0,"nguyenNhanThayDoi":null,"maDoiTuong":"KG05","loaiTrangThaiDuongBoNuoc":1,"loaiDuongBoNuoc":"Phá","SHAPE_Length":944.7430439809508}},{"type":"Feature","id":538,"geometry":{"type":"LineString","coordinates":[[106.35182615023804,10.781185463450736],[106.35195838321032,10.780965869081173]]},"properties":{"OBJECTID":538,"maNhanDang":" ","phienBan":0,"ngayPhienBan":1787739118000,"giaTriDoChinhXacMatPhang":0,"nguyenNhanThayDoi":null,"maDoiTuong":"KG05","loaiTrangThaiDuongBoNuoc":1,"loaiDuongBoNuoc":"Phá","SHAPE_Length":28.267969315505226}},{"type":"Feature","id":539,"geometry":{"type":"LineString","coordinates":[[106.34969338511827,10.779555843033174],[106.34948859927934,10.779886138931724],[106.34951262482542,10.779898568971017],[106.34971214809175,10.779569538132334],[106.34969338511827,10.779555843033174]]},"properties":{"OBJECTID":539,"maNhanDang":" ","phienBan":0,"ngayPhienBan":1787739118000,"giaTriDoChinhXacMatPhang":0,"nguyenNhanThayDoi":null,"maDoiTuong":"KG05","loaiTrangThaiDuongBoNuoc":1,"loaiDuongBoNuoc":"Phá","SHAPE_Length":90.801167727830119}},{"type":"Feature","id":540,"geometry":{"type":"LineString","coordinates":[[106.34887521549395,10.779356642177087],[106.3492333595261,10.779556984591192],[106.34920970149696,10.779587941428272],[106.34884991488852,10.779399465724286]]},"properties":{"OBJECTID":540,"maNhanDang":" ","phienBan":0,"ngayPhienBan":1787739118000,"giaTriDoChinhXacMatPhang":0,"nguyenNhanThayDoi":null,"maDoiTuong":"KG05","loaiTrangThaiDuongBoNuoc":1,"loaiDuongBoNuoc":"Phá","SHAPE_Length":93.821877243090881}},{"type":"Feature","id":541,"geometry":{"type":"LineString","coordinates":[[106.35182615023804,10.781185463450736],[106.35178373016412,10.781281425298479],[106.35174300987518,10.781358497264552],[106.35184312953254,10.781414971496803],[106.35201608203614,10.781508844026122]]},"properties":{"OBJECTID":541,"maNhanDang":" ","phienBan":0,"ngayPhienBan":1787739118000,"giaTriDoChinhXacMatPhang":0,"nguyenNhanThayDoi":null,"maDoiTuong":"KG05","loaiTrangThaiDuongBoNuoc":1,"loaiDuongBoNuoc":"Phá","SHAPE_Length":55.384247047958354}},{"type":"Feature","id":542,"geometry":{"type":"LineString","coordinates":[[106.35209841938068,10.779482466475084],[106.35128563444847,10.779048375480553],[106.35108254235067,10.778911518690389],[106.35120337670799,10.778721648134313],[106.35141068064472,10.778371441735501],[106.35163285007965,10.77801013116451],[106.35183522821217,10.777665458112308],[106.35185484040589,10.777632568760502],[106.35229017199383,10.777861012538619],[106.35294179328233,10.778222860976163],[106.35284686971379,10.778394071810437],[106.35272596995424,10.778600106514425],[106.35262930620492,10.778611000870644],[106.3525957216016,10.778628878706158],[106.35219256155227,10.779252684566975],[106.35215823069431,10.779370808219266],[106.35211990443618,10.779449634944053]]},"properties":{"OBJECTID":542,"maNhanDang":" ","phienBan":0,"ngayPhienBan":1787739118000,"giaTriDoChinhXacMatPhang":0,"nguyenNhanThayDoi":null,"maDoiTuong":"KG05","loaiTrangThaiDuongBoNuoc":1,"loaiDuongBoNuoc":"Phá","SHAPE_Length":596.21411840847179}},{"type":"Feature","id":543,"geometry":{"type":"LineString","coordinates":[[106.35536470998227,10.79384697267019],[106.35364247059327,10.79291925503764],[106.3535159183982,10.79285205276781],[106.35342125183922,10.792819397037221],[106.35337742413903,10.792797851118008],[106.35331393779209,10.792789017135439],[106.35328919726943,10.79279282641234],[106.35326187371,10.792807294585174],[106.35323217099413,10.792859455520624],[106.35276271958338,10.793591027914561],[106.35195657020307,10.794836600488606],[106.35152093522122,10.795511680809835],[106.35127816521836,10.795860508084315],[106.35125617152404,10.79589105863918],[106.35124200205182,10.795903356566999],[106.35122447724761,10.795939901628905],[106.3512090916937,10.795972498866815],[106.35119128783818,10.796003914630615],[106.35117866938613,10.796032839477164],[106.35115790624863,10.796076138999629],[106.35113278689396,10.796117689424706],[106.35111002594802,10.796150537864479],[106.35109137906416,10.796175566921486],[106.35106264907954,10.796203114491229],[106.35103265298103,10.796257080386319],[106.35101095468011,10.796296412737219],[106.3509955420075,10.796344829884827],[106.35098372013069,10.796368758952243],[106.35095996274944,10.796404538588286],[106.35094449536453,10.796422674059192],[106.35092873826994,10.796435833949566],[106.35091175766144,10.796452679501984],[106.35089669117859,10.796468246560126],[106.35088679413913,10.796491690906029],[106.35086323276302,10.796518436430548],[106.35085157466891,10.796529998954478],[106.35084700023191,10.796536238867994],[106.35083833019583,10.796549473588689],[106.35082978419595,10.796568065739327],[106.35081428369568,10.796588871967352],[106.35080437249681,10.796600593833695],[106.35079300171748,10.796616851670617],[106.35078103288663,10.796641390377173],[106.35076816856987,10.796660743121501],[106.35075331651372,10.796684828146564],[106.35074812724204,10.796696426924047],[106.3507412229927,10.796714728381465],[106.35072365957741,10.796738335884202],[106.3507099631569,10.796746665699487],[106.35067960016509,10.796778033500839],[106.35066743334133,10.796792215267645],[106.35065828538846,10.796815292897842],[106.35064356009705,10.796841514954323],[106.35061737068747,10.796880290038413],[106.35059858522283,10.796901887390771],[106.35057103837283,10.796930334909609],[106.35054878408322,10.796962350560882],[106.35053423795996,10.796983024733567],[106.35052267885685,10.796999322707514],[106.35051689868811,10.797028339128779],[106.35050963671145,10.797051624651887],[106.3505058682706,10.797065885941427],[106.35049957705711,10.797088983335867],[106.35049632075796,10.797100509645551],[106.35049257575304,10.797119204574845],[106.35049124978116,10.797136685127544],[106.35049129093468,10.797157405113214],[106.35049059496507,10.797165192536697],[106.35049121071388,10.797166739153097],[106.35049376600959,10.797171515050145],[106.35049504998895,10.797173407541912],[106.35049856914735,10.797178203265878],[106.35050166968087,10.797181253089644],[106.35050796509482,10.797187893203141],[106.3505217282582,10.797203944919131],[106.35052626664114,10.79721453391727],[106.35053003863986,10.797222319898472],[106.35053330626734,10.797229387198763],[106.35053545823092,10.797232749872837]]},"properties":{"OBJECTID":543,"maNhanDang":" ","phienBan":0,"ngayPhienBan":1787739118000,"giaTriDoChinhXacMatPhang":0,"nguyenNhanThayDoi":null,"maDoiTuong":"KG05","loaiTrangThaiDuongBoNuoc":1,"loaiDuongBoNuoc":"Phá","SHAPE_Length":841.07155026217072}},{"type":"Feature","id":544,"geometry":{"type":"LineString","coordinates":[[106.35238328639606,10.798315767085386],[106.35236108852929,10.798303536322958],[106.35233023946307,10.798283691843398],[106.35226610641152,10.798246417934347],[106.35218376536628,10.798209365708701],[106.35209852439333,10.798164388380819],[106.35205030174184,10.798123852211456],[106.35191813572709,10.798049789207795],[106.35160323029179,10.797907536761683],[106.35096889920952,10.797570565931336],[106.35034776343373,10.79724758701555],[106.35003124508306,10.797088067780997],[106.34927560888566,10.796717676320664],[106.34757455288067,10.795838717765774],[106.34659069342995,10.795349726855134],[106.34640594933225,10.795253229046091]]},"properties":{"OBJECTID":544,"maNhanDang":" ","phienBan":0,"ngayPhienBan":1787739118000,"giaTriDoChinhXacMatPhang":0,"nguyenNhanThayDoi":null,"maDoiTuong":"KG05","loaiTrangThaiDuongBoNuoc":1,"loaiDuongBoNuoc":"Phá","SHAPE_Length":736.53640180657248}},{"type":"Feature","id":545,"geometry":{"type":"LineString","coordinates":[[106.35543672970336,10.793905867347108],[106.35543483525369,10.793862143589207],[106.35540537848863,10.793843338190689],[106.35536470998227,10.79384697267019]]},"properties":{"OBJECTID":545,"maNhanDang":" ","phienBan":0,"ngayPhienBan":1787739118000,"giaTriDoChinhXacMatPhang":0,"nguyenNhanThayDoi":null,"maDoiTuong":"KG05","loaiTrangThaiDuongBoNuoc":1,"loaiDuongBoNuoc":"Phá","SHAPE_Length":13.140686096861918}},{"type":"Feature","id":546,"geometry":{"type":"LineString","coordinates":[[106.35337344019983,10.797059675970775],[106.35329048957705,10.797175299786675],[106.35314699442647,10.797390340249979],[106.35299928137162,10.797592398836652],[106.35288691415002,10.797726131074079],[106.35281486199328,10.79782640007511],[106.35270608941494,10.797984505081613],[106.35264885364722,10.798070426112311],[106.35257052257059,10.798144915266159],[106.35249663055394,10.79822418203463],[106.35244255012437,10.798225055867661],[106.35239949956274,10.79821023661817],[106.35235105743698,10.798163294506034],[106.35229124666047,10.798125393781131],[106.35211030943596,10.798057702068936],[106.35196626009167,10.797979441902227],[106.35169362934097,10.797834349768738],[106.35152709621758,10.797741575379924],[106.35149684486721,10.797715994066165],[106.35145874565109,10.797702309634463],[106.35140311258806,10.797670092787255],[106.35116652016704,10.79755052864178],[106.35093505741688,10.797433453258288],[106.35082928789113,10.797384034744717],[106.35072828805451,10.79732721142646],[106.35065978733792,10.79728499662467],[106.35057500022539,10.79724729593787],[106.35053545823092,10.797232749872837]]},"properties":{"OBJECTID":546,"maNhanDang":" ","phienBan":0,"ngayPhienBan":1787739118000,"giaTriDoChinhXacMatPhang":0,"nguyenNhanThayDoi":null,"maDoiTuong":"KG05","loaiTrangThaiDuongBoNuoc":1,"loaiDuongBoNuoc":"Phá","SHAPE_Length":403.33538576401872}},{"type":"Feature","id":547,"geometry":{"type":"LineString","coordinates":[[106.35338304034437,10.797149647269348],[106.35324330206119,10.797371231518797],[106.35309409055039,10.797609625042941],[106.35289591628829,10.797910637568794],[106.35272656364623,10.798162364015946],[106.3526357838078,10.798297659775329],[106.35257627530632,10.798352713984901],[106.35251755491581,10.798356321816131],[106.35246405358271,10.798345862594941],[106.35242075439108,10.798332020256794],[106.35239546134946,10.798326787799606],[106.35238328639606,10.798315767085386]]},"properties":{"OBJECTID":547,"maNhanDang":" ","phienBan":0,"ngayPhienBan":1787739118000,"giaTriDoChinhXacMatPhang":0,"nguyenNhanThayDoi":null,"maDoiTuong":"KG05","loaiTrangThaiDuongBoNuoc":1,"loaiDuongBoNuoc":"Phá","SHAPE_Length":181.93296931545311}},{"type":"Feature","id":548,"geometry":{"type":"LineString","coordinates":[[106.35209841938068,10.779482466475084],[106.35211990443618,10.779449634944053]]},"properties":{"OBJECTID":548,"maNhanDang":" ","phienBan":0,"ngayPhienBan":1787739118000,"giaTriDoChinhXacMatPhang":0,"nguyenNhanThayDoi":null,"maDoiTuong":"KG05","loaiTrangThaiDuongBoNuoc":1,"loaiDuongBoNuoc":"Phá","SHAPE_Length":4.3252958841802061}},{"type":"Feature","id":549,"geometry":{"type":"LineString","coordinates":[[106.3460438354293,10.793161635953979],[106.34732562340979,10.793834746460231]]},"properties":{"OBJECTID":549,"maNhanDang":" ","phienBan":0,"ngayPhienBan":1787739118000,"giaTriDoChinhXacMatPhang":0,"nguyenNhanThayDoi":null,"maDoiTuong":"KG05","loaiTrangThaiDuongBoNuoc":1,"loaiDuongBoNuoc":"Phá","SHAPE_Length":158.71846338130371}},{"type":"Feature","id":550,"geometry":{"type":"LineString","coordinates":[[106.3465648167856,10.79508558893275],[106.34528910420092,10.794424634772206]]},"properties":{"OBJECTID":550,"maNhanDang":" ","phienBan":0,"ngayPhienBan":1787739118000,"giaTriDoChinhXacMatPhang":0,"nguyenNhanThayDoi":null,"maDoiTuong":"KG05","loaiTrangThaiDuongBoNuoc":1,"loaiDuongBoNuoc":"Phá","SHAPE_Length":157.50288902090094}},{"type":"Feature","id":551,"geometry":{"type":"LineString","coordinates":[[106.34529984452935,10.794406660553824],[106.34530294008299,10.794405898215111],[106.34530585629165,10.794404610061532],[106.34530850459669,10.794402835211399],[106.34531080457508,10.794400627562887],[106.34531268638172,10.794398054157284],[106.34603726243148,10.793195013398243],[106.34603862324539,10.793192242814971],[106.34603948827039,10.793189279762844],[106.34603983182697,10.793186212204359],[106.34603964371614,10.793183131204444],[106.34603892952227,10.793180128227043],[106.34603771044719,10.7931772924199],[106.34603602268096,10.79317470796806]]},"properties":{"OBJECTID":551,"maNhanDang":" ","phienBan":0,"ngayPhienBan":1787739118000,"giaTriDoChinhXacMatPhang":0,"nguyenNhanThayDoi":null,"maDoiTuong":"KG05","loaiTrangThaiDuongBoNuoc":1,"loaiDuongBoNuoc":"Phá","SHAPE_Length":159.01305567497258}},{"type":"Feature","id":552,"geometry":{"type":"LineString","coordinates":[[106.34605274487222,10.793201144086781],[106.34532821991358,10.794404099795795],[106.3453269177068,10.794406732372607],[106.34532606155328,10.794409541857318],[106.34532567430641,10.794412453256129],[106.34532576630299,10.794415388854844],[106.34532633508735,10.794418270293292],[106.34532736547689,10.79442102065701],[106.34532882996733,10.794423566530323],[106.34533068946692,10.794425839956032],[106.34533289433989,10.794427780249404],[106.34533538573139,10.794429335618036],[106.34541192779403,10.794469346480016],[106.34541476343981,10.794470541679109],[106.34541775859313,10.79447124768507],[106.34542082951315,10.794471444758829],[106.34542389034067,10.794471127390441],[106.34542685549869,10.794470304453142],[106.34542964208497,10.79446899895526],[106.34543217218996,10.794467247396927],[106.34543437507499,10.794465098749589],[106.34543618915006,10.794462613086813],[106.34616062811109,10.793259796540795],[106.3461619290311,10.793257167232596],[106.34616278499036,10.79325436134803],[106.34616317319461,10.793251453608029],[106.34616308330595,10.793248521445944],[106.34616251771811,10.793245642945493],[106.34616149149275,10.793242894761372],[106.34616003195832,10.79324035007795],[106.34615817798236,10.793238076660352],[106.34615597893638,10.793236135049874],[106.34615349338117,10.793234576951763],[106.3460770372337,10.793194426862712],[106.34607420017659,10.793193224940618],[106.34607120235381,10.793192513204513],[106.34606812780216,10.793192311606221],[106.34606506270937,10.793192625797069],[106.346062092998,10.793193446969465],[106.34605930191682,10.793194752103801],[106.34605676770717,10.793196504613746],[106.34605456140953,10.793198655371866],[106.34605274487222,10.793201144086781]]},"properties":{"OBJECTID":552,"maNhanDang":" ","phienBan":0,"ngayPhienBan":1787739118000,"giaTriDoChinhXacMatPhang":0,"nguyenNhanThayDoi":null,"maDoiTuong":"KG05","loaiTrangThaiDuongBoNuoc":1,"loaiDuongBoNuoc":"Phá","SHAPE_Length":341.20438027724003}},{"type":"Feature","id":553,"geometry":{"type":"LineString","coordinates":[[106.34552877231971,10.79451100837559],[106.3462531089252,10.793308361796839],[106.34625440992528,10.793305732500876],[106.34625526594891,10.793302926610286],[106.34625565419846,10.793300018851571],[106.34625556433407,10.793297086664186],[106.346254998749,10.793294208138175],[106.34625397250593,10.793291459934469],[106.34625251293576,10.793288915243252],[106.34625065890978,10.793286641834765],[106.34624845980444,10.793284700254445],[106.34624597418632,10.793283142210477],[106.34620040292073,10.79325920998898],[106.3461975658475,10.793258008196123],[106.34619456803756,10.793257296559926],[106.34619149351728,10.793257095027016],[106.34618842846315,10.793257409246211],[106.34618545878635,10.793258230410181],[106.34618266772472,10.793259535502315],[106.34618013350961,10.793261287941853],[106.34617792717319,10.793263438609225],[106.34617611055742,10.79326592722283],[106.34545172268746,10.794468658718783],[106.34545042041469,10.794471291285697],[106.34544956420827,10.794474100775593],[106.34544917692433,10.794477012190042],[106.34544926890132,10.794479947809766],[106.34544983768392,10.79448282926934],[106.34545086808868,10.794485579649125],[106.34545233260926,10.794488125528618],[106.34545419215075,10.794490398946381],[106.34545639707332,10.79449233921426],[106.34545888851723,10.794493894537426],[106.34550451096588,10.794517743584327],[106.34550734674585,10.79451893863766],[106.34551034200878,10.794519644470862],[106.34551341300853,10.794519841349166],[106.34551647388139,10.794519523767947],[106.34551943904681,10.794518700606629],[106.34552222560016,10.79451739488041],[106.34552475563072,10.794515643096782],[106.34552695840004,10.794513494234787],[106.34552877231971,10.79451100837559]]},"properties":{"OBJECTID":553,"maNhanDang":" ","phienBan":0,"ngayPhienBan":1787739118000,"giaTriDoChinhXacMatPhang":0,"nguyenNhanThayDoi":null,"maDoiTuong":"KG05","loaiTrangThaiDuongBoNuoc":1,"loaiDuongBoNuoc":"Phá","SHAPE_Length":333.50454078989281}},{"type":"Feature","id":554,"geometry":{"type":"LineString","coordinates":[[106.34563370580693,10.794565860421228],[106.34635792726111,10.793363405506092],[106.34635922810615,10.793360776185512],[106.34636008400442,10.793357970305488],[106.34636047216473,10.793355062581961],[106.34636038225105,10.793352130442798],[106.3463598166576,10.793349251966013],[106.34635879044522,10.793346503800681],[106.34635733094024,10.793343959125897],[106.34635547700687,10.79334168570214],[106.34635327801227,10.793339744066925],[106.34635079251204,10.793338185922781],[106.34629288374038,10.793307775232787],[106.3462900465455,10.793306573478359],[106.34628704861444,10.79330586193225],[106.34628397398762,10.793305660541089],[106.34628090885545,10.793305974950433],[106.34627793914217,10.793306796346512],[106.34627514809718,10.793308101703285],[106.34627261396129,10.793309854427946],[106.34627040777343,10.793312005386708],[106.34626859137923,10.793314494282164],[106.34554430586125,10.794517054002643],[106.34554300341379,10.794519686714063],[106.34554214706675,10.794522496377487],[106.34554175968084,10.794525407987175],[106.3455418515976,10.79452834381587],[106.34554242036323,10.79453122548977],[106.34554345079417,10.794533976080775],[106.34554491538243,10.79453652216012],[106.3455467750299,10.794538795758612],[106.34554898009212,10.794540736181105],[106.34555147170354,10.794542291626795],[106.34560944261912,10.794572593833641],[106.34561227842511,10.794573789313374],[106.34561527379111,10.794574495535588],[106.34561834495911,10.794574692752516],[106.34562140605142,10.79457437544947],[106.34562437147213,10.794573552499051],[106.34562715830053,10.794572246913042],[106.34562968860982,10.794570495198949],[106.34563189164612,10.794568346339151],[106.34563370580693,10.794565860421228]]},"properties":{"OBJECTID":554,"maNhanDang":" ","phienBan":0,"ngayPhienBan":1787739118000,"giaTriDoChinhXacMatPhang":0,"nguyenNhanThayDoi":null,"maDoiTuong":"KG05","loaiTrangThaiDuongBoNuoc":1,"loaiDuongBoNuoc":"Phá","SHAPE_Length":336.51339409510155}},{"type":"Feature","id":555,"geometry":{"type":"LineString","coordinates":[[106.34604986647935,10.794783400014916],[106.34677362915434,10.793581704526352],[106.34677492997386,10.793579075200419],[106.34677578585044,10.793576269320594],[106.34677617399392,10.793573361601394],[106.34677608406888,10.793570429469101],[106.34677551846984,10.793567551000061],[106.34677449225747,10.793564802841683],[106.34677303275758,10.793562258171486],[106.34677117883354,10.793559984748541],[106.34676897985129,10.793558043109186],[106.346766494365,10.793556484955079],[106.34670878323644,10.793526178841651],[106.34670594615739,10.793524977069247],[106.34670294834606,10.793524265450142],[106.34669987382755,10.793524063930176],[106.34669680877688,10.793524378157713],[106.34669383910381,10.793525199325329],[106.34669104804469,10.793526504416679],[106.34668851382956,10.793528256851612],[106.34668630748948,10.793530407511478],[106.34668449086548,10.793532896115851],[106.34596066595634,10.794734696406881],[106.34595936339922,10.79473732910254],[106.34595850696478,10.794740138775399],[106.34595811951841,10.794743050411853],[106.34595821140432,10.794745986276034],[106.34595878016927,10.794748867985241],[106.34595981062819,10.794751618602612],[106.34596127526953,10.794754164691231],[106.3459631349898,10.794756438274748],[106.34596534013757,10.794758378652254],[106.34596783183902,10.794759934018888],[106.34602560511428,10.794790133456781],[106.3460284407608,10.79479132868444],[106.34603143592143,10.794792034710785],[106.34603450685256,10.794792231795574],[106.34603756769206,10.794791914428387],[106.34604053285999,10.794791091482699],[106.3460433194513,10.794789785967769],[106.34604584955393,10.794788034385322],[106.34604805242712,10.794785885708968],[106.34604986647935,10.794783400014916]]},"properties":{"OBJECTID":555,"maNhanDang":" ","phienBan":0,"ngayPhienBan":1787739118000,"giaTriDoChinhXacMatPhang":0,"nguyenNhanThayDoi":null,"maDoiTuong":"KG05","loaiTrangThaiDuongBoNuoc":1,"loaiDuongBoNuoc":"Phá","SHAPE_Length":336.26831977415634}},{"type":"Feature","id":556,"geometry":{"type":"LineString","coordinates":[[106.34614130378421,10.794831196996954],[106.34686496410396,10.793629669670318],[106.34686626531153,10.793627040233263],[106.34686712150089,10.793624234164803],[106.34686750986836,10.793621326201407],[106.34686742007024,10.793618393793404],[106.34686685449817,10.793615515042172],[106.34686582821557,10.793612766620008],[106.34686436855627,10.793610221728034],[106.34686251439668,10.793607948146583],[106.34686031512024,10.793606006429929],[106.34685782930221,10.793604448293513],[106.34681340400434,10.793581119701704],[106.34681056678751,10.793579917466518],[106.34680756874501,10.793579205490516],[106.34680449393385,10.793579003735591],[106.34680142856347,10.793579317858406],[106.34679845857859,10.793580139051805],[106.34679566724962,10.793581444291735],[106.34679313283789,10.793583196982782],[106.34679092640148,10.793585347984207],[106.34678910980296,10.793587836987721],[106.34606540004415,10.794789445614414],[106.34606409782711,10.794792078192039],[106.34606324166727,10.794794887680334],[106.34606285441851,10.794797799084217],[106.34606294641787,10.794800734688121],[106.34606351520958,10.794803616130496],[106.34606454561057,10.794806366495555],[106.34606601011586,10.794808912366419],[106.34606786963263,10.794811185784878],[106.34607007452392,10.794813126065433],[106.34607256593341,10.794814681415197],[106.34611704241779,10.794837930446064],[106.34611987807115,10.794839125620499],[106.34612287322672,10.794839831605607],[106.34612594414519,10.794840028663273],[106.34612900496899,10.79483971128411],[106.34613197012284,10.794838888341486],[106.34613475670618,10.794837582843446],[106.34613728681101,10.794835831289438],[106.34613948970001,10.794833682649868],[106.34614130378421,10.794831196996954]]},"properties":{"OBJECTID":556,"maNhanDang":" ","phienBan":0,"ngayPhienBan":1787739118000,"giaTriDoChinhXacMatPhang":0,"nguyenNhanThayDoi":null,"maDoiTuong":"KG05","loaiTrangThaiDuongBoNuoc":1,"loaiDuongBoNuoc":"Phá","SHAPE_Length":332.93227483128248}},{"type":"Feature","id":557,"geometry":{"type":"LineString","coordinates":[[106.346248293428,10.794887122542342],[106.34697183494028,10.793685790498719],[106.34697313609827,10.793683161053549],[106.34697399224733,10.793680354988185],[106.34697438058588,10.793677447035776],[106.34697429077139,10.793674514643],[106.34697372519588,10.793671635907447],[106.34697269892216,10.793668887497674],[106.34697123928268,10.793666342611305],[106.34696938515161,10.79366406902558],[106.34696718590952,10.79366212729227],[106.34696470012818,10.793660569125016],[106.34690473895232,10.793629081217233],[106.34690190174936,10.793627879496494],[106.34689890381762,10.793627167977952],[106.34689582919518,10.793626966606915],[106.34689276406996,10.79362728102822],[106.34688979436362,10.793628102428002],[106.34688700332303,10.793629407780763],[106.34688446918672,10.793631160494819],[106.34688226299167,10.793633311438047],[106.34688044658199,10.793635800315151],[106.34615683735312,10.794837242591617],[106.34615553514138,10.79483987517037],[106.34615467898605,10.79484268465864],[106.34615429174082,10.79484559606164],[106.34615438374259,10.794848531664128],[106.34615495253551,10.794851413104897],[106.34615598293657,10.7948541634685],[106.34615744744086,10.794856709338386],[106.34615930695578,10.794858982756637],[106.34616151184457,10.794860923037989],[106.34616400325125,10.794862478389739],[106.34622403023113,10.794893856003437],[106.34622686604486,10.794895051451965],[106.3462298614118,10.794895757648524],[106.346232932576,10.794895954846568],[106.34623599366212,10.794895637532079],[106.34623895907657,10.794894814577754],[106.34624174590094,10.794893508994896],[106.34624427621053,10.794891757289994],[106.34624647925325,10.794889608443921],[106.346248293428,10.794887122542342]]},"properties":{"OBJECTID":557,"maNhanDang":" ","phienBan":0,"ngayPhienBan":1787739118000,"giaTriDoChinhXacMatPhang":0,"nguyenNhanThayDoi":null,"maDoiTuong":"KG05","loaiTrangThaiDuongBoNuoc":1,"loaiDuongBoNuoc":"Phá","SHAPE_Length":336.73304033521163}},{"type":"Feature","id":558,"geometry":{"type":"LineString","coordinates":[[106.34708025980613,10.793721255109885],[106.34701160979863,10.793685203839692],[106.34700877273043,10.793684001958367],[106.34700577490545,10.793683290256135],[106.34700270035785,10.793683088683231],[106.34699963527243,10.793683402890085],[106.34699666556874,10.793684224068945],[106.34699387449268,10.793685529200767],[106.34699134028287,10.793687281700475],[106.34698913397752,10.793689432442514],[106.34698731742313,10.793691921137921],[106.34626382700166,10.794893168131317],[106.34626252471671,10.794895800698992],[106.34626166850259,10.794898610192904],[106.34626128121609,10.794901521613145],[106.34626137319586,10.794904457238868],[106.34626194198651,10.794907338703052],[106.34626297240409,10.794910089084535],[106.3462644369414,10.794912634961422],[106.34626629650239,10.794914908371105],[106.34626850144576,10.794916848624537],[106.34627099291019,10.794918403926326],[106.34633971786027,10.794954328630242],[106.34634255350622,10.794955523880873],[106.34634554867148,10.794956229924079],[106.34634861961037,10.794956427018692],[106.34635168045854,10.794956109653887],[106.34635464563378,10.794955286703278],[106.34635743222894,10.794953981176803],[106.34635996233,10.794952229577365],[106.34636216519459,10.794950080880191],[106.34636397922999,10.794947595163487],[106.34708739462587,10.793746474672053],[106.34708869557011,10.79374384536462],[106.34708955154647,10.793741039474757],[106.34708993975958,10.793738131725791],[106.34708984987097,10.793735199553643],[106.34708928427445,10.793732321044645],[106.34708825803234,10.793729572856037],[106.34708679847441,10.793727028174507],[106.34708494446994,10.793724754767172],[106.34708274539273,10.793722813176876],[106.34708025980613,10.793721255109885]]},"properties":{"OBJECTID":558,"maNhanDang":" ","phienBan":0,"ngayPhienBan":1787739118000,"giaTriDoChinhXacMatPhang":0,"nguyenNhanThayDoi":null,"maDoiTuong":"KG05","loaiTrangThaiDuongBoNuoc":1,"loaiDuongBoNuoc":"Phá","SHAPE_Length":338.83205224985642}},{"type":"Feature","id":559,"geometry":{"type":"LineString","coordinates":[[106.34716902993226,10.793767868964137],[106.34712716949116,10.793745887997764],[106.34712433242562,10.793744686087482],[106.34712133459678,10.793743974363247],[106.3471182600412,10.793743772776459],[106.34711519494634,10.793744086978094],[106.3471122252344,10.793744908160301],[106.34710943415379,10.793746213303301],[106.34710689994544,10.793747965820698],[106.3471046936495,10.793750116585072],[106.34710287711391,10.793752605305158],[106.34637951463772,10.794953640742834],[106.34637821228301,10.794956273186555],[106.34637735596324,10.794959082564455],[106.34637696853635,10.794961993885144],[106.34637706034403,10.794964929436043],[106.34637762893563,10.794967810857798],[106.34637865913359,10.794970561235933],[106.34638012343862,10.79497310715395],[106.34638198276365,10.794975380653055],[106.34638418747727,10.794977321046195],[106.34638667872856,10.794978876537996],[106.34642858670124,10.795000783369288],[106.34643142248743,10.795001978422208],[106.34643441775671,10.795002684252657],[106.34643748876236,10.795002881125841],[106.34644054964006,10.795002563537251],[106.34644351480866,10.795001740366562],[106.346446301363,10.795000434629356],[106.34644883139194,10.79499868283362],[106.3464510341567,10.794996533958992],[106.34645284806869,10.794994048087304],[106.34717616476419,10.793793090331892],[106.34717746582069,10.793790460870159],[106.34717832188731,10.793787654811187],[106.3471787101667,10.793784746881316],[106.34717862031884,10.793781814519745],[106.3471780547364,10.793778935816299],[106.34717702848106,10.793776187431869],[106.34717556888234,10.793773642556902],[106.34717371480987,10.793771368962318],[106.34717151563828,10.793769427194743],[106.34716902993226,10.793767868964137]]},"properties":{"OBJECTID":559,"maNhanDang":" ","phienBan":0,"ngayPhienBan":1787739118000,"giaTriDoChinhXacMatPhang":0,"nguyenNhanThayDoi":null,"maDoiTuong":"KG05","loaiTrangThaiDuongBoNuoc":1,"loaiDuongBoNuoc":"Phá","SHAPE_Length":332.14934517087403}},{"type":"Feature","id":560,"geometry":{"type":"LineString","coordinates":[[106.34644330266849,10.793386765527897],[106.34639770025373,10.79336281893173],[106.34639486318395,10.793361617098714],[106.34639186536836,10.793360905432092],[106.3463887908368,10.793360703880118],[106.34638572576938,10.793361018092362],[106.346382756081,10.793361839261351],[106.34637996501301,10.793363144369437],[106.3463774308,10.793364896834001],[106.34637522447683,10.79336704753287],[106.34637340788746,10.793369536181229],[106.34564923935316,10.794571906042757],[106.34564793705935,10.794574538607032],[106.34564708083649,10.794577348099192],[106.34564669354158,10.794580259519206],[106.34564678551361,10.79458319514605],[106.34564735429733,10.794586076612498],[106.34564838470894,10.794588826997153],[106.34564984924135,10.794591372877864],[106.34565170879857,10.794593646291771],[106.34565391373927,10.794595586549571],[106.34565640520206,10.794597141855643],[106.34570205697109,10.794621005280757],[106.34570489260847,10.794622200568229],[106.34570788777324,10.794622906641498],[106.34571095871718,10.794623103757941],[106.34571401957314,10.794622786405958],[106.34571698475608,10.794621963459072],[106.3457197713561,10.794620657927824],[106.34572230145665,10.794618906316368],[106.34572450431321,10.794616757601768],[106.3457263183314,10.79461427186455],[106.34645043743009,10.793411986916723],[106.34645173860737,10.793409357476277],[106.34645259477337,10.793406551411561],[106.34645298312574,10.79340364345664],[106.34645289332151,10.793400711059226],[106.34645232775242,10.793397832318009],[106.34645130148131,10.793395083902649],[106.34644984184089,10.793392539011831],[106.34644798770587,10.793390265423763],[106.3464457884575,10.793388323691032],[106.34644330266849,10.793386765527897]]},"properties":{"OBJECTID":560,"maNhanDang":" ","phienBan":0,"ngayPhienBan":1787739118000,"giaTriDoChinhXacMatPhang":0,"nguyenNhanThayDoi":null,"maDoiTuong":"KG05","loaiTrangThaiDuongBoNuoc":1,"loaiDuongBoNuoc":"Phá","SHAPE_Length":333.41888608171098}},{"type":"Feature","id":561,"geometry":{"type":"LineString","coordinates":[[106.34727840353189,10.793825306638878],[106.34721593963479,10.793792503645895],[106.3472131024,10.793791301539676],[106.34721010436836,10.793790589664114],[106.34720702958667,10.793790387975928],[106.34720396425335,10.793790702129241],[106.347200994302,10.793791523317079],[106.34719820299219,10.793792828518264],[106.34719566857551,10.793794581142784],[106.34719346210181,10.793796732057565],[106.34719164542736,10.793799220963857],[106.34646838165152,10.795000093665481],[106.34646707921908,10.795002726382274],[106.3464662228866,10.795005536048201],[106.34646583551428,10.795008447657832],[106.34646592744323,10.795011383484296],[106.34646649621938,10.795014265154238],[106.34646752665891,10.795017015740047],[106.34646899125379,10.795019561813461],[106.34647085090587,10.795021835405782],[106.34647305597086,10.79502377582233],[106.34647554758342,10.795025331262714],[106.346538080939,10.795058018535402],[106.34654091676002,10.795059213939499],[106.34654391212439,10.795059920101012],[106.34654698327958,10.795060117275156],[106.34655004435386,10.795059799948797],[106.34655300975741,10.795058976994609],[106.34655579657542,10.795057671422985],[106.34655832688641,10.795055919738644],[106.34656052994112,10.795053770919944],[106.34656234414051,10.795051285049398],[106.34728553837084,10.793850526195293],[106.34728683934868,10.793847896892474],[106.34728769535165,10.793845090999469],[106.34728808358291,10.793842183242059],[106.34728799370319,10.793839251058865],[106.34728742810614,10.793836372538998],[106.34728640185459,10.793833624342424],[106.3472849422794,10.793831079658377],[106.34728308825157,10.793828806256199],[106.34728088914709,10.793826864680524],[106.34727840353189,10.793825306638878]]},"properties":{"OBJECTID":561,"maNhanDang":" ","phienBan":0,"ngayPhienBan":1787739118000,"giaTriDoChinhXacMatPhang":0,"nguyenNhanThayDoi":null,"maDoiTuong":"KG05","loaiTrangThaiDuongBoNuoc":1,"loaiDuongBoNuoc":"Phá","SHAPE_Length":337.20578715242408}},{"type":"Feature","id":562,"geometry":{"type":"LineString","coordinates":[[106.34659722209112,10.793467595160692],[106.34666187361707,10.793501545886359],[106.34666435922513,10.793503103936974],[106.34666655832177,10.793505045519602],[106.34666841234149,10.793507318926748],[106.34666987190873,10.79350986361389],[106.34667089815284,10.793512611811879],[106.34667146374326,10.793515490331746],[106.34667155361744,10.793518422513833],[106.34667116538185,10.793521330269373],[106.34667030937585,10.793524136160121],[106.34666900839626,10.793526765460649],[106.34594513239978,10.794728652610022],[106.34594331820938,10.794731138490514],[106.34594111515865,10.794733287317193],[106.34593858484759,10.794735039006239],[106.34593579802677,10.794736344578283],[106.34593283261913,10.794737167527936],[106.34592977154109,10.794737484844516],[106.34592670038413,10.794737287655467],[106.34592370502155,10.794736581474432],[106.34592086920736,10.794735386047103],[106.34585614639063,10.794701552848364],[106.34585365494885,10.794699997525226],[106.34585145002758,10.794698057258659],[106.34584959048617,10.794695783843187],[106.34584812596422,10.794693237966593],[106.34584709555648,10.794690487589882],[106.34584652676921,10.794687606133097],[106.34584643478591,10.794684670515403],[106.34584682206204,10.794681759101767],[106.34584767825946,10.794678949611036],[106.34584898052235,10.794676317041278],[106.34657292972183,10.793474312426021],[106.34657474623717,10.79347182368118],[106.34657695252349,10.793469672895398],[106.346579486731,10.793467920362621],[106.34658227781712,10.793466615212388],[106.34658524753807,10.79346579403256],[106.34658831264234,10.793465479843642],[106.34659138720448,10.793465681453432],[106.34659438503391,10.79346639321011],[106.34659722209112,10.793467595160692]]},"properties":{"OBJECTID":562,"maNhanDang":" ","phienBan":0,"ngayPhienBan":1787739118000,"giaTriDoChinhXacMatPhang":0,"nguyenNhanThayDoi":null,"maDoiTuong":"KG05","loaiTrangThaiDuongBoNuoc":1,"loaiDuongBoNuoc":"Phá","SHAPE_Length":338.03843883866443}},{"type":"Feature","id":563,"geometry":{"type":"LineString","coordinates":[[106.34655031248569,10.793442960379227],[106.34649021225711,10.793411400326589],[106.3464873751951,10.793410198422553],[106.34648437737135,10.793409486701451],[106.3464813028215,10.793409285114402],[106.34647823773197,10.793409599312334],[106.34647526802402,10.793410420487586],[106.34647247694511,10.793411725620796],[106.34646994273538,10.793413478126194],[106.34646773643432,10.793415628877177],[106.34646591988944,10.793418117583435],[106.34574185188174,10.794620317481153],[106.34574054953244,10.794622950208547],[106.3457396932651,10.794625759865735],[106.34573930593639,10.794628671453568],[106.34573939788538,10.794631607252034],[106.34573996665767,10.794634488894854],[106.34574099707082,10.794637239461341],[106.34574246161964,10.794639785529681],[106.34574432121045,10.794642059136795],[106.34574652620452,10.794643999592504],[106.34574901774322,10.794645555099555],[106.34580918377645,10.794677004858558],[106.34581201958862,10.794678200296758],[106.34581501495158,10.794678906486459],[106.34581808611053,10.794679103681542],[106.34582114719127,10.79467878636814],[106.34582411260145,10.794677963418808],[106.34582689942378,10.794676657844432],[106.34582942973455,10.794674906150819],[106.34583163278252,10.794672757317928],[106.34583344696718,10.794670271430324],[106.34655744725765,10.793468181764938],[106.34655874838548,10.793465552316396],[106.34655960451127,10.793462746254768],[106.34655999283478,10.793459838310804],[106.34655990301424,10.793456905928579],[106.34655933744169,10.793454027203001],[106.34655831117945,10.793451278800003],[106.3465568515588,10.793448733914778],[106.34655499745223,10.793446460322452],[106.34655279823811,10.793444518573111],[106.34655031248569,10.793442960379227]]},"properties":{"OBJECTID":563,"maNhanDang":" ","phienBan":0,"ngayPhienBan":1787739118000,"giaTriDoChinhXacMatPhang":0,"nguyenNhanThayDoi":null,"maDoiTuong":"KG05","loaiTrangThaiDuongBoNuoc":1,"loaiDuongBoNuoc":"Phá","SHAPE_Length":336.9629076170965}},{"type":"Feature","id":564,"geometry":{"type":"LineString","coordinates":[[106.34523136670452,10.794521256377374],[106.34651157898067,10.795173117719843]]},"properties":{"OBJECTID":564,"maNhanDang":" ","phienBan":0,"ngayPhienBan":1787739118000,"giaTriDoChinhXacMatPhang":0,"nguyenNhanThayDoi":null,"maDoiTuong":"KG05","loaiTrangThaiDuongBoNuoc":1,"loaiDuongBoNuoc":"Phá","SHAPE_Length":157.47585747964149}},{"type":"Feature","id":565,"geometry":{"type":"LineString","coordinates":[[106.34640594933225,10.795253229046091],[106.3452474333299,10.794655044428621]]},"properties":{"OBJECTID":565,"maNhanDang":" ","phienBan":0,"ngayPhienBan":1787739118000,"giaTriDoChinhXacMatPhang":0,"nguyenNhanThayDoi":null,"maDoiTuong":"KG05","loaiTrangThaiDuongBoNuoc":1,"loaiDuongBoNuoc":"Phá","SHAPE_Length":142.92833916490653}},{"type":"Feature","id":566,"geometry":{"type":"LineString","coordinates":[[106.35155042828711,10.776291306844287],[106.3512004356825,10.776864939351888],[106.35119866872738,10.776867079469588],[106.35119728556262,10.77686948552225],[106.35119632533954,10.776872089405083],[106.35119581523786,10.776874817413594],[106.35119576969629,10.776877592329834],[106.35119619000393,10.7768803356081],[106.35119706426372,10.776882969598228],[106.35119836772918,10.776885419743516],[106.35120006350495,10.776887616691106],[106.35120210359105,10.776889498255052],[106.35120443024159,10.776891011176536]]},"properties":{"OBJECTID":566,"maNhanDang":" ","phienBan":0,"ngayPhienBan":1787739118000,"giaTriDoChinhXacMatPhang":0,"nguyenNhanThayDoi":null,"maDoiTuong":"KG05","loaiTrangThaiDuongBoNuoc":1,"loaiDuongBoNuoc":"Phá","SHAPE_Length":77.470061608972259}},{"type":"Feature","id":567,"geometry":{"type":"LineString","coordinates":[[106.35187447200774,10.776497623523419],[106.35153334606683,10.777056721171533],[106.35153157901281,10.777058861432716],[106.35153019576767,10.777061267639413],[106.35152923548362,10.777063871684803],[106.3515287253412,10.777066599862312],[106.35152867977978,10.777069374951859],[106.35152910008898,10.777072118405522],[106.35152997437208,10.777074752570831],[106.35153127788283,10.77707720288868],[106.35153297372581,10.7770794000037],[106.3515350139008,10.777081281727337],[106.35153734066137,10.77708279479808]]},"properties":{"OBJECTID":567,"maNhanDang":" ","phienBan":0,"ngayPhienBan":1787739118000,"giaTriDoChinhXacMatPhang":0,"nguyenNhanThayDoi":null,"maDoiTuong":"KG05","loaiTrangThaiDuongBoNuoc":1,"loaiDuongBoNuoc":"Phá","SHAPE_Length":75.592791694633263}},{"type":"Feature","id":568,"geometry":{"type":"LineString","coordinates":[[106.35176900197226,10.776430471359065],[106.35142465496109,10.776994851460348],[106.35142288809716,10.776996991611684],[106.35142150501244,10.776999397673302],[106.35142054485299,10.777002001545359],[106.35142003479461,10.777004729529294],[106.35141998927377,10.777007504413747],[106.35142040957882,10.777010247659915],[106.35142128381369,10.777012881624467],[106.35142258723452,10.77701533175712],[106.35142428295001,10.777017528710664],[106.35142632296555,10.777019410303733],[106.35142864954166,10.777020923280752]]},"properties":{"OBJECTID":568,"maNhanDang":" ","phienBan":0,"ngayPhienBan":1787739118000,"giaTriDoChinhXacMatPhang":0,"nguyenNhanThayDoi":null,"maDoiTuong":"KG05","loaiTrangThaiDuongBoNuoc":1,"loaiDuongBoNuoc":"Phá","SHAPE_Length":76.274803408845813}},{"type":"Feature","id":569,"geometry":{"type":"LineString","coordinates":[[106.35166157822472,10.776362075296126],[106.35131426714577,10.776931310614073],[106.35131250016849,10.776933450999229],[106.35131111702842,10.77693585732025],[106.35131015687651,10.776938461464184],[106.35130964689068,10.776941189718528],[106.35130960150651,10.776943964857729],[106.35131002200863,10.77694670832912],[106.35131089649438,10.776949342476419],[106.35131220021069,10.776951792737853],[106.35131389625477,10.776953989756691],[106.35131593661866,10.776955871344457],[106.35131826354812,10.776957384241207]]},"properties":{"OBJECTID":569,"maNhanDang":" ","phienBan":0,"ngayPhienBan":1787739118000,"giaTriDoChinhXacMatPhang":0,"nguyenNhanThayDoi":null,"maDoiTuong":"KG05","loaiTrangThaiDuongBoNuoc":1,"loaiDuongBoNuoc":"Phá","SHAPE_Length":76.902389241089438}},{"type":"Feature","id":570,"geometry":{"type":"LineString","coordinates":[[106.35140847057998,10.77620092319064],[106.35103814560966,10.77677547919693],[106.35103675536294,10.776778087840498],[106.35103581151903,10.776780889084135],[106.35103533961028,10.776783807150167],[106.3510353524025,10.776786763100706],[106.35103584954965,10.776789676973035],[106.35103681760316,10.776792469942714],[106.35103823037581,10.776795066455891],[106.35104004965005,10.776797396273146],[106.3510422262119,10.776799396369571],[106.35104470118225,10.776801012639677]]},"properties":{"OBJECTID":570,"maNhanDang":" ","phienBan":0,"ngayPhienBan":1787739118000,"giaTriDoChinhXacMatPhang":0,"nguyenNhanThayDoi":null,"maDoiTuong":"KG05","loaiTrangThaiDuongBoNuoc":1,"loaiDuongBoNuoc":"Phá","SHAPE_Length":78.622772462530534}},{"type":"Feature","id":571,"geometry":{"type":"LineString","coordinates":[[106.35156592138385,10.783343206280149],[106.35077076940205,10.782911208529622],[106.34957016851915,10.782254237256947],[106.34900598728299,10.781944927225355],[106.3483260103644,10.781580371664496],[106.34785848104984,10.78132184747264]]},"properties":{"OBJECTID":571,"maNhanDang":" ","phienBan":0,"ngayPhienBan":1787739118000,"giaTriDoChinhXacMatPhang":0,"nguyenNhanThayDoi":null,"maDoiTuong":"KG05","loaiTrangThaiDuongBoNuoc":1,"loaiDuongBoNuoc":"Phá","SHAPE_Length":463.01397109711741}},{"type":"Feature","id":572,"geometry":{"type":"LineString","coordinates":[[106.35139242092974,10.783607347739625],[106.35108510369425,10.783436289060138],[106.35023387132129,10.782963412442461],[106.34838800916935,10.781953741558272],[106.3477002782313,10.781576844176975]]},"properties":{"OBJECTID":572,"maNhanDang":" ","phienBan":0,"ngayPhienBan":1787739118000,"giaTriDoChinhXacMatPhang":0,"nguyenNhanThayDoi":null,"maDoiTuong":"KG05","loaiTrangThaiDuongBoNuoc":1,"loaiDuongBoNuoc":"Phá","SHAPE_Length":462.03872882538161}},{"type":"Feature","id":573,"geometry":{"type":"LineString","coordinates":[[106.35145753605178,10.78350821368389],[106.34776082729167,10.781474719863384]]},"properties":{"OBJECTID":573,"maNhanDang":" ","phienBan":0,"ngayPhienBan":1787739118000,"giaTriDoChinhXacMatPhang":0,"nguyenNhanThayDoi":null,"maDoiTuong":"KG05","loaiTrangThaiDuongBoNuoc":1,"loaiDuongBoNuoc":"Phá","SHAPE_Length":462.63381733700811}},{"type":"Feature","id":574,"geometry":{"type":"LineString","coordinates":[[106.34893376904188,10.77925754301306],[106.34908002164319,10.779339665036245],[106.34919539870285,10.779401283928221],[106.3492509127735,10.779434374983602],[106.34930623705608,10.77945934760525],[106.34936898888621,10.779471820267329],[106.34945662947356,10.779460720153738],[106.34954316954108,10.779429505990118],[106.34962016990653,10.779341560108273],[106.34966195229447,10.779260423330211],[106.3496885996782,10.779136794362225],[106.34966939800802,10.778998504710048],[106.34963079746925,10.778862449558552],[106.34944889461802,10.778666578202099],[106.34934206617777,10.778566491608323]]},"properties":{"OBJECTID":574,"maNhanDang":" ","phienBan":0,"ngayPhienBan":1787739118000,"giaTriDoChinhXacMatPhang":0,"nguyenNhanThayDoi":null,"maDoiTuong":"KE03","loaiTrangThaiDuongBoNuoc":1,"loaiDuongBoNuoc":"Phá","SHAPE_Length":186.70746206404166}},{"type":"Feature","id":575,"geometry":{"type":"LineString","coordinates":[[106.35188529193979,10.780924417261376],[106.35182215444244,10.781024496845857],[106.35176828792056,10.781125941674464],[106.35175652768029,10.781134576945403],[106.35174161848943,10.78113320275332],[106.35172977867677,10.781128484673472],[106.35172428711562,10.781102864207947],[106.35172261091984,10.78108302254738],[106.35164675414957,10.781065314000498],[106.35166958943334,10.78096551164008],[106.35169485107656,10.780886661520702],[106.35171117340725,10.78086385562302],[106.3517303017785,10.780844154365131],[106.35175905785721,10.780803777606005],[106.35176497586009,10.780787237417226],[106.35176755157207,10.780772906100724],[106.35176742770052,10.780762107813308],[106.35167466144547,10.780692555064453],[106.35171341847592,10.780613185092069],[106.35175446873616,10.780554037106652],[106.35181957221936,10.780447570796142],[106.3518169306145,10.780425063926515],[106.3517206174197,10.780369721432233],[106.35167700652627,10.780308119642919],[106.35169175955107,10.780236441338641],[106.35176757184199,10.780121437648935],[106.3518017799681,10.780029786216996],[106.35184349850863,10.779958191131994],[106.35183217687799,10.779893036812398],[106.35187359820391,10.779809933153158],[106.35185748991742,10.779802379081145],[106.35181516730087,10.779836862179708],[106.35180719220075,10.779868258863136],[106.35176833068078,10.779923520410417],[106.35170909082447,10.780017336049667],[106.35159382039357,10.780075105682442],[106.35151256121937,10.780114257170139],[106.35145951065283,10.780225970900023],[106.3514289810151,10.780392673251388],[106.35138291174157,10.780368550992623],[106.35130602251928,10.78032352255787],[106.35114803247116,10.780226105413487],[106.35099859402071,10.780138878841656],[106.35074804955019,10.779986192793405],[106.35054201721404,10.77987006327543],[106.35045071258676,10.779804141762414],[106.35018467722374,10.779643236274072],[106.350101288734,10.779573221835561],[106.35005765970999,10.779503170138581],[106.3498943238541,10.779296258453966],[106.34988390811522,10.779291215681587],[106.34983038943652,10.779328414407233],[106.34969313566067,10.779534226560493],[106.34948885723458,10.77965246194028],[106.34938690677754,10.779617562181894],[106.34952503648262,10.779572334144538],[106.34962434428533,10.779487129705403],[106.34970544399856,10.779391409676252],[106.34976352753594,10.779313680512335],[106.34974837244036,10.779297978568199],[106.34971300596942,10.779266720080473],[106.34973738913288,10.779154085694095],[106.34979224567513,10.779086018528139],[106.3498335587025,10.779031096022798],[106.3499710826929,10.77891568393745],[106.34994269695349,10.778872559244947],[106.34982397105475,10.778848586471485],[106.34978458247372,10.778822525292338],[106.34984908288415,10.778748400080291],[106.34990958815416,10.778660811549205],[106.35006793917229,10.778742578782602],[106.35015635969297,10.778663751079005],[106.35005360646385,10.778620435938151],[106.3500127984607,10.778588681726227],[106.34985265932791,10.778499694187028],[106.34949015797015,10.778315842550947]]},"properties":{"OBJECTID":575,"maNhanDang":" ","phienBan":0,"ngayPhienBan":1787739118000,"giaTriDoChinhXacMatPhang":0,"nguyenNhanThayDoi":null,"maDoiTuong":"KE03","loaiTrangThaiDuongBoNuoc":1,"loaiDuongBoNuoc":"Phá","SHAPE_Length":853.03708066746367}},{"type":"Feature","id":576,"geometry":{"type":"LineString","coordinates":[[106.35167694429421,10.779593829270274],[106.35161489681825,10.779569575336184],[106.35156530447648,10.77962690999826],[106.35145182200945,10.779539760270081],[106.35137065808262,10.77948406999022],[106.35124776192984,10.779377037480558],[106.35113023223663,10.779283275683072],[106.35103237125776,10.779189584168545],[106.35096174081644,10.779068237724299],[106.35092320805381,10.778994285035143],[106.3508903568401,10.778931152398181],[106.35084067608729,10.77876880066084],[106.35081283949482,10.778633800679314],[106.35078249335373,10.778450608162292],[106.35074190101126,10.778278664388113],[106.35059456861917,10.777818864222457],[106.35050702453833,10.777656992640949],[106.35037254437803,10.777457782371345]]},"properties":{"OBJECTID":576,"maNhanDang":" ","phienBan":0,"ngayPhienBan":1787739118000,"giaTriDoChinhXacMatPhang":0,"nguyenNhanThayDoi":null,"maDoiTuong":"KE03","loaiTrangThaiDuongBoNuoc":1,"loaiDuongBoNuoc":"Phá","SHAPE_Length":298.23059409178632}},{"type":"Feature","id":577,"geometry":{"type":"LineString","coordinates":[[106.35010497493724,10.778139573897642],[106.35005988177535,10.778079920325803],[106.35001173718251,10.778052042620329],[106.34986521410005,10.777997503723434],[106.34979205105002,10.777977480394059],[106.34973930723336,10.777956115621063],[106.3497146920175,10.777935813855628]]},"properties":{"OBJECTID":577,"maNhanDang":" ","phienBan":0,"ngayPhienBan":1787739118000,"giaTriDoChinhXacMatPhang":0,"nguyenNhanThayDoi":null,"maDoiTuong":"KE03","loaiTrangThaiDuongBoNuoc":1,"loaiDuongBoNuoc":"Phá","SHAPE_Length":49.502612663307872}},{"type":"Feature","id":578,"geometry":{"type":"LineString","coordinates":[[106.35168086604864,10.7795951777978],[106.35167671124668,10.779607237474536],[106.35159953974001,10.779671350377974],[106.35176678041404,10.779798629722313],[106.35185243753149,10.779726273013198],[106.35182599254621,10.779712057748966],[106.35182339309166,10.779678547941637],[106.35193224166929,10.77972893873309],[106.35196372522685,10.779729492339792],[106.35201004923825,10.779702396955281],[106.35209101770073,10.779605418091736],[106.35211430971437,10.779545970065081],[106.3521545762095,10.779455131359958],[106.35222531422157,10.779336922468147],[106.35255546832593,10.778772205658493],[106.35261547203206,10.778680185734187],[106.3526705103116,10.778656957307888]]},"properties":{"OBJECTID":578,"maNhanDang":" ","phienBan":0,"ngayPhienBan":1787739118000,"giaTriDoChinhXacMatPhang":0,"nguyenNhanThayDoi":null,"maDoiTuong":"KE03","loaiTrangThaiDuongBoNuoc":1,"loaiDuongBoNuoc":"Phá","SHAPE_Length":215.2423771394611}},{"type":"Feature","id":579,"geometry":{"type":"LineString","coordinates":[[106.35009133240446,10.779457630650398],[106.35015624108362,10.779530436583892],[106.35023385272183,10.779396669749369],[106.35020666049087,10.779373543203004],[106.35013117210121,10.779401202927469],[106.35009133240446,10.779457630650398]]},"properties":{"OBJECTID":579,"maNhanDang":" ","phienBan":0,"ngayPhienBan":1787739118000,"giaTriDoChinhXacMatPhang":0,"nguyenNhanThayDoi":null,"maDoiTuong":"KE03","loaiTrangThaiDuongBoNuoc":1,"loaiDuongBoNuoc":"Phá","SHAPE_Length":48.130907663292177}},{"type":"Feature","id":580,"geometry":{"type":"LineString","coordinates":[[106.35017744680923,10.779558635866314],[106.35024700342281,10.779607937106347],[106.35034305688418,10.779446713257029],[106.35026035824222,10.779426712155823],[106.35017744680923,10.779558635866314]]},"properties":{"OBJECTID":580,"maNhanDang":" ","phienBan":0,"ngayPhienBan":1787739118000,"giaTriDoChinhXacMatPhang":0,"nguyenNhanThayDoi":null,"maDoiTuong":"KE03","loaiTrangThaiDuongBoNuoc":1,"loaiDuongBoNuoc":"Phá","SHAPE_Length":56.546580912292143}},{"type":"Feature","id":581,"geometry":{"type":"LineString","coordinates":[[106.35026675093906,10.779631177524367],[106.35037506189151,10.779463085901217],[106.35044798249524,10.77954233510906],[106.35036098746735,10.779683492183626],[106.35026675093906,10.779631177524367]]},"properties":{"OBJECTID":581,"maNhanDang":" ","phienBan":0,"ngayPhienBan":1787739118000,"giaTriDoChinhXacMatPhang":0,"nguyenNhanThayDoi":null,"maDoiTuong":"KE03","loaiTrangThaiDuongBoNuoc":1,"loaiDuongBoNuoc":"Phá","SHAPE_Length":63.998130573399528}},{"type":"Feature","id":582,"geometry":{"type":"LineString","coordinates":[[106.35038344705903,10.779711334614111],[106.35048067422423,10.779551790070382],[106.35056475579447,10.779599620142104],[106.35046113335702,10.779753602446608],[106.35038344705903,10.779711334614111]]},"properties":{"OBJECTID":582,"maNhanDang":" ","phienBan":0,"ngayPhienBan":1787739118000,"giaTriDoChinhXacMatPhang":0,"nguyenNhanThayDoi":null,"maDoiTuong":"KE03","loaiTrangThaiDuongBoNuoc":1,"loaiDuongBoNuoc":"Phá","SHAPE_Length":61.366058508165906}},{"type":"Feature","id":583,"geometry":{"type":"LineString","coordinates":[[106.35048832564192,10.779776728967203],[106.35058510813346,10.779617984476587],[106.35062601613568,10.779639200255776],[106.35052599688022,10.779796182619926],[106.35048832564192,10.779776728967203]]},"properties":{"OBJECTID":583,"maNhanDang":" ","phienBan":0,"ngayPhienBan":1787739118000,"giaTriDoChinhXacMatPhang":0,"nguyenNhanThayDoi":null,"maDoiTuong":"KE03","loaiTrangThaiDuongBoNuoc":1,"loaiDuongBoNuoc":"Phá","SHAPE_Length":50.723309861170613}},{"type":"Feature","id":584,"geometry":{"type":"LineString","coordinates":[[106.34955994785324,10.778197721038856],[106.34961627107204,10.778227633478139],[106.35012902634968,10.778491844810976],[106.35014513527713,10.778444402767446],[106.35014029788685,10.778365809958693],[106.35013365651236,10.778244348371143],[106.35010497493724,10.778139573897642]]},"properties":{"OBJECTID":584,"maNhanDang":" ","phienBan":0,"ngayPhienBan":1787739118000,"giaTriDoChinhXacMatPhang":0,"nguyenNhanThayDoi":null,"maDoiTuong":"KE03","loaiTrangThaiDuongBoNuoc":1,"loaiDuongBoNuoc":"Phá","SHAPE_Length":109.93104115771028}}]
}